,Type,Site,Impurity,AB,(+2/+1)_DFT,train_mean,train_std
0,IV-IV,M_i_neut,Cl,GeC,-0.5,0.37233373066129183,0.07340146453811346
1,III-V,M_i_neut,Te,BAs,0.477692,0.1618516608338429,0.044202637583875604
2,IV-IV,M_i_B,Cd,GeC,1.441789,0.738885842902678,0.05845685220756972
3,III-V,M_i_B,Zr,BP,0.548323,0.37885054239087285,0.04860977060066111
4,III-V,M_B,Ag,GaN,1.614444,1.0152733259711546,0.07137287082303585
5,III-V,M_i_neut,Bi,BSb,0.779367,0.0882645163297517,0.037520038307796495
6,II-VI,M_B,Ca,ZnS,1.806255,1.5039558837061355,0.079342330734489
7,II-VI,M_B,V,CdO,0.5828180000000001,0.3500198446967084,0.10508994332838649
8,IV-IV,M_i_neut,S,SnC,-0.39426100000000003,0.38621294726605643,0.04041807876243756
9,II-VI,M_i_neut,Zr,ZnS,1.7278490000000002,1.2662420096179,0.035983711471592815
10,IV-IV,M_i_neut,Br,SnC,-0.2,0.32980365657942645,0.07617855537290388
11,II-VI,M_i_A,Ta,ZnS,1.378882,1.126321310308805,0.03501281846315402
12,IV-IV,M_i_neut,Cd,SnC,0.989869,0.6120965062986814,0.0384455709397288
13,IV-IV,M_i_B,Mg,SnC,0.9232239999999999,0.6070765185420104,0.052167064199400585
14,III-V,M_i_B,Cs,InN,-0.646817,0.39477653285107583,0.0877260592775067
15,IV-IV,M_i_neut,Re,GeC,1.110141,0.6681388082730113,0.054056399118205326
16,II-VI,M_B,Hf,CdSe,0.147587,0.5128457504982252,0.04545678267137512
17,III-V,M_i_B,Ta,BP,0.32305300000000003,0.25321846712555074,0.04678956773439608
18,II-VI,M_i_A,Ta,CdO,1.215257,0.7426607137706214,0.045407929860601486
19,IV-IV,M_B,Nb,GeC,-0.21256999999999998,0.37922815452046527,0.08296589002752887
20,II-VI,M_i_A,In,ZnO,1.086175,0.7538442586282754,0.044347334105946844
21,II-VI,M_A,Re,ZnO,1.046271,0.3980958750695244,0.05459014160338348
22,II-VI,M_i_A,Si,CdO,1.202083,0.45346997347403606,0.03591152319634243
23,IV-IV,M_i_A,Mo,GeC,0.385629,0.5734612489275026,0.049587370175625776
24,IV-IV,M_A,Rb,SiC,-0.17192000000000002,-0.010931562161443809,0.08052516443436891
25,IV-IV,M_i_A,Sn,SnC,1.265555,0.7884250720136784,0.04043848556927408
26,IV-IV,M_B,Sc,SiC,1.2181819999999999,0.3795851502188915,0.06278615294653307
27,III-V,M_i_A,S,BAs,-0.023791,-0.07173214041367845,0.05201842372053695
28,III-V,M_B,Zr,AlP,0.699954,0.6110598567984524,0.05347349559853994
29,IV-IV,M_B,Nb,SnC,-0.027769,0.23089805295266813,0.08512897215408823
30,II-VI,M_i_A,Ta,CdS,1.362955,0.9795709806805171,0.038185066710794725
31,II-VI,M_i_A,Y,ZnS,1.934607,1.6415580383144246,0.036271069816364424
32,IV-IV,M_i_B,Ir,SiC,-0.798557,0.45532728261768324,0.049172375282485234
33,III-V,M_i_A,Au,BP,-0.383868,-0.18182465583966337,0.054115052252978066
34,IV-IV,M_i_B,Ru,GeC,0.07901799999999999,0.55169307101089,0.0535321007917661
35,IV-IV,M_i_B,Ta,SnC,1.029305,0.8275063436401012,0.04532057983408794
36,IV-IV,M_i_B,Si,SnC,0.941161,0.6456604329450604,0.04535403460008131
37,II-VI,M_i_B,Ga,ZnO,1.081754,0.6329993456699003,0.04110249368881756
38,II-VI,M_B,Na,CdS,1.156852,0.2221715024553109,0.08373472909079151
39,II-VI,M_i_A,Mo,CdS,1.3714309999999998,0.649281063008472,0.03662912562771888
40,II-VI,M_i_neut,Pb,ZnS,1.5442040000000001,0.8309344116150559,0.03675110787476743
41,IV-IV,M_B,I,SiC,1.425399,0.3996576497520536,0.07192349580432199
42,II-VI,M_i_neut,La,ZnSe,1.547015,1.2656844488134524,0.04203210273214733
43,II-VI,M_i_A,Tc,CdO,1.025888,0.5243586569730525,0.04811248210566981
44,II-VI,M_B,Zr,CdTe,-0.141797,0.20755002406635176,0.027682136075807464
45,II-VI,M_B,La,CdTe,0.46399799999999997,0.4924362054627597,0.03940269080070248
46,II-VI,M_B,W,CdTe,0.43958800000000003,-0.18119782879264396,0.04223187984217534
47,IV-IV,M_i_A,Ru,SiC,1.147693,0.4555580076975729,0.046781239984233405
48,III-V,M_i_neut,Cl,BSb,-0.440594,-0.22797614239236444,0.06409272743193625
49,II-VI,M_i_B,Al,ZnS,1.53579,0.9188238115503902,0.041604709554603776
50,IV-IV,M_i_B,Al,GeC,1.54559,0.631756733174942,0.04859611836730963
51,III-V,M_i_neut,Pt,BP,-0.335081,0.04930133657201137,0.04827609325363943
52,III-V,M_i_neut,Ag,BP,-0.318707,-0.322989569975592,0.04348102257526479
53,III-V,M_i_A,Ba,GaP,1.082864,0.937319862937035,0.058850600670489604
54,II-VI,M_B,Nb,CdTe,-0.222165,0.020636221035584816,0.022519671122412828
55,IV-IV,M_i_A,Tc,SiC,-0.135876,0.5115550949805631,0.04104064438628459
56,II-VI,M_B,Y,CdTe,0.307621,0.5481098767468058,0.04493763931924541
57,III-V,M_i_B,I,AlP,0.23291900000000001,0.5096757939755696,0.06316244203232015
58,II-VI,M_B,Ca,CdSe,1.109877,0.74096425775782,0.09427086212914333
59,III-V,M_i_A,Be,GaN,1.59832,1.0912608935539156,0.053585371031281866
60,III-V,M_B,I,InN,0.8675879999999999,1.1844376988361032,0.09309579978613759
61,IV-IV,M_i_A,B,SiC,0.345966,0.1404014199097668,0.04368360561866057
62,II-VI,M_B,Co,ZnS,-0.758458,0.25161379879184087,0.04883523494703475
63,III-V,M_i_A,W,BP,-0.139606,-0.12038116127743252,0.05008178887337072
64,III-V,M_B,Ba,InP,1.172959,0.329102286200347,0.06056613372955258
65,III-V,M_B,La,GaAs,0.208497,-0.0244007579992022,0.054385558373829315
66,II-VI,M_B,Si,ZnS,-0.41597,0.18306694653961714,0.05651930835849073
67,II-VI,M_i_B,Sn,CdO,0.966959,0.5961948110920448,0.030369348169969796
68,III-V,M_i_B,Tc,BAs,-0.37057199999999996,-0.22950513311569587,0.0495200587671477
69,II-VI,M_B,Os,CdSe,-0.58324,-0.11034884795721829,0.044230491839561396
70,II-VI,M_B,Mo,CdTe,0.016602000000000002,-0.20445471168597695,0.02975500115575411
71,II-VI,M_B,Re,CdTe,-0.46622299999999994,0.04593284337966536,0.03767937131186753
72,II-VI,M_i_A,Ba,ZnSe,1.54524,1.3163338477496125,0.055383936753408546
73,II-VI,M_B,Ti,CdTe,-0.16609200000000002,0.12780884768002684,0.027602869006122743
74,II-VI,M_B,Sc,CdTe,0.0014810000000000001,0.40676772404103295,0.04388626574152593
75,II-VI,M_i_A,Cl,ZnO,-0.45910500000000004,-0.3863894106284976,0.07569865240756175
76,II-VI,M_B,Ta,CdTe,-0.300721,0.1469507225346171,0.03235732888691924
77,II-VI,M_B,Ba,CdTe,1.08301,0.5748204431125397,0.05027104886814651
78,IV-IV,M_i_neut,O,GeC,-0.829643,0.07849555938133411,0.07383336028289499
79,II-VI,M_i_A,Sc,ZnS,1.8399,1.496754522345903,0.04206867022521017
80,II-VI,M_i_neut,Ti,ZnS,1.452345,1.268314951073027,0.03994115148758482
81,IV-IV,M_B,Sb,SiC,0.025472,0.3363128253919984,0.07190313470016352
82,III-V,M_A,Hf,BAs,-0.445454,0.060629937761170094,0.09167151259078765
83,II-VI,M_i_neut,Cs,CdS,-0.24619899999999997,0.3822798521393283,0.0782431279643836
84,IV-IV,M_i_B,C,SnC,-0.270398,0.16230750972329694,0.05794286282959935
85,IV-IV,M_B,Te,SnC,1.1541139999999999,0.2464494754340622,0.08649523429805293
86,IV-IV,M_i_B,F,GeC,-0.801856,0.14050079519232064,0.07973301233470376
87,II-VI,M_i_neut,Cs,ZnSe,-0.260784,0.24527569981105,0.08250481328500245
88,IV-IV,M_A,Pb,SnC,-0.64685,-0.36447039116722296,0.05110780341494966
89,II-VI,M_i_B,Ir,CdS,0.7508060000000001,0.5124141701471951,0.03752070965306083
90,II-VI,M_i_B,Bi,ZnSe,1.258895,0.7504283711038933,0.031075608666589476
91,II-VI,M_i_B,Mg,ZnS,2.03071,1.7744638230905672,0.0549146957329651
92,II-VI,M_B,Sr,CdTe,0.988283,0.7389507721577238,0.05751442597632916
93,II-VI,M_i_neut,Na,ZnO,-0.724644,-0.4157060477443846,0.09212721523980515
94,IV-IV,M_i_neut,Zn,SiC,1.0171059999999998,0.4871696265092543,0.04382396766005586
95,IV-IV,M_i_B,Al,SiC,1.313648,0.517868425861806,0.04315355018180336
96,II-VI,M_B,I,ZnO,-0.501996,-0.30358834998725515,0.09140442428694892
97,IV-IV,M_A,Rh,GeC,-0.8523440000000001,-0.42200732517693984,0.0543205528022919
98,II-VI,M_B,Ca,CdTe,0.797962,0.6478868640857408,0.055591940271592775
99,II-VI,M_i_neut,Ir,ZnS,0.008024,0.4887648323648552,0.04174019865096781
100,IV-IV,M_i_B,C,SiGe,0.645027,-0.150139149058727,0.038586186046802404
101,IV-IV,M_B,Re,SnC,-0.247081,0.16722193429209636,0.08529005838306991
102,III-V,M_i_B,C,AlAs,0.7640819999999999,0.004940098994589613,0.051999772013797636
103,III-V,M_A,Te,BP,0.439867,0.5061591342713472,0.11703601202695693
104,II-VI,M_i_B,C,CdTe,0.5931270000000001,-0.19268139658499178,0.04539007801005235
105,III-V,M_i_neut,Pb,AlP,1.261571,0.7479087000373058,0.04402888734974444
106,IV-IV,M_B,Li,GeC,0.47500299999999995,-0.2485065437742021,0.10058339247373778
107,II-VI,M_i_B,Y,CdO,0.713163,1.104760210634138,0.04270356890291689
108,II-VI,M_i_A,C,CdTe,-0.288564,-0.21217552477076929,0.05384712479334391
109,II-VI,M_i_A,W,CdTe,0.820782,0.2861343319167845,0.0330252418852607
110,IV-IV,M_A,As,SnC,-0.5885670000000001,-0.562396247147076,0.04646966265987533
111,III-V,M_i_B,Pb,GaP,1.34514,0.5191493828721845,0.03830387088198773
112,IV-IV,M_i_neut,W,SnC,0.37891199999999997,0.4932435037242433,0.04615952091599899
113,II-VI,M_i_A,C,ZnTe,-0.24450500000000003,-0.20821119740172223,0.0536712997256201
114,II-VI,M_i_neut,W,ZnTe,0.502154,0.38502794507672516,0.0356132043273376
115,II-VI,M_i_neut,In,CdO,0.458618,0.6821062007388042,0.040444527743758105
116,II-VI,M_i_B,Sb,CdTe,0.852759,0.519869163246583,0.022225189549839444
117,II-VI,M_i_A,Re,CdTe,0.29133600000000004,0.5439477829744149,0.0301135141841933
118,II-VI,M_B,Os,CdTe,-1.3417540000000001,-0.30552535184160945,0.038108844513069735
119,II-VI,M_i_neut,C,CdTe,0.33,-0.20841532053569306,0.05674757989923577
120,IV-IV,M_B,Bi,GeC,-0.12308599999999999,0.2989985653042108,0.08025894143787075
121,II-VI,M_i_B,Re,CdTe,0.9085719999999999,0.5921073699526861,0.03237547380057787
122,II-VI,M_B,Ru,CdTe,-0.491832,-0.3341901120140946,0.03143989182902286
123,II-VI,M_A,O,CdS,-0.327369,-0.44235048849178826,0.04641849625039355
124,II-VI,M_i_A,Al,CdS,0.6676989999999999,0.7244884411367811,0.04919951063447549
125,II-VI,M_A,Ru,CdO,0.274543,-0.09447786013344607,0.03565552122568115
126,II-VI,M_i_A,Pb,CdO,0.769054,0.5145642291244057,0.03662180344983586
127,II-VI,M_B,Tc,CdTe,-0.33363000000000004,-0.10430727759292906,0.032685592610946404
128,II-VI,M_B,V,CdTe,-0.136312,-0.0009311520555157187,0.022703924965125324
129,II-VI,M_B,Rh,CdTe,-0.544451,-0.3637177381687935,0.02824731786258021
130,II-VI,M_i_B,Zr,CdTe,1.118627,0.7259822247284828,0.026762650167189685
131,II-VI,M_i_B,W,CdTe,0.520338,0.32728527433031607,0.028629493959926533
132,IV-IV,M_i_neut,Sr,Si,0.38416300000000003,0.276715366548554,0.056041590323890444
133,II-VI,M_i_A,Be,CdS,1.105041,0.8684190369770466,0.03901101743449064
134,II-VI,M_i_neut,La,CdTe,1.08936,0.969762921987963,0.032372722258972114
135,IV-IV,M_i_A,C,Si,-0.26928,-0.25660644802873345,0.04602913796305926
136,II-VI,M_i_A,Sb,CdTe,0.706997,0.4943368180757378,0.02066901021074562
137,II-VI,M_i_neut,W,CdTe,0.578331,0.3002364559150631,0.03266117323845248
138,II-VI,M_i_neut,Sb,CdTe,0.25309,0.5056049524642557,0.020431941047962202
139,III-V,M_i_A,Tc,InP,0.096198,0.3775684051546432,0.036481559027917124
140,IV-IV,M_B,Au,GeC,0.799966,-0.035125511296227374,0.08132223583439332
141,III-V,M_i_B,Ti,BAs,0.125378,-0.04638543166244644,0.05294520760528709
142,II-VI,M_i_B,La,CdSe,1.216485,1.0912938448946445,0.0343336029963912
143,III-V,M_i_B,Mg,GaN,1.6860330000000001,1.2775294170219433,0.05894366889187302
144,II-VI,M_i_neut,Zr,CdTe,0.977191,0.7106960828664358,0.027505711910215
145,II-VI,M_B,Cd,CdS,1.342753,0.44650787504669154,0.06482433238436619
146,II-VI,M_i_A,Sn,CdS,1.517659,0.8151384894124055,0.02707291613408781
147,II-VI,M_B,Hf,CdTe,-0.20947,0.29776650601836996,0.025517722465889976
148,II-VI,M_i_B,Rb,CdS,-0.30447199999999996,0.38497574156364794,0.05647221406925142
149,II-VI,M_i_B,Os,CdTe,0.358293,0.21661825796519155,0.02904232397478167
150,II-VI,M_i_neut,Y,CdTe,1.09134,0.9936300118405438,0.02862185935754607
151,II-VI,M_B,Zn,CdS,1.289857,0.40068582308929895,0.0562115777026929
152,II-VI,M_i_B,Be,ZnO,0.706328,1.1623503096238106,0.06433046255788472
153,II-VI,M_i_neut,Nb,CdTe,1.053943,0.547472817351491,0.025150948812621966
154,IV-IV,M_i_A,Pb,Si,0.504459,0.023841379412032935,0.048482161808777346
155,II-VI,M_B,C,CdTe,-0.6180979999999999,-0.6002710226116299,0.05043684214906523
156,II-VI,M_i_A,Mo,CdTe,0.466553,0.28800387746656436,0.025055503301284233
157,II-VI,M_B,Rh,ZnSe,-0.504033,-0.1808621902846477,0.04174545135539388
158,II-VI,M_i_B,Nb,CdTe,0.8639450000000001,0.5624844054111058,0.02477847426258272
159,III-V,M_i_neut,Sr,AlAs,1.325201,0.7843013601018528,0.06085986743738221
160,IV-IV,M_i_A,Fe,SnC,0.251772,0.6634445142677595,0.047867015866964034
161,II-VI,M_i_neut,Re,CdTe,0.51408,0.571309044161034,0.03304009706689037
162,II-VI,M_i_B,La,CdTe,1.1963489999999999,0.9847577911867079,0.03492703348804355
163,II-VI,M_B,C,ZnSe,-0.765305,-0.4542067651488084,0.05811743502083108
164,II-VI,M_i_A,Os,CdTe,0.594282,0.17797061675440629,0.0252302363149652
165,IV-IV,M_i_neut,Ta,SiGe,0.050461,0.15975438472616782,0.04099108305406482
166,II-VI,M_i_B,Ag,ZnO,-0.555833,-0.08092585917138151,0.04572532390463344
167,II-VI,M_i_B,Sr,CdO,0.44020299999999996,1.111467444438953,0.04105943757487235
168,III-V,M_i_B,Hf,InP,1.123518,0.6347112204109628,0.0288815246378421
169,II-VI,M_i_B,Ta,CdTe,1.052096,0.6731311188057303,0.027405430706039045
170,II-VI,M_B,Cr,CdTe,-0.094329,-0.09742512610943813,0.029221162342699256
171,IV-IV,M_B,Pd,SiC,1.346731,0.06323522854737955,0.07626658448727339
172,III-V,M_i_B,B,AlP,0.339683,0.06752915280367736,0.048732052586197984
173,II-VI,M_i_A,Nb,CdTe,0.969525,0.5427085298764551,0.023485456040773244
174,III-V,M_i_B,Ta,InAs,0.766763,0.3460632436925497,0.03836230684023104
175,III-V,M_i_B,W,InAs,0.604434,0.04227777136870979,0.0404968409519605
176,III-V,M_i_A,Te,AlAs,0.52063,0.5539529646052307,0.040009393386208285
177,II-VI,M_i_B,Ti,CdS,1.433617,1.0279762610857683,0.03727803982932567
178,II-VI,M_i_A,Zr,ZnTe,0.616394,0.8664311040777897,0.04901965165101286
179,II-VI,M_i_A,Zr,CdTe,0.763865,0.7000744848606087,0.029698207816586393
180,III-V,M_i_neut,Mo,AlP,0.23025500000000002,0.5379116496421956,0.03612952852044201
181,III-V,M_B,Mg,GaP,0.375981,0.5175428476108792,0.05786346038624867
182,II-VI,M_A,Sb,ZnO,-0.098812,-0.0803016724602638,0.04770675256976675
183,II-VI,M_B,Rb,CdTe,1.3812799999999998,0.04979922480673958,0.056975213004845336
184,II-VI,M_A,Ir,CdO,0.39258899999999997,-0.12753486267142153,0.052188469803366284
185,II-VI,M_i_B,Rh,CdS,0.506184,0.5153151843172334,0.034343756780488566
186,II-VI,M_i_neut,Ta,CdTe,1.01359,0.6496903017442656,0.030751170405786028
187,IV-IV,M_A,Bi,SiC,-0.679389,-0.21389844121423907,0.059374536922145886
188,II-VI,M_i_neut,Sc,CdTe,1.0442870000000002,0.8736053264775405,0.028684246649343544
189,II-VI,M_B,Fe,CdTe,-0.41184799999999994,-0.09019562594075713,0.028518605671214108
190,II-VI,M_i_B,As,ZnSe,0.9031889999999999,0.6286438876646375,0.024334042351950934
191,II-VI,M_B,Co,CdTe,-0.491435,-0.15715417666815804,0.0254458129851187
192,II-VI,M_i_neut,Ga,CdS,0.5776680000000001,0.7962430984837452,0.03404703469959915
193,II-VI,M_i_neut,Mo,CdTe,0.240517,0.29607970688110247,0.02461410806281718
194,II-VI,M_i_neut,Co,CdO,-0.225505,0.34264218402312163,0.02940536774755301
195,II-VI,M_B,K,CdTe,1.225882,0.09412994947865569,0.05961865332964716
196,II-VI,M_i_B,Y,CdTe,1.282534,1.0137912308186938,0.02936597573539671
197,II-VI,M_i_A,Te,ZnSe,0.41061899999999996,0.3250342826493008,0.026072812667103852
198,II-VI,M_B,B,CdTe,-0.557723,-0.31353548867908343,0.042793152079127615
199,II-VI,M_B,Be,CdTe,0.192383,0.18352829091582973,0.04058336672343101
200,III-V,M_i_neut,W,GaSb,0.023424,-0.05388649123419211,0.038008797551092426
201,II-VI,M_i_A,Zn,ZnS,1.144212,1.0396003793389912,0.0380075907970724
202,II-VI,M_A,Zr,CdS,1.212885,0.5263712028703411,0.0471061061990143
203,II-VI,M_B,Li,ZnTe,0.394805,-0.45985894249242304,0.1217044538178272
204,II-VI,M_i_neut,Ba,CdTe,1.191054,0.8687840879680134,0.04682883823296503
205,II-VI,M_i_neut,As,CdS,0.635781,0.7188771480803957,0.03180533822603905
206,III-V,M_B,Hf,InSb,-0.32206999999999997,0.0007127303622899959,0.04774179342644778
207,II-VI,M_i_B,Mo,CdTe,0.248383,0.31016543078884484,0.02536742595706628
208,II-VI,M_i_A,Ta,CdTe,0.994433,0.6301968946021831,0.028832732400371607
209,III-V,M_i_A,Cl,GaP,-0.42879799999999996,-0.2002427755301003,0.06617137592556548
210,IV-IV,M_i_neut,La,Ge,0.204209,0.5418686585024695,0.043352804647199615
211,II-VI,M_B,Mg,CdTe,0.700176,0.3971937342224861,0.042708020191555306
212,II-VI,M_B,Mn,CdTe,0.107217,-0.036133992316378004,0.02839856258736239
213,II-VI,M_i_B,B,CdSe,1.509491,0.08661753839873862,0.039851958392361775
214,IV-IV,M_B,Rh,SiC,-0.528389,0.1244719637494945,0.08307215509105285
215,II-VI,M_i_A,La,CdTe,1.14782,0.9506945263961498,0.029950899552580523
216,II-VI,M_i_neut,Os,CdTe,0.115854,0.19440573661261223,0.02882451745439165
217,IV-IV,M_B,Rb,SiGe,0.045813,0.013289395421964098,0.05966567040138827
218,II-VI,M_B,Cs,CdTe,1.2665959999999998,0.06275732562086299,0.07391354078693241
219,III-V,M_i_B,Zr,InN,1.3189950000000001,1.1086668920415612,0.060872590295104306
220,II-VI,M_B,Si,CdSe,-0.359744,0.028001265898412796,0.04015524803274395
221,II-VI,M_B,Ir,CdTe,-0.526791,-0.26104922743112174,0.03297686327971484
222,II-VI,M_i_B,Ti,CdTe,1.1718790000000001,0.6662330317470426,0.02744815150053632
223,II-VI,M_i_A,B,CdTe,-0.43830699999999995,-0.05703463286402344,0.04361076846327298
224,III-V,M_i_neut,Ir,InP,0.243702,0.28559177153581794,0.04588349400474873
225,II-VI,M_i_B,Ru,CdTe,0.135382,0.2503378517183198,0.023411274804960518
226,II-VI,M_i_neut,I,ZnSe,0.194456,-0.17542559556093534,0.050465042034867014
227,IV-IV,M_i_neut,Zr,Ge,0.117651,0.241261998267511,0.030522606486388878
228,II-VI,M_i_A,Y,CdTe,1.1852690000000001,0.9867571909747038,0.031907409811623745
229,II-VI,M_i_B,Sc,CdTe,1.261539,0.8758745326727357,0.031853057598086355
230,III-V,M_i_B,In,AlAs,0.652046,0.476063584032217,0.03109935925231902
231,II-VI,M_i_neut,B,CdTe,-0.24558400000000002,-0.05958349462772079,0.043800805664293146
232,III-V,M_i_B,Os,GaSb,-0.060677999999999996,-0.08008626182064708,0.04137741884913829
233,II-VI,M_i_neut,Ti,CdTe,0.982007,0.6592997233672622,0.025405729838423582
234,II-VI,M_B,Tl,ZnSe,0.8667239999999999,0.38117521962362516,0.042606585170596185
235,IV-IV,M_i_neut,Rb,SiSn,-0.15953299999999998,-0.009175559166325328,0.05508217771541741
236,II-VI,M_i_neut,Cd,CdS,1.1386,0.8691061665963875,0.0331079976578584
237,IV-IV,M_i_B,As,SiGe,0.089318,0.16808611857686123,0.029912814173925138
238,II-VI,M_A,C,CdSe,0.317474,-0.6258365965406008,0.05263205225204092
239,III-V,M_i_B,Zn,BSb,0.108083,-0.16862338430332263,0.04402119857442396
240,II-VI,M_i_neut,Sr,CdTe,1.138978,1.0060520948124558,0.030786950185247308
241,II-VI,M_i_A,Bi,CdSe,1.148915,0.6453204153875475,0.03412159132771328
242,II-VI,M_i_neut,K,CdO,-0.386811,0.048008414899525856,0.049608132290685475
243,II-VI,M_i_A,Sc,CdTe,1.020046,0.8675105830271658,0.031190644797440475
244,II-VI,M_i_B,Ba,CdTe,1.181095,0.8796687213570344,0.049082607457535295
245,II-VI,M_B,Li,CdTe,0.39112399999999997,-0.4014192314358912,0.07764351419647088
246,II-VI,M_i_B,Rh,CdTe,0.07774099999999999,0.17791632891958584,0.0170346689296031
247,IV-IV,M_i_B,P,SiGe,-0.039968000000000004,0.21202407624518943,0.03140300645549982
248,II-VI,M_i_A,Cu,ZnO,-0.360142,-0.05101909850575699,0.05151234561447528
249,II-VI,M_i_neut,Se,ZnS,0.763452,0.43917205469137394,0.041186736822319714
250,II-VI,M_i_A,Rh,CdTe,-0.352086,0.15328847455133382,0.02173575531324135
251,II-VI,M_i_B,Br,CdO,-0.19964500000000002,0.1233370194348696,0.06404370883814842
252,II-VI,M_i_B,B,CdTe,0.243596,-0.045187568295537016,0.04009077721610244
253,IV-IV,M_i_B,N,GeC,0.218914,0.0753843862747632,0.059997449645231675
254,II-VI,M_i_neut,Ru,CdTe,-0.129613,0.2355991136948931,0.021484465871350375
255,II-VI,M_i_A,Ru,CdTe,-0.152951,0.224592336414704,0.023469994767432972
256,IV-IV,M_i_A,Tl,SiGe,-0.195278,-0.04433865453017294,0.030051382016376124
257,II-VI,M_i_B,Te,CdS,0.49813900000000005,0.644538433018202,0.028645119060727652
258,II-VI,M_i_B,Tc,CdTe,0.756898,0.4293520348243124,0.027308276359881107
259,II-VI,M_A,C,CdTe,-0.200525,-0.797852357115559,0.0594645144752164
260,II-VI,M_i_A,Tc,CdTe,0.20532899999999998,0.40978054198432934,0.02887987249421933
261,III-V,M_i_B,Cd,GaP,0.9950049999999999,0.5177293464415381,0.03810948441825878
262,II-VI,M_B,Na,CdTe,0.566575,-0.04629235464893732,0.06456801020873291
263,II-VI,M_i_A,Li,ZnS,-0.675687,-0.003422546998074645,0.19148832625496454
264,III-V,M_i_B,B,AlSb,-0.37695300000000004,-0.16460724785559408,0.04770401896052827
265,II-VI,M_i_B,Mn,ZnS,1.43066,1.0987885272834585,0.039325796708922944
266,III-V,M_B,Os,AlSb,-0.602757,-0.15186348399390764,0.04413773684115133
267,III-V,M_i_neut,In,InN,0.7389100000000001,0.9047870642487157,0.06069975168486959
268,III-V,M_i_A,Mn,BSb,-0.188047,-0.3056276702605528,0.04502316950608227
269,II-VI,M_i_A,Cd,CdS,1.152173,0.864282600076417,0.035325383545352564
270,II-VI,M_B,Al,CdTe,-0.027261,-0.06879288012033027,0.03518475133042804
271,II-VI,M_i_A,Ti,CdTe,0.514043,0.6501014558934863,0.0269818768595114
272,II-VI,M_i_B,S,ZnTe,0.19325699999999998,-0.18101845559080032,0.04136730396839721
273,IV-IV,M_i_B,O,SiSn,-0.632921,-0.2642176672373021,0.04825797513202373
274,II-VI,M_i_B,Cd,CdS,1.295034,0.8689255846786519,0.03559360873169212
275,III-V,M_i_A,S,InP,-0.170292,0.06479350175514473,0.04254775954122007
276,II-VI,M_i_A,Ir,CdTe,-0.041877,0.15101065019184678,0.0336691240143419
277,II-VI,M_B,Cd,CdSe,0.983392,0.5285619288134653,0.04440727248869986
278,II-VI,M_B,Ni,CdTe,-0.5472239999999999,-0.24767923283700305,0.026848275841174864
279,II-VI,M_A,Rh,CdO,0.191633,-0.22151364206205226,0.04127815478583295
280,II-VI,M_i_neut,Pt,CdS,0.205382,0.5412501131342493,0.0348158257966289
281,II-VI,M_i_neut,Sb,ZnTe,0.24063800000000002,0.613594807927883,0.022295554024007867
282,II-VI,M_i_A,Ca,ZnTe,1.299167,1.3302440293441713,0.05368810845573325
283,II-VI,M_i_B,Na,ZnTe,-0.409174,-0.47465433983591687,0.11010130237245418
284,II-VI,M_i_B,Bi,CdTe,0.9280950000000001,0.5749454957733071,0.024898531036952762
285,II-VI,M_i_B,S,CdS,-0.075682,0.34071190828611847,0.03808551151424443
286,II-VI,M_i_B,Ir,CdTe,0.24716300000000002,0.189611416581998,0.026300335066500417
287,II-VI,M_i_neut,Rh,CdTe,-0.164965,0.16354492577996538,0.0175456763938019
288,III-V,M_i_neut,Br,InP,0.12798299999999999,0.028189892980171678,0.05879784521536763
289,IV-IV,M_i_A,Os,GeSn,0.025660000000000002,-0.21256040629762088,0.03741935820530049
290,II-VI,M_A,P,ZnS,-0.14036600000000002,0.22547212745646603,0.060641320075796964
291,II-VI,M_B,Sb,CdTe,-0.42458,-0.032955116449947586,0.03114471811293296
292,II-VI,M_i_neut,Ca,CdSe,1.0420989999999999,0.9526474433081532,0.035972560500632654
293,IV-IV,M_i_neut,Mn,GeC,0.571183,0.6369309660291458,0.05069130465812526
294,II-VI,M_i_neut,Ca,CdTe,1.096303,0.8327098034290593,0.02997247278531832
295,II-VI,M_B,Zn,CdTe,0.736855,0.07694567996283717,0.0262275380694636
296,IV-IV,M_A,W,GeC,0.08619600000000001,-0.390731460453903,0.051409613177444774
297,III-V,M_i_A,Pd,InN,0.29893800000000004,0.6322751318077566,0.0637795618408383
298,II-VI,M_i_B,N,CdTe,0.29625100000000004,-0.30524565741600174,0.04186932180803689
299,III-V,M_i_B,Nb,InSb,0.32351199999999997,0.18743260201682044,0.03737445083975728
300,II-VI,M_i_B,Cs,CdTe,-0.219394,0.04660296444500063,0.07285163659254168
301,IV-IV,M_i_A,Ta,Ge,0.029913,0.1920655183326511,0.036262703310173325
302,II-VI,M_i_A,K,ZnSe,-0.42436499999999994,0.10996216876466022,0.06216471904032047
303,II-VI,M_i_neut,Cd,CdO,0.277549,0.6209432769533684,0.034952425740027486
304,II-VI,M_A,Sb,CdTe,-0.346042,-0.17639594172723938,0.02695995716376643
305,II-VI,M_i_neut,N,CdTe,0.101688,-0.3120942742939742,0.04431332738313211
306,II-VI,M_i_B,Hf,CdTe,1.271815,0.809254648256444,0.032515389711637116
307,III-V,M_i_B,La,GaSb,0.633364,0.5482531786135754,0.04676208702116209
308,II-VI,M_i_A,V,CdTe,0.676433,0.5262316390434226,0.02221785905763112
309,II-VI,M_i_B,Sr,CdSe,1.022044,1.126918635227605,0.032678831596358336
310,II-VI,M_i_B,V,CdTe,0.702453,0.5396028670609468,0.025890260910653634
311,IV-IV,M_A,Na,GeSn,-0.191588,-0.19499946198855794,0.07690312469168459
312,II-VI,M_i_neut,Tc,CdTe,0.396549,0.421534739916227,0.026959528712563366
313,IV-IV,M_A,Os,SiC,-0.194599,-0.5681299438756506,0.05435843948595188
314,IV-IV,M_i_B,As,SiSn,0.050245,0.07944383069373621,0.028578220925289596
315,III-V,M_B,Hg,BSb,-0.667543,-0.5552234012646817,0.05268455153140551
316,II-VI,M_i_neut,Pb,CdTe,0.7434350000000001,0.4082219839729021,0.025294695931594745
317,III-V,M_i_A,La,AlSb,0.666837,0.6956633004968191,0.06183959390012596
318,II-VI,M_i_A,N,CdTe,-0.471689,-0.3261703048748923,0.04086725811875556
319,II-VI,M_i_B,Sr,CdTe,1.147617,1.014597412057261,0.037120316704827516
320,II-VI,M_B,Ge,CdSe,-0.26885,0.09230180136143075,0.04607545886853778
321,II-VI,M_i_A,Ba,CdTe,1.117284,0.8521541029871432,0.04715886473065159
322,II-VI,M_i_neut,V,CdTe,0.632821,0.5294658721178135,0.023854403168098035
323,IV-IV,M_B,I,SiGe,0.137759,0.0010312989187848433,0.04161322189223119
324,III-V,M_i_neut,Ru,AlAs,-0.087575,0.24801272909345712,0.02770061381330686
325,II-VI,M_A,Ba,ZnS,-0.473812,0.6820922420970105,0.06202640736215189
326,II-VI,M_i_neut,Al,CdTe,0.797241,0.3542248189574001,0.026527556173820094
327,II-VI,M_i_A,Fe,CdTe,0.121928,0.49371167837704233,0.0249084259960519
328,III-V,M_i_A,Cl,AlAs,-0.45405,0.1980335501042261,0.05820045890398575
329,II-VI,M_i_B,Be,ZnTe,0.984655,1.1028033255124126,0.05684394631135995
330,II-VI,M_B,Zn,ZnTe,0.64236,0.29015994178670923,0.02879771353233628
331,III-V,M_B,O,AlAs,-0.5826979999999999,-0.3324146041124864,0.07161676354046632
332,II-VI,M_i_A,S,CdS,-0.3032,0.33791143152829345,0.040042721511062876
333,II-VI,M_i_A,Bi,CdTe,0.865251,0.524250042763718,0.027870557926118915
334,IV-IV,M_i_neut,Tl,SiSn,-0.208112,-0.11333397631512385,0.03408670866841975
335,III-V,M_i_A,Ir,GaSb,-0.193454,-0.09047516202736161,0.03579785810521683
336,II-VI,M_A,Bi,ZnS,-0.561779,0.21032552190029774,0.037807859266979986
337,IV-IV,M_i_B,K,SiGe,-0.283092,-0.0013947836794048322,0.06224061937826936
338,II-VI,M_i_neut,Be,CdTe,1.0688520000000001,0.4996380948306303,0.03540042139786902
339,IV-IV,M_i_B,Hf,GeSn,0.260139,0.18951520403196925,0.03360702965303016
340,IV-IV,M_i_A,Zr,SiGe,0.14014400000000002,0.20275611173161517,0.032597575648681223
341,IV-IV,M_i_neut,As,Si,-0.337325,0.05087640631727612,0.043780978176583364
342,III-V,M_i_A,Rh,AlP,0.038396,0.44919097064359426,0.03882593144144213
343,III-V,M_i_A,Tc,GaAs,-0.29594299999999996,0.07316078260740513,0.04127024231627504
344,II-VI,M_i_B,Fe,CdTe,0.42006899999999997,0.5080115539925935,0.023762999699964954
345,III-V,M_B,Tl,AlAs,0.21781999999999999,-0.10635137297333666,0.046176986944897136
346,II-VI,M_A,S,CdS,0.433191,0.15239694558124978,0.04059836860131563
347,II-VI,M_B,Ga,CdTe,0.069225,-0.0024223171743083757,0.027857098826531194
348,IV-IV,M_i_B,V,SiC,0.651275,0.6126396361413177,0.037925696942085266
349,IV-IV,M_A,O,Si,-0.609916,-0.9248332772212617,0.0549836668494927
350,IV-IV,M_i_neut,K,SiSn,-0.205249,-0.10485269961614682,0.06250758295862734
351,II-VI,M_B,Cu,CdTe,-0.502077,-0.37804104036145525,0.03659115002859673
352,II-VI,M_B,Cd,CdTe,0.771103,0.1650233467145286,0.023112630401001512
353,II-VI,M_B,In,CdTe,0.292601,0.11448105130862599,0.023090482800033504
354,II-VI,M_i_neut,Bi,CdTe,0.454215,0.5476422368303423,0.028382444757681046
355,III-V,M_A,Cr,BSb,-0.456296,-0.37889234966017005,0.06712500167570293
356,II-VI,M_i_A,Be,CdTe,0.209222,0.49111770436648355,0.03596515439274644
357,II-VI,M_i_B,Pb,CdTe,1.109086,0.4376191827549558,0.024649985079770658
358,IV-IV,M_i_A,Tc,SiSn,-0.24700300000000003,-0.17328566478145796,0.034778161143442746
359,II-VI,M_i_A,Co,CdTe,-0.330203,0.2265569790243446,0.021247404544556966
360,IV-IV,M_i_B,Ge,SiGe,0.296725,0.15562483975819322,0.025422504836889594
361,III-V,M_i_A,W,AlSb,-0.051703,0.08355754234772049,0.0461507478083315
362,II-VI,M_A,N,CdTe,-0.718108,-0.6820168359219833,0.10999904877192489
363,II-VI,M_i_B,Pd,ZnS,-0.48657,0.7084343494767026,0.03458075017546824
364,II-VI,M_i_neut,S,CdS,0.803221,0.34008274281404016,0.03764498676399992
365,II-VI,M_i_neut,Rb,CdTe,-0.23824099999999998,0.02121541613855603,0.04902900947129649
366,II-VI,M_A,O,CdTe,-0.5109319999999999,-0.9021020699379637,0.04802172790920173
367,II-VI,M_i_B,Sn,CdTe,1.080336,0.4893917064946883,0.01916791542809104
368,II-VI,M_i_B,Co,CdTe,0.411492,0.24222975933715393,0.0212788497437841
369,II-VI,M_i_neut,Sn,CdTe,1.0775620000000001,0.4730264435325033,0.020715170045940284
370,II-VI,M_B,Pb,CdTe,-0.13936400000000002,-0.035072745470975816,0.031994476468304715
371,IV-IV,M_i_neut,Na,Ge,-0.240202,-0.3232598839232238,0.0901182799809621
372,II-VI,M_i_A,Cl,ZnSe,-0.5160100000000001,-0.43637283333103394,0.05406720581998532
373,II-VI,M_A,La,ZnO,-0.7334689999999999,0.12281983696778317,0.06425773718962924
374,II-VI,M_i_B,P,CdTe,0.564652,0.2982737340702587,0.026508022851400963
375,III-V,M_i_neut,Y,InSb,0.58155,0.5028613671109294,0.04016835070208888
376,II-VI,M_i_neut,Cs,CdTe,-0.22399699999999997,0.024088000529565202,0.07357615513845539
377,II-VI,M_i_neut,Ir,CdTe,0.007209999999999999,0.16574307118154946,0.030372897235916706
378,III-V,M_i_neut,Ba,InAs,0.6408689999999999,0.4559566690475008,0.060588068404954454
379,II-VI,M_i_A,Cs,CdTe,-0.248356,0.01725588087761477,0.07362309962206884
380,IV-IV,M_A,Be,SnC,-0.811423,-0.3425979128290101,0.05774841072604621
381,III-V,M_A,Rb,InP,-0.21775500000000003,0.033345475087363866,0.08438906464507008
382,IV-IV,M_i_neut,Rb,GeSn,-0.011652,-0.10094578721918321,0.04756316374874625
383,IV-IV,M_i_B,Zr,GeSn,0.19609300000000002,0.1744263489833432,0.033626281843196035
384,III-V,M_B,Pd,AlP,-0.586266,0.07616053188539836,0.053052636214710444
385,II-VI,M_i_B,Si,CdTe,0.9487120000000001,0.28753290929402,0.027246924312649176
386,II-VI,M_i_A,P,ZnTe,0.156063,0.4210177206703829,0.023377285350602052
387,II-VI,M_A,W,CdTe,0.48576800000000003,-0.04967235029608248,0.03741690056387411
388,II-VI,M_i_A,Si,CdTe,0.9137370000000001,0.2775345796651399,0.028737697909991148
389,II-VI,M_B,Tl,CdTe,0.47841000000000006,0.01621915375852631,0.03034141108316061
390,IV-IV,M_i_A,Mo,SiSn,-0.144539,-0.15316397137882168,0.032274584724670166
391,II-VI,M_i_neut,Hf,CdTe,0.984008,0.7863633649032974,0.029055358006769425
392,II-VI,M_i_B,Ca,CdTe,1.09018,0.8357143673214342,0.03135354404805421
393,II-VI,M_A,Hf,ZnTe,0.7117140000000001,0.3556165944318523,0.04077898781407633
394,II-VI,M_i_neut,Mg,CdTe,1.047531,0.73415502488438,0.03456565342481817
395,II-VI,M_i_B,I,CdTe,-0.188737,-0.11042843544424126,0.02868352942924897
396,II-VI,M_A,Re,CdTe,0.44094099999999997,0.2838722628575723,0.03659462022997283
397,IV-IV,M_i_neut,Ru,SiSn,-0.333246,-0.17020719157506048,0.029357022847116707
398,IV-IV,M_i_A,Sn,Ge,0.039419,0.23248591331772267,0.02702932882470809
399,II-VI,M_i_A,Sr,CdTe,1.099113,0.9960790809958592,0.03577820466354412
400,II-VI,M_i_B,O,CdTe,-0.413312,-0.5041196569573476,0.04654372876061214
401,IV-IV,M_B,Cl,GeSn,-0.29073499999999997,-0.7708795842652825,0.059775487501727835
402,II-VI,M_i_neut,In,CdTe,0.20863600000000002,0.5721096733756104,0.018563179912083186
403,II-VI,M_i_neut,P,CdSe,0.301527,0.4205639301003239,0.03338993128343367
404,II-VI,M_i_B,Be,CdTe,0.996348,0.4976475436480001,0.0381240106369738
405,II-VI,M_i_neut,Fe,CdTe,0.329624,0.4998729544521113,0.022873525881327357
406,IV-IV,M_A,Sr,GeSn,0.148208,0.1548132037494456,0.05067123323472051
407,II-VI,M_i_neut,F,ZnO,0.160923,-0.53800072192943,0.07610879524884531
408,II-VI,M_A,F,CdTe,-0.530087,-0.9742102420425045,0.08864070322860972
409,IV-IV,M_i_A,Mo,Sn,-0.197161,0.00021596813452687998,0.03186159537994167
410,IV-IV,M_A,Co,SiGe,-0.679967,-0.7940909911280798,0.0415109285910712
411,II-VI,M_i_neut,Li,CdS,-0.45393500000000003,0.11866461881635167,0.06639184360960344
412,IV-IV,M_i_neut,Si,SiGe,0.21148499999999998,0.14265810121523176,0.024970725317484746
413,II-VI,M_i_A,Mn,CdTe,0.787445,0.4694176569634198,0.022098371710320513
414,IV-IV,M_A,Hf,SiGe,-0.594888,-0.5250460271949663,0.038756648261064675
415,II-VI,M_i_A,Hf,CdTe,0.9305110000000001,0.7716832399254283,0.02508567144242631
416,III-V,M_B,Li,InAs,0.257289,-0.450928790801961,0.10362896055207042
417,II-VI,M_i_neut,Si,CdTe,0.176921,0.2790331727998676,0.02866229705159811
418,IV-IV,M_i_A,Cl,Si,-0.445254,-0.011204505909803163,0.05112900966670309
419,II-VI,M_i_A,Ni,CdTe,-0.20614200000000002,0.14312205808590123,0.026332120559030062
420,II-VI,M_i_B,Al,CdTe,0.476171,0.35824841573472666,0.025193222508171277
421,II-VI,M_i_A,Pb,CdTe,1.07466,0.38656092150217686,0.026538275614766373
422,IV-IV,M_A,Ca,SiGe,-0.112321,-0.020468001843353477,0.0435050274371536
423,III-V,M_i_A,Zr,InSb,0.23740999999999998,0.22791475164138425,0.03782919685709908
424,IV-IV,M_i_A,Tc,SiGe,-0.324346,-0.07577949871312828,0.035239103107118204
425,II-VI,M_i_B,Te,CdTe,0.21499899999999997,0.24699919255604766,0.022286621835505175
426,II-VI,M_i_A,Sn,CdTe,1.0268899999999999,0.4614042584945821,0.01958475731683424
427,IV-IV,M_i_neut,I,Sn,-0.089068,-0.15979209325476465,0.04811304013089698
428,II-VI,M_i_B,As,CdTe,0.7351479999999999,0.3681885585561881,0.01718991781839966
429,IV-IV,M_i_neut,Hg,SiGe,-0.204492,0.0586562591330547,0.04230902298903948
430,III-V,M_i_B,Pt,GaAs,-0.423041,0.013027713929650344,0.041339886521825124
431,II-VI,M_i_B,S,CdTe,-0.250341,-0.09918401073295044,0.038886211469940445
432,II-VI,M_i_B,Cl,CdSe,-0.35506,-0.12831685182092126,0.03051129498630207
433,III-V,M_i_neut,Na,AlSb,-0.286308,-0.17621146780503363,0.10515337341348488
434,II-VI,M_i_A,Al,CdTe,-0.15883699999999998,0.3485408124099155,0.02409458903694925
435,II-VI,M_i_neut,Co,CdTe,0.154861,0.23469786864174189,0.021986951429619105
436,II-VI,M_i_neut,Hg,ZnSe,0.453812,0.7773695486956629,0.029646003761941857
437,II-VI,M_i_A,Ca,CdTe,1.088822,0.8299085135250405,0.03029456088516705
438,II-VI,M_B,Pt,CdTe,-0.551478,-0.3662939937285778,0.03366910193079778
439,II-VI,M_i_B,Mg,CdO,0.26345,0.8518896011708442,0.051025591640503014
440,II-VI,M_i_A,Mg,CdTe,0.925182,0.7312349242244155,0.03417764541614399
441,II-VI,M_i_A,Cr,CdTe,-0.029301999999999998,0.46778914102366836,0.022036086417952187
442,II-VI,M_B,Sn,CdTe,-0.272305,-0.04117307444229682,0.023135974181642878
443,II-VI,M_A,Os,ZnTe,0.043804,-0.20777758557810183,0.048475111673830555
444,II-VI,M_i_A,P,CdTe,0.070309,0.2910758335611143,0.025739699486213168
445,II-VI,M_i_B,Se,CdTe,-0.089768,0.06462619161893332,0.020843952182611574
446,II-VI,M_i_B,Rb,CdTe,-0.271728,0.02914741073062769,0.048259840285321425
447,II-VI,M_A,Mo,ZnTe,0.22287300000000002,-0.0999824040973644,0.043702898215483545
448,II-VI,M_i_A,Pt,CdTe,-0.264241,0.1173715705790482,0.033252983742278246
449,II-VI,M_i_B,Ge,CdTe,1.042659,0.3512353240670606,0.023075332934490298
450,II-VI,M_A,Ru,CdSe,0.221435,-0.1719455156329328,0.030897141361903722
451,III-V,M_B,Ru,GaSb,-0.593845,-0.38619526070579935,0.037197940798266584
452,II-VI,M_i_neut,Cd,CdSe,0.877749,0.6351938606442152,0.026682153764701663
453,II-VI,M_i_neut,I,CdTe,0.033344,-0.12451816758988499,0.028941563656853055
454,II-VI,M_i_A,Ge,CdTe,0.932572,0.3359221671487841,0.022430456072924765
455,II-VI,M_B,Si,CdTe,-0.45626099999999997,-0.21160435754949605,0.031513263457402005
456,II-VI,M_i_neut,Cr,CdTe,-0.12576800000000002,0.4711054296745251,0.021293511627697735
457,II-VI,M_i_B,Se,CdSe,0.064844,0.20640216780257958,0.020334869513405043
458,IV-IV,M_i_neut,Ru,GeSn,-0.182953,-0.16068624510299517,0.0307038045962126
459,IV-IV,M_A,Y,Ge,-0.37468,-0.19244581342618533,0.04457494003763919
460,II-VI,M_i_A,I,CdTe,-0.184023,-0.14099439642509373,0.02746198333983412
461,II-VI,M_A,Ru,ZnSe,0.09688,-0.17391827279800803,0.05037736753683753
462,II-VI,M_i_neut,Ge,CdTe,0.339735,0.33978448705730957,0.022497505488075113
463,II-VI,M_B,Pd,CdTe,-0.5667399999999999,-0.21034242989489543,0.027100185573319592
464,II-VI,M_A,Os,CdTe,0.12994,-0.15567930457049456,0.030720494191287074
465,II-VI,M_A,Mo,CdTe,0.28391,-0.09865201403056971,0.028225509431102233
466,II-VI,M_i_neut,Ga,CdTe,0.245968,0.4343700065980901,0.017668597562196922
467,II-VI,M_i_neut,P,CdTe,0.08201900000000001,0.2896385801020889,0.0267590731258013
468,III-V,M_A,Ta,AlAs,0.258801,-0.24034121140464865,0.05807652888887751
469,II-VI,M_i_B,Mg,CdTe,1.030263,0.7403014524357594,0.03565353520341298
470,II-VI,M_B,Hg,CdTe,0.8512959999999999,0.1438300007754628,0.027565298432542063
471,II-VI,M_i_neut,Mn,CdTe,0.701542,0.47640174620839754,0.023736278050357003
472,II-VI,M_i_B,Mn,CdTe,0.9671069999999999,0.4810222716145141,0.022607818753126684
473,III-V,M_i_neut,Se,GaSb,0.10191,-0.07604469615286899,0.029534068446604212
474,II-VI,M_A,Cl,CdTe,-0.38965500000000003,-0.6366056437728108,0.037734801922125145
475,II-VI,M_i_neut,K,CdTe,-0.28991100000000003,-0.07739192928324103,0.04900298082115829
476,II-VI,M_i_neut,Tl,ZnTe,-0.292873,0.49021306994091496,0.036056244029962214
477,II-VI,M_B,Ge,CdTe,-0.410708,-0.15091453516398226,0.028211695298230723
478,II-VI,M_A,Nb,CdTe,-0.015472,0.07106458318015188,0.026577313934359373
479,IV-IV,M_i_B,Pt,SiSn,-0.470735,0.020803683411962065,0.044181179694301895
480,II-VI,M_i_B,Cr,CdTe,-0.046537,0.480208336233768,0.02308584996093201
481,II-VI,M_i_neut,Tl,CdTe,-0.14541400000000002,0.39273671631590357,0.025436576174623728
482,II-VI,M_i_A,Te,CdTe,0.071342,0.21822618692690118,0.024871216830583635
483,II-VI,M_A,Ru,CdTe,-0.045637,-0.30678310479558,0.0298402327127002
484,II-VI,M_i_A,O,ZnO,-0.740165,-0.4157854229182272,0.0709829945619836
485,IV-IV,M_A,Hf,Ge,-0.5435439999999999,-0.416091726177925,0.04120258818994439
486,II-VI,M_i_A,As,CdTe,0.325023,0.3504343880773385,0.020561362513121077
487,II-VI,M_B,Ag,CdTe,-0.484183,-0.3962292306282886,0.0349950083249046
488,II-VI,M_i_B,Ni,CdTe,-0.08909199999999999,0.1553679028938197,0.024403817919760155
489,II-VI,M_i_B,Au,ZnSe,-0.434025,-0.12559553002270293,0.04782051200127673
490,II-VI,M_i_neut,O,CdO,-0.444679,-0.312604057491481,0.05482144491689748
491,II-VI,M_i_B,Pt,CdTe,-0.19096,0.16073520303063674,0.03094902952085606
492,II-VI,M_A,Zr,CdTe,0.600264,0.16989487271510262,0.033267147251669564
493,II-VI,M_i_neut,Co,CdSe,-0.354667,0.35357506847384246,0.025302069993395217
494,IV-IV,M_B,Ca,SiSn,-0.381936,-0.46700336617494376,0.05335409365209672
495,II-VI,M_i_neut,Zn,CdTe,1.00843,0.43716836706717854,0.02487446467238961
496,IV-IV,M_i_A,W,Si,-0.20764699999999997,-0.23298135090315517,0.04465506844852202
497,II-VI,M_A,S,CdTe,-1.530045,-0.30065957868183185,0.03508355074934759
498,IV-IV,M_i_A,Sr,SiSn,0.27862600000000004,0.33961042758110727,0.04007714686810234
499,III-V,M_i_neut,Sc,GaAs,0.7546010000000001,0.5120092391007867,0.044007562625567605
500,II-VI,M_i_B,In,CdTe,0.184071,0.58647467685603,0.020924260923513276
501,IV-IV,M_i_neut,Tl,GeSn,0.359298,-0.04316655937840587,0.03330722093931232
502,II-VI,M_i_neut,Cd,CdTe,0.759624,0.5173870119915707,0.022913038349438135
503,II-VI,M_i_B,Ti,ZnTe,0.979826,0.8816572137982124,0.04317001592165517
504,II-VI,M_A,Br,CdTe,-0.790354,-0.5118584599732089,0.04101835124975322
505,II-VI,M_i_B,Cd,CdSe,0.9509860000000001,0.6370467153310003,0.024928027070639732
506,IV-IV,M_A,Li,Si,-0.32551599999999997,-0.32779633476826203,0.0759236038163765
507,II-VI,M_A,Sn,ZnS,0.6140329999999999,0.29874737290499925,0.04125000497302013
508,III-V,M_B,Au,BAs,-0.331987,-0.4107751337704001,0.04944971289692146
509,III-V,M_i_A,O,InSb,-0.46819799999999995,-0.5013195393278138,0.07054754268080081
510,IV-IV,M_i_neut,Fe,SiC,0.09185,0.5556740216314874,0.0393155025341728
511,II-VI,M_B,Ge,ZnTe,-0.479473,-0.10520363029421229,0.033064413517520604
512,II-VI,M_i_neut,O,CdTe,-0.479494,-0.5051922513513575,0.04647711025549594
513,II-VI,M_i_A,Cd,CdSe,0.762993,0.6221342729411672,0.025004074603931534
514,II-VI,M_i_A,Au,ZnSe,-0.46138900000000005,-0.15842667602779745,0.044911727880094905
515,II-VI,M_i_neut,Te,CdTe,0.630445,0.23110932386157712,0.024971612656472297
516,II-VI,M_i_B,Br,CdTe,-0.310994,-0.13979620441586862,0.04677189654655969
517,II-VI,M_i_A,S,CdTe,-0.38043699999999997,-0.10770429858924055,0.03840861870243663
518,II-VI,M_i_neut,As,CdTe,0.049163,0.35642345443766843,0.019614697422082723
519,IV-IV,M_A,Os,GeSn,-0.432095,-0.9240740515937163,0.040664384087749465
520,IV-IV,M_i_neut,K,GeSn,-0.056697000000000004,-0.1992786115511664,0.043422411244600695
521,II-VI,M_A,I,CdTe,-0.230496,-0.3636927152212034,0.032807215564242063
522,II-VI,M_i_A,Se,CdTe,-0.271466,0.04480825134893189,0.02238216390425347
523,II-VI,M_i_A,Se,CdSe,-0.151831,0.19431904555615503,0.022039924784233805
524,III-V,M_i_A,Rb,GaSb,-0.175394,-0.20295294753751197,0.05654703113820701
525,II-VI,M_i_A,O,CdTe,-0.49910299999999996,-0.5122823080074153,0.04957656047860643
526,IV-IV,M_B,Y,SiSn,-0.534239,-0.4740138731331223,0.04381042947348075
527,II-VI,M_i_A,Rb,CdTe,-0.298361,0.013251965932167315,0.05000501282499663
528,II-VI,M_A,Ir,CdTe,-0.179732,-0.3474047753136828,0.035858663202690724
529,IV-IV,M_A,Rb,Sn,-0.108204,-0.531200150375245,0.09596183699540403
530,II-VI,M_A,B,CdO,-0.842406,-0.4105392665637296,0.05177891304026626
531,II-VI,M_i_neut,S,CdTe,0.371442,-0.09640408398451106,0.034653492044513644
532,IV-IV,M_i_A,K,Ge,-0.209542,-0.13010785715505224,0.05720753088872177
533,IV-IV,M_i_B,Co,GeSn,-0.149056,-0.17151182162123146,0.030247754643352862
534,III-V,M_B,V,BP,-1.015514,-0.34644206054443855,0.05717188200353962
535,II-VI,M_B,N,CdTe,-0.643199,-0.5783521875758237,0.0423682079378243
536,III-V,M_A,Hf,AlP,-0.5544,0.08829915153222172,0.05548178938658038
537,II-VI,M_i_neut,Se,CdSe,0.70204,0.2061463825629429,0.02233042596916407
538,II-VI,M_i_neut,Se,CdTe,0.418813,0.057432441602016236,0.020079187645838045
539,II-VI,M_A,Se,CdS,0.614618,0.11240581815094138,0.03457516930380652
540,II-VI,M_i_A,In,CdTe,-0.230634,0.5591985349053782,0.018611982145542313
541,IV-IV,M_i_neut,Ag,Si,-0.268472,-0.2576283882920441,0.054453269803283924
542,II-VI,M_B,Ni,ZnSe,-0.669704,-0.23456569023308838,0.06523178863419159
543,II-VI,M_i_B,Zn,CdTe,0.6851470000000001,0.4406227012783444,0.023865024415822778
544,III-V,M_i_A,Cu,BAs,-0.5512560000000001,-0.4557188829911579,0.033468361064537065
545,II-VI,M_i_B,Cd,CdTe,0.8096909999999999,0.5332384351697372,0.021406085699704334
546,IV-IV,M_i_A,P,GeSn,-0.099202,0.09147805145415266,0.032142845191027766
547,IV-IV,M_A,Ga,GeC,-0.9050540000000001,-0.16579707959979836,0.04808846148712808
548,III-V,M_i_neut,Ti,GaP,0.6819029999999999,0.7135523129948271,0.04518218296015259
549,IV-IV,M_i_B,In,SiSn,-0.208054,0.06917885193243431,0.03163432702987508
550,III-V,M_i_B,Pt,InSb,-0.27119899999999997,0.07400625182524134,0.03925325746528165
551,II-VI,M_i_neut,Ni,CdTe,-0.176924,0.1459708023258725,0.022757665888491835
552,II-VI,M_A,Se,CdTe,0.157633,-0.3114048323189019,0.028429905484988045
553,III-V,M_A,Cd,BSb,-0.259083,-0.0372136093624096,0.07992263576745129
554,II-VI,M_i_B,Ga,CdTe,-0.08441900000000001,0.44240375386448194,0.019435572971059512
555,II-VI,M_i_B,K,CdTe,-0.374829,-0.07648175909078744,0.047294552503529604
556,IV-IV,M_B,Li,SiSn,-0.6825640000000001,-0.6192594373648391,0.10629782725032834
557,II-VI,M_i_B,Cl,CdTe,-0.337623,-0.2841563096711888,0.028843041234951045
558,III-V,M_i_A,Pb,InAs,0.6130359999999999,0.16255864315840457,0.03408973072060083
559,II-VI,M_B,Au,CdTe,-0.47929399999999994,-0.5230382840272989,0.0424039186229705
560,II-VI,M_i_B,Tl,CdTe,-0.250873,0.4156392502383959,0.025272691458338745
561,II-VI,M_i_A,Cu,CdTe,-0.414896,-0.12017923067860707,0.028432983371328532
562,III-V,M_A,Hf,GaAs,-0.524927,0.1326243023392886,0.06529708578660183
563,II-VI,M_i_A,Zn,CdTe,0.06776,0.4240331618596892,0.025126506183266232
564,IV-IV,M_i_neut,Sc,SiSn,0.7290979999999999,0.24049587752225018,0.03399965823721509
565,II-VI,M_i_neut,Pt,CdTe,-0.245525,0.13194047836744,0.02778670663283456
566,III-V,M_B,Cu,GaP,0.257878,-0.14307669137829043,0.05399360344668773
567,II-VI,M_A,La,CdTe,-0.415365,0.03434493852139645,0.043316632723917725
568,IV-IV,M_i_A,Be,SiGe,-0.078585,-0.09597124617594346,0.05395598361939877
569,IV-IV,M_i_A,Mg,SiGe,0.265588,0.06300315993827665,0.04680142110143142
570,II-VI,M_i_A,Cd,CdTe,0.42955,0.5040257810783079,0.02198814744576909
571,II-VI,M_B,Bi,CdTe,-0.35073699999999997,-0.008439465843923879,0.03065333172024431
572,II-VI,M_A,Pt,ZnSe,-0.444263,-0.3812922845679637,0.053544550706746415
573,II-VI,M_i_A,Ga,CdTe,-0.376463,0.4238974498928213,0.016826148269108082
574,II-VI,M_i_neut,Pt,ZnTe,-0.307336,-0.02139093128583962,0.046167347328370044
575,II-VI,M_A,B,CdTe,-0.631655,-0.5429561803698502,0.04981626186391271
576,II-VI,M_i_A,Br,CdTe,-0.360256,-0.15774593102625492,0.04822530271424267
577,II-VI,M_i_neut,Br,CdTe,-0.342287,-0.14856627295581668,0.04648458521498334
578,IV-IV,M_i_B,Cr,SiC,0.19434200000000001,0.6065510643951407,0.041274829048409886
579,II-VI,M_i_A,Ni,CdO,0.250904,0.28061499420685687,0.037504810682331115
580,III-V,M_i_neut,Se,InSb,0.14771900000000002,-0.004981067253912961,0.03764480325089719
581,IV-IV,M_i_A,Be,Si,0.026257,-0.22042119802658838,0.05428388895316119
582,II-VI,M_i_neut,Cl,CdTe,-0.34544,-0.28899971485056775,0.025994819804177307
583,II-VI,M_A,Rh,CdTe,-0.29540500000000003,-0.45160153161168515,0.029127019303991468
584,IV-IV,M_i_B,Al,SiSn,-0.260326,-0.045567199137336305,0.04621347806609445
585,III-V,M_B,Se,BP,-0.6950149999999999,-0.17297755633707584,0.053174122081679286
586,III-V,M_i_neut,F,AlSb,1.2685879999999998,0.09448330328462765,0.059474852267374805
587,IV-IV,M_i_neut,Rh,Sn,-0.29399899999999995,-0.023087272616204635,0.02922554994118294
588,IV-IV,M_B,Y,GeSn,-0.351704,-0.4040095535146458,0.04250345326540335
589,III-V,M_i_neut,Zn,GaAs,0.073282,0.17608693980384793,0.03691002749138669
590,II-VI,M_i_A,K,CdSe,-0.31796599999999997,0.043419105653282206,0.04611639368644623
591,IV-IV,M_i_A,Si,Sn,-0.151661,0.03852682071534804,0.031010220637021746
592,II-VI,M_A,B,ZnSe,-0.7663439999999999,-0.2648933265172081,0.06245498915182554
593,IV-IV,M_i_neut,Bi,Sn,-0.146721,0.24517887709587188,0.03008547907938385
594,III-V,M_B,Zn,InAs,0.049507,-0.31739532142524574,0.0462430699242561
595,II-VI,M_i_neut,Hg,CdTe,0.499461,0.4756462421580204,0.029550808118688
596,IV-IV,M_i_neut,Sn,Sn,-0.145043,0.18372688134071186,0.026994773195464204
597,IV-IV,M_i_A,Co,Sn,-0.291769,-0.07444811353064357,0.03212114791654154
598,III-V,M_B,F,InP,0.481525,-0.4189694197880504,0.10155819721408506
599,II-VI,M_A,Se,CdSe,0.360479,-0.16444459586424645,0.029040025859559844
600,II-VI,M_A,Cs,CdTe,-0.207596,-0.4096237621622043,0.07317564688516137
601,II-VI,M_A,Tc,CdTe,0.160854,0.10841807564700516,0.03180546601511542
602,III-V,M_i_A,Li,InN,-0.41926499999999994,0.15051490973229487,0.08226873477030616
603,IV-IV,M_i_neut,Pt,Ge,-0.29096900000000003,0.01655848846856074,0.04725718436742984
604,II-VI,M_i_B,Pd,ZnSe,-0.402659,0.4608240736783277,0.02957349567347209
605,II-VI,M_A,Rb,CdO,-0.485649,-0.26053289628023674,0.0586491443372811
606,III-V,M_A,Se,GaSb,-0.297863,-0.31608069429508123,0.06333312599119337
607,IV-IV,M_A,Tl,Si,-0.338834,-0.7889787984352387,0.03905143191946024
608,II-VI,M_i_B,Fe,ZnSe,0.5291170000000001,0.8257616152011783,0.03194779998360262
609,II-VI,M_i_B,Cu,CdTe,-0.397744,-0.10677658427092088,0.023142685346285198
610,II-VI,M_A,Ta,CdTe,0.257261,0.21906057388350883,0.034530583719583875
611,II-VI,M_i_B,Ag,ZnTe,-0.367782,-0.12428727306867686,0.03134147903256189
612,II-VI,M_A,As,ZnSe,-0.474671,-0.10830306302036483,0.04188918820953891
613,III-V,M_B,S,AlSb,-0.451545,0.057751794210693895,0.0516696938034632
614,II-VI,M_A,Te,CdTe,0.378502,-0.13300854269650886,0.029515395373426685
615,II-VI,M_i_A,K,CdTe,-0.325785,-0.08514470192776452,0.04723387884402101
616,II-VI,M_i_A,Tl,CdTe,-0.317764,0.3711969645364626,0.023886410729593167
617,II-VI,M_A,P,CdTe,-0.446798,-0.2043039295257235,0.024956455729590703
618,II-VI,M_A,Pt,CdTe,-0.361175,-0.3111335287331546,0.03569722607712741
619,III-V,M_i_neut,Be,InN,0.40988100000000005,0.6985753019149368,0.05954932756675133
620,II-VI,M_B,F,CdTe,-0.522832,-0.9256184143925031,0.08025834679482437
621,II-VI,M_i_neut,Cu,CdTe,-0.374386,-0.11261289814467632,0.027728902147592157
622,II-VI,M_i_A,Au,CdSe,-0.373456,0.016075563350163448,0.037509581091158456
623,III-V,M_i_B,Ag,GaAs,-0.34485,-0.2561681111536004,0.03019474972624639
624,IV-IV,M_A,S,Ge,-0.303577,-0.6249493802714721,0.05117476499668964
625,III-V,M_i_A,Tl,InAs,-0.170801,0.027161533773468437,0.04199701823796743
626,IV-IV,M_A,Ir,GeSn,-0.353229,-0.7542412191729209,0.04269854662691887
627,II-VI,M_i_B,F,CdTe,-0.486683,-0.464228523673287,0.08176092438837383
628,IV-IV,M_B,Rh,SiSn,-0.63283,-0.6552152178091695,0.05700297275629309
629,II-VI,M_i_neut,F,CdTe,-0.503402,-0.4752393420520712,0.07556440063800103
630,II-VI,M_i_neut,Na,CdTe,-0.353599,-0.4718163446270142,0.06896416404703228
631,II-VI,M_A,Y,CdTe,-0.41202,0.10583195183881214,0.04131279510229015
632,II-VI,M_i_A,Pd,CdTe,-0.372297,0.24887783106118952,0.022438489683725076
633,II-VI,M_i_B,Pd,CdSe,-0.22072199999999997,0.3814869340832655,0.02419109425133962
634,II-VI,M_i_B,Hg,CdTe,0.324962,0.5000048582745392,0.030415361001984734
635,IV-IV,M_i_neut,Ge,Sn,-0.197668,0.061220504405581425,0.028122805941081762
636,II-VI,M_i_B,Au,CdTe,-0.353977,-0.08988159160821504,0.03156899575348114
637,IV-IV,M_i_neut,Zn,Ge,-0.09049700000000001,0.06171513714126205,0.037916910671282465
638,II-VI,M_i_A,Au,CdTe,-0.39357,-0.1319652783919213,0.03852380140868506
639,II-VI,M_A,Rb,CdTe,-0.23230100000000004,-0.3547094340233118,0.06051174026783605
640,IV-IV,M_B,Ag,SiGe,-0.572554,-0.4692533643228197,0.04999948998069782
641,II-VI,M_i_A,Fe,CdSe,0.424605,0.6149069193164318,0.03452320192248386
642,II-VI,M_i_A,Cl,CdTe,-0.44413800000000003,-0.29861079274731467,0.02805669532196959
643,IV-IV,M_i_A,Mg,Ge,-0.05376,0.24099789830337065,0.047999734685230167
644,II-VI,M_A,Ti,CdTe,0.139049,0.07798151612769744,0.03131008056288772
645,II-VI,M_i_neut,Au,CdTe,-0.32669499999999996,-0.1134173222290517,0.036645145304992625
646,II-VI,M_i_B,Pd,CdTe,-0.318839,0.2715750369097336,0.023654111696601546
647,III-V,M_A,Al,BAs,-0.746654,-0.04988172062207537,0.07611467492747272
648,III-V,M_i_A,F,GaAs,-0.676495,-0.5404547900396907,0.07952683369069041
649,IV-IV,M_i_neut,Pd,SiGe,-0.498867,-0.11361586840725049,0.0320388633320971
650,II-VI,M_i_neut,F,ZnSe,-0.662732,-0.6230219644830142,0.08829905076837324
651,II-VI,M_A,Sc,CdTe,-0.49996,-0.006191447364429964,0.04655093930153296
652,II-VI,M_B,Br,ZnSe,-0.602633,-0.632242427622898,0.07539786710739291
653,II-VI,M_i_A,Ag,CdTe,-0.398364,-0.1261193704279424,0.031088868908992033
654,II-VI,M_A,Ni,CdTe,-0.484543,-0.5335266215163497,0.03583169142324661
655,II-VI,M_i_neut,Ag,CdTe,-0.342256,-0.1125334631304101,0.030719396760709707
656,IV-IV,M_i_A,F,GeSn,-0.399922,-0.2596572054041109,0.08509675701220838
657,II-VI,M_i_A,Hg,CdTe,-0.12420999999999999,0.45128721156980645,0.025502414689354956
658,II-VI,M_A,V,CdTe,-0.438899,0.01266434236535674,0.024558465410560507
659,III-V,M_i_neut,Li,GaP,-0.46898900000000004,-0.32883566236423195,0.12435886020028891
660,II-VI,M_A,Pd,CdTe,-0.436217,-0.3934025586618265,0.02895584303765229
661,IV-IV,M_i_neut,Sc,GeSn,0.26059499999999997,0.2902789454477429,0.03389544825733195
662,II-VI,M_A,In,CdS,-0.51067,0.22416229682241573,0.04347563447833573
663,II-VI,M_A,Bi,CdTe,-0.398596,-0.13568144599522963,0.030754394785988525
664,II-VI,M_i_B,Ag,CdTe,-0.370327,-0.10455378261636976,0.026846916191369384
665,II-VI,M_i_neut,Pd,CdTe,-0.32261999999999996,0.2586650396781742,0.024736857485088297
666,II-VI,M_A,As,CdTe,-0.47752,-0.25984248970508383,0.026877474960062646
667,II-VI,M_A,K,CdTe,-0.250814,-0.4243056352407072,0.0527483959625933
668,II-VI,M_i_B,Na,CdTe,-0.39656399999999997,-0.4700432654002033,0.07139406309136045
669,II-VI,M_i_neut,Li,CdTe,-0.38358200000000003,-0.28193204789249654,0.07163766882642454
670,III-V,M_B,S,GaSb,-0.362014,-0.36312287509676244,0.050318263558780565
671,II-VI,M_A,V,CdS,-0.027644,0.3729927136802304,0.0404870129052447
672,IV-IV,M_i_A,Au,GeSn,-0.13403800000000002,-0.17811453323097212,0.03998220571791303
673,II-VI,M_i_neut,Ag,CdSe,-0.37793499999999997,0.007270163831762805,0.0351026409115452
674,II-VI,M_B,P,CdTe,-0.5559390000000001,-0.182007618752105,0.027847892327995206
675,III-V,M_A,Pd,InSb,-0.504184,-0.5694095589079176,0.049317843296599426
676,II-VI,M_i_A,F,CdSe,-0.5390520000000001,-0.30786030417319094,0.07118639364466318
677,II-VI,M_i_A,Li,CdTe,-0.4095,-0.28407536892138224,0.07331644717488918
678,II-VI,M_i_A,Na,CdTe,-0.377083,-0.4758647947490674,0.07952282245338867
679,II-VI,M_A,Fe,CdTe,-0.512202,-0.16175643221778585,0.025173712732665138
680,IV-IV,M_A,Sc,SiGe,-0.523924,-0.42179770639787684,0.03941152565100793
681,II-VI,M_B,Cl,CdTe,-0.46208999999999995,-0.8499507279626842,0.04059265291271634
682,II-VI,M_B,As,CdTe,-0.511425,-0.17490225106674823,0.026662688178058995
683,II-VI,M_A,Al,ZnSe,-0.643995,-0.1314845545946303,0.043052491841850504
684,III-V,M_A,Ca,InAs,-0.424677,0.23268575792412122,0.0516245007504188
685,III-V,M_A,Be,BP,-0.882383,0.31031249991821425,0.07742869537390906
686,II-VI,M_A,Cr,CdTe,-0.335538,-0.18296340110763817,0.026628502463183087
687,II-VI,M_A,Co,CdTe,-0.5831109999999999,-0.4541662520991766,0.02878088410680277
688,II-VI,M_B,O,CdTe,-0.6211949999999999,-0.8491058183590763,0.0523473483004267
689,II-VI,M_B,Br,CdTe,-0.44466999999999995,-0.8308355807963619,0.06134048514803143
690,II-VI,M_i_B,Li,CdTe,-0.414292,-0.2824075629023994,0.07185915451270036
691,II-VI,M_B,I,CdS,-0.38047,-0.2770292089193746,0.05944603024581421
692,IV-IV,M_B,Pt,SiGe,-0.49647700000000006,-0.3345936844762882,0.044707227310124505
693,IV-IV,M_A,Ag,SiSn,-0.48116400000000004,-0.8461484264781882,0.041634081769160385
694,II-VI,M_A,Hg,ZnO,-0.807495,-0.10057772382953767,0.04875411705832504
695,IV-IV,M_A,Se,Ge,-0.24203899999999998,-0.6120070681711831,0.04291984341592794
696,II-VI,M_B,Br,CdS,-0.40771399999999997,-0.3170346646226368,0.06669623190216119
697,II-VI,M_A,Ba,CdTe,-0.306601,0.0377344430846356,0.04398309797210087
698,II-VI,M_B,I,CdTe,-0.42353,-0.6206544764795142,0.033106077357475595
699,IV-IV,M_A,B,SiSn,-0.722867,-0.944904206716139,0.042387873959257735
700,II-VI,M_A,Si,CdTe,0.318067,-0.288317460822904,0.039693219068046806
701,IV-IV,M_i_B,Ga,GeSn,-0.084904,-0.03341758402381018,0.028861108202348097
702,IV-IV,M_i_A,Ca,Sn,-0.114471,0.21767745532472543,0.03766482788598624
703,III-V,M_A,Cd,AlP,-0.491254,0.06552778129229375,0.06084555880223852
704,II-VI,M_i_A,F,CdTe,-0.537222,-0.47465783404999656,0.08023882523594394
705,IV-IV,M_B,Hg,SiSn,-0.63145,-0.6627949401026579,0.05034859171978414
706,IV-IV,M_B,Ti,SiGe,-0.664554,-0.3026360420749516,0.029515501441556145
707,IV-IV,M_A,Be,Sn,-0.623436,-0.5863493320752694,0.06401805022695864
708,IV-IV,M_A,Mn,SiSn,-1.233989,-0.8568145019926906,0.038431082356517
709,III-V,M_A,Bi,InP,-0.049039,0.06986948081157536,0.05547510952222879
710,III-V,M_A,Sn,GaP,-0.433487,0.3672209294763661,0.05771984886814351
711,IV-IV,M_A,Ti,Si,-0.605338,-0.7727484675270317,0.033175392835646425
712,II-VI,M_i_neut,Mn,ZnTe,0.48437399999999997,0.6980349870408646,0.03135457911688442
713,II-VI,M_A,Sr,CdTe,-0.383723,0.20188432908693255,0.040758418838766984
714,II-VI,M_A,Al,CdTe,-0.517566,-0.35247236940801063,0.03403481800927214
715,II-VI,M_A,Ga,ZnTe,-0.483833,-0.16432518842381372,0.04056740318659894
716,IV-IV,M_i_neut,Mn,Si,-0.131216,-0.1937613276680112,0.039935641587909396
717,II-VI,M_A,Na,CdTe,-0.454164,-0.6396562750437382,0.05042901734961174
718,II-VI,M_A,Sn,CdTe,0.055687,-0.11910105876929378,0.030205864841997346
719,II-VI,M_A,Ga,CdTe,-0.48535,-0.21490079504080653,0.02890204627878995
720,IV-IV,M_A,Cr,SnC,-0.49507299999999993,-0.5701991919433629,0.05340875630323484
721,III-V,M_A,Ag,InSb,-0.5171140000000001,-0.5304446560755389,0.047208730331472507
722,IV-IV,M_i_A,Zn,SiSn,-0.324642,-0.09680783865605144,0.0320250587508764
723,II-VI,M_A,In,CdTe,-0.487208,-0.11671598714334089,0.029711081925520553
724,III-V,M_i_A,Cr,AlP,0.515011,0.6755018696804119,0.03342926509584481
725,II-VI,M_A,Cu,CdTe,-0.510991,-0.7575992335517242,0.03470096546165389
726,IV-IV,M_A,Ge,SiC,-0.8996120000000001,-0.2622760029871663,0.04689601778219028
727,III-V,M_i_B,Cu,InP,-0.31408200000000003,-0.05199477352444393,0.04610944400618191
728,II-VI,M_A,Au,CdTe,-0.44155900000000003,-0.5946224452913307,0.03643913463292578
729,II-VI,M_A,Pb,CdTe,-0.311704,-0.29176047236053293,0.033282933090315915
730,IV-IV,M_A,Bi,SiSn,-0.29831199999999997,-0.6821234420260283,0.03548847164557006
731,IV-IV,M_A,In,SiGe,-0.496036,-0.5774913692835406,0.033931755763430695
732,II-VI,M_A,Tl,CdTe,-0.4262,-0.2349715710295579,0.03602418831865146
733,III-V,M_i_B,Cu,AlSb,-0.335965,-0.09841965979857434,0.04217114220837897
734,II-VI,M_A,Ca,CdTe,-0.434909,0.0504241948283479,0.043704496619291176
735,III-V,M_A,Si,GaAs,-0.516783,-0.15551865777692767,0.06747081230556833
736,IV-IV,M_B,B,GeC,-0.789783,-0.039928986344530674,0.07983172468851042
737,II-VI,M_A,Ge,CdTe,-0.106681,-0.2317997690509938,0.03648696907941424
738,IV-IV,M_A,Au,Ge,-0.605626,-0.7738359499174485,0.03276026152232732
739,II-VI,M_A,Hf,CdTe,0.796767,0.2733108512065261,0.033135164824521196
740,II-VI,M_i_neut,Ni,CdSe,0.005502,0.27009743221456567,0.02521502120308817
741,II-VI,M_A,Pb,CdSe,-0.194327,-0.16837381567824256,0.03206958486522112
742,IV-IV,M_i_B,Ti,GeSn,0.032681,0.04396915772807104,0.027779158536523973
743,II-VI,M_A,Li,CdTe,-0.531794,-0.9847130126340868,0.06615180697684858
744,IV-IV,M_i_neut,Cu,Si,-0.32921,-0.2552352234284917,0.048435976178322494
745,II-VI,M_A,Ag,CdTe,-0.499572,-0.759750175006584,0.03447132856477591
746,II-VI,M_A,Fe,ZnO,-0.44000900000000004,0.029804180463446194,0.044521445351845663
747,II-VI,M_A,Tl,CdSe,-0.44008800000000003,-0.13956138967534715,0.03280731535797208
748,IV-IV,M_A,Sb,SiSn,-0.33303,-0.7038594257259746,0.033769687254809506
749,IV-IV,M_i_A,Ni,SiSn,-0.5091220000000001,-0.19737279936686125,0.026400079510921957
750,II-VI,M_B,S,CdTe,-0.571714,-0.5188366176781114,0.03254297967282452
751,II-VI,M_A,Be,CdTe,-0.619502,-0.046972814262487415,0.04224893881317553
752,II-VI,M_A,Mn,CdTe,-0.531175,0.025968017382476217,0.024629377111075816
753,III-V,M_A,Ni,GaP,-0.5686640000000001,-1.055436550484472,0.08808104574713316
754,II-VI,M_B,Se,CdTe,-0.5223800000000001,-0.4465822098868018,0.02874013849700107
755,II-VI,M_A,Zn,CdTe,-0.54867,-0.236930584964062,0.025888497074032735
756,III-V,M_i_neut,Ni,InAs,-0.195912,0.002245722955162972,0.03992917670739274
757,IV-IV,M_i_A,Cu,GeSn,-0.152166,-0.3251124652489922,0.03601272262195428
758,IV-IV,M_A,Sb,Sn,-0.300113,-0.8048560736793894,0.04564562722440199
759,II-VI,M_A,Hg,CdTe,-0.48872,-0.14473721319492205,0.032868659788448606
760,III-V,M_A,Al,InAs,-0.511957,-0.3580287665720226,0.04547042922436417
761,II-VI,M_A,Mg,CdTe,-0.503356,0.1623227761747459,0.04128877313847585
762,IV-IV,M_B,Ge,GeSn,-0.39329200000000003,-0.6694511126302612,0.046816609064008315
763,III-V,M_B,As,InSb,-0.450491,-0.331428559481895,0.05436945465869804
764,II-VI,M_B,Se,CdS,-0.45315,-0.11461646169389313,0.06098817715198328
765,III-V,M_B,Ge,BSb,-0.900553,-0.36893527939591664,0.0451765104276512
766,IV-IV,M_i_neut,Ni,SiGe,-0.44364,-0.09279668830735566,0.02818940459331929
767,IV-IV,M_A,Cu,GeSn,-0.43805299999999997,-0.8444737271908893,0.05214091708275453
768,II-VI,M_i_A,Cr,ZnTe,-0.06334400000000001,0.5733883150095782,0.02597706736936698
769,III-V,M_A,Al,GaSb,-0.478335,-0.1182239277391185,0.053385255441030025
770,II-VI,M_A,Cd,CdTe,-0.49801999999999996,-0.14082099111766722,0.02899737297752963
771,II-VI,M_B,Te,CdTe,-0.490838,-0.24510369884685534,0.02680282514305099
772,III-V,M_A,Al,AlSb,-0.520772,-0.2891071212759766,0.06302190798113487
773,IV-IV,M_A,Ge,Si,-0.666704,-0.8320533807398771,0.03445190447104411
774,II-VI,M_B,Se,ZnTe,-0.5983069999999999,-0.5471973296897612,0.03158870565145429
775,II-VI,M_A,Cu,CdSe,-0.539239,-0.6107309851611875,0.03592680239243984
776,III-V,M_A,Fe,AlSb,-0.8654200000000001,-0.5287333962536666,0.05541665905623951
777,IV-IV,M_A,Mn,Sn,-0.545624,-0.9043682667557803,0.0537930334459593
778,IV-IV,M_A,V,SiC,-0.901697,-0.3159893986652933,0.05528649404367271
779,III-V,M_A,Ti,AlAs,-0.535745,-0.26112425141460316,0.05555480576330496
780,II-VI,M_A,Cu,ZnTe,-0.536331,-0.7755819475441286,0.039460018221882394
781,IV-IV,M_i_A,N,Ge,-0.469733,-0.38505838120141866,0.05116139101779064
782,IV-IV,M_B,V,GeSn,-0.739866,-0.5975337635657911,0.04347264748004694
783,III-V,M_B,N,BAs,-1.1419350000000001,-0.5317664833397013,0.06571810597839824
784,IV-IV,M_A,Cr,GeC,-0.784745,-0.2616995290028159,0.05690623912587438
785,IV-IV,M_A,Cr,Sn,-1.500122,-1.0099944518889026,0.060433611061249955
786,IV-IV,M_B,N,GeSn,-0.460739,-0.9901087548790329,0.07001290653919348
787,IV-IV,M_i_A,N,Sn,-0.44782700000000003,-0.598307791477296,0.06309676848973444
788,II-VI,M_i_neut,Hf,ZnO,1.75,1.0153022685766389,0.041800217173486434
789,II-VI,M_i_neut,Nb,ZnO,2.01,0.6935356901506065,0.04757096541941993
790,II-VI,M_B,Sr,ZnS,2.07,1.6143805478796025,0.08455248900082062
791,II-VI,M_B,Sc,CdO,1.04,0.47190780237371077,0.09167480295011672
792,II-VI,M_i_A,Zn,ZnO,0.77,0.6837689758534561,0.045297947748441085
793,II-VI,M_i_B,Zn,ZnO,0.73,0.6897168249678336,0.042778205854223525
794,II-VI,M_i_neut,Zn,ZnO,0.64,0.68715021407545,0.044864704842366675
795,II-VI,M_i_B,O,ZnO,-0.78,-0.39573949311186984,0.0647272627120341
796,II-VI,M_i_neut,O,ZnO,-0.81,-0.41210003147683505,0.06472172398875069
797,II-VI,M_A,S,ZnS,-0.38,0.009421168999197085,0.05135118465384861
798,II-VI,M_B,Zn,ZnS,1.33,0.6272473512344714,0.05498468596843577
799,II-VI,M_i_B,Zn,ZnS,1.73,1.041049644144907,0.041033884315184725
800,II-VI,M_i_neut,Zn,ZnS,1.47,1.0404407448078865,0.0364722733362086
801,II-VI,M_i_A,S,ZnS,-0.37,0.2973748038322642,0.041844561822394544
802,II-VI,M_i_B,S,ZnS,-0.51,0.29941943205468097,0.041555121560474736
803,II-VI,M_i_neut,S,ZnS,0.56,0.31061156061199846,0.0475483118876941
804,II-VI,M_A,Se,ZnSe,0.29,-0.30231869249411625,0.04356082101567948
805,II-VI,M_B,Zn,ZnSe,1.0,0.7321806599182565,0.05873089161243406
806,II-VI,M_i_A,Zn,ZnSe,0.72,0.7705261817370996,0.029665177324914062
807,II-VI,M_i_B,Zn,ZnSe,1.26,0.7839010804331593,0.030321422522527643
808,II-VI,M_i_neut,Zn,ZnSe,1.03,0.7790965809125681,0.0295040151288918
809,II-VI,M_i_A,Se,ZnSe,-0.08,0.1504819015375069,0.027339804709924607
810,II-VI,M_i_B,Se,ZnSe,0.08,0.16514845471120204,0.029194022419901468
811,II-VI,M_i_neut,Se,ZnSe,0.57,0.1600742731320623,0.025451644981732642
812,II-VI,M_A,Te,ZnTe,0.38,-0.2651747289428149,0.0372251148032197
813,II-VI,M_i_A,Zn,ZnTe,0.18,0.6356211461725783,0.028775391025107493
814,II-VI,M_i_B,Zn,ZnTe,0.69,0.6592783052924294,0.03143586653513853
815,II-VI,M_i_neut,Zn,ZnTe,0.22,0.6436586852854589,0.03004285368915444
816,II-VI,M_i_A,Te,ZnTe,0.15,0.18864257936293494,0.026840899355904706
817,II-VI,M_i_B,Te,ZnTe,0.3,0.2191770187269751,0.028607579008016103
818,II-VI,M_i_neut,Te,ZnTe,0.56,0.20626960848104928,0.025555567182709644
819,II-VI,M_B,Cd,CdO,0.61,0.22067469150076063,0.07702176730352554
820,II-VI,M_i_A,Cd,CdO,0.36,0.6165776863041327,0.038901715533669376
821,II-VI,M_i_B,Cd,CdO,0.3,0.6120378478165275,0.03281764528621884
822,II-VI,M_i_A,O,CdO,-0.45,-0.3106312662813805,0.055569485785666964
823,II-VI,M_i_B,O,CdO,-0.56,-0.3162513271292619,0.049003846281607366
824,III-V,M_B,Sr,InN,1.59,1.2755661498109245,0.08926132789010323
825,III-V,M_B,B,BP,-1.01,-0.5777371748622586,0.05260695003999982
826,III-V,M_A,P,BP,0.53,0.443836236626267,0.11142705649396797
827,III-V,M_i_A,B,BP,-0.27,-0.3938177979032173,0.041512374949309566
828,III-V,M_i_B,B,BP,-0.41,-0.38474469133641004,0.04349407562033732
829,III-V,M_i_neut,B,BP,-0.31,-0.3900933402221983,0.04050244234726962
830,III-V,M_i_A,P,BP,0.68,0.20306516540735373,0.04514161310980805
831,III-V,M_i_B,P,BP,0.75,0.20955578883992038,0.04211942975707919
832,III-V,M_i_neut,P,BP,-0.14,0.19850375220329752,0.043177466438998856
833,III-V,M_B,B,BAs,-1.12,-0.6287264271203289,0.055259752279249785
834,III-V,M_A,As,BAs,0.43,0.06371439959777717,0.08454814499872512
835,III-V,M_i_A,B,BAs,-0.62,-0.5666040940713428,0.03930593239654255
836,III-V,M_i_B,B,BAs,-0.55,-0.5592347453390807,0.04046587274067802
837,III-V,M_i_neut,B,BAs,-0.46,-0.5586811609305684,0.03689288245380945
838,III-V,M_i_A,As,BAs,0.62,-0.026638193964539935,0.03606614310320091
839,III-V,M_i_B,As,BAs,0.6,-0.011733209702275024,0.03393867246746425
840,III-V,M_i_neut,As,BAs,-0.05,-0.02987296513943044,0.04148236454607368
841,III-V,M_B,B,BSb,-1.03,-0.7192461469114166,0.05775251242670801
842,III-V,M_A,Sb,BSb,0.47,-0.04610828389870294,0.06321424326526345
843,III-V,M_i_A,B,BSb,-0.54,-0.5751884339309472,0.03919790915209415
844,III-V,M_i_B,B,BSb,-0.41,-0.573182094795583,0.04079175013330797
845,III-V,M_i_neut,B,BSb,-0.39,-0.5745536755418679,0.04185024432166297
846,III-V,M_i_A,Sb,BSb,0.56,0.044956496708291924,0.039685902622874664
847,III-V,M_i_B,Sb,BSb,0.64,0.09047422650517166,0.03470008221324991
848,III-V,M_i_neut,Sb,BSb,0.45,0.05901350839339446,0.0352802215761499
849,III-V,M_B,Al,AlP,0.06,0.18773925098742733,0.05748115470669488
850,III-V,M_A,P,AlP,0.55,-0.15528060161550009,0.062375028228100614
851,III-V,M_i_A,Al,AlP,0.63,0.542370554061143,0.04463662178899537
852,III-V,M_i_B,Al,AlP,1.13,0.5479062185386543,0.0421051088760325
853,III-V,M_i_neut,Al,AlP,1.08,0.5513478650747942,0.041421248994678826
854,III-V,M_i_A,P,AlP,0.65,0.6358341436627415,0.036042157552534655
855,III-V,M_i_B,P,AlP,0.82,0.6334811519758101,0.037681888242638566
856,III-V,M_i_neut,P,AlP,-0.05,0.6324487446162965,0.035917056142591434
857,III-V,M_B,Al,AlAs,-0.13,0.07467484465004089,0.05503492267698458
858,III-V,M_A,As,AlAs,0.09,-0.41082053782297906,0.06257999614931696
859,III-V,M_i_A,Al,AlAs,0.3,0.33185861410009343,0.03739627799726285
860,III-V,M_i_B,Al,AlAs,0.83,0.3389321251797635,0.03323565264218574
861,III-V,M_i_neut,Al,AlAs,0.83,0.3377314551419083,0.032556857701883116
862,III-V,M_i_A,As,AlAs,0.63,0.4183996578430217,0.033458278499610264
863,III-V,M_i_B,As,AlAs,0.68,0.4337692944451179,0.02751997334191503
864,III-V,M_i_neut,As,AlAs,-0.06,0.4205745627196002,0.03395586882527362
865,III-V,M_B,Al,AlSb,-0.41,-0.19027801882676845,0.04486752049181358
866,III-V,M_A,Sb,AlSb,0.12,-0.4050935821905147,0.0630694700561682
867,III-V,M_i_A,Al,AlSb,-0.28,0.20190952708527088,0.031281952359749836
868,III-V,M_i_B,Al,AlSb,0.1,0.21786060993792847,0.036256901216432866
869,III-V,M_i_neut,Al,AlSb,0.24,0.21540934114500856,0.03287409067192386
870,III-V,M_i_A,Sb,AlSb,0.54,0.494529942077242,0.03546467784846202
871,III-V,M_i_B,Sb,AlSb,0.57,0.5221519920606472,0.03841925615569478
872,III-V,M_i_A,Ga,GaN,1.43,0.926129561701092,0.07462466027453891
873,III-V,M_i_B,Ga,GaN,1.91,0.9361323492994345,0.06307275928141198
874,III-V,M_i_neut,Ga,GaN,2.36,0.9427117985052196,0.06002815438830732
875,III-V,M_B,Ga,GaP,-0.19,0.12893462376301962,0.046275552497337606
876,III-V,M_A,P,GaP,0.42,0.2540540616910786,0.04762724073693883
877,III-V,M_i_A,Ga,GaP,-0.21,0.44404058986633393,0.042890749234234395
878,III-V,M_i_B,Ga,GaP,0.26,0.4545649512135702,0.04355627950785115
879,III-V,M_i_neut,Ga,GaP,0.41,0.4576454956223615,0.04185645456170362
880,III-V,M_i_A,P,GaP,0.54,0.37896443129957624,0.028287880656774234
881,III-V,M_i_B,P,GaP,0.68,0.37676970553168065,0.030251228514795545
882,III-V,M_i_neut,P,GaP,-0.36,0.37170284319870045,0.030480675880404075
883,III-V,M_B,Ga,GaAs,-0.42,-0.23998788716155764,0.04645138191510121
884,III-V,M_A,As,GaAs,-0.15,0.04456891789830386,0.06989794604527745
885,III-V,M_i_A,Ga,GaAs,-0.42,0.096024885100604,0.02874575353966682
886,III-V,M_i_B,Ga,GaAs,-0.11,0.10955475962657608,0.026684093217524615
887,III-V,M_i_neut,Ga,GaAs,0.06,0.10389294459216743,0.02777308147397556
888,III-V,M_i_A,As,GaAs,0.4,0.10679478523663126,0.028963854415155855
889,III-V,M_i_B,As,GaAs,0.44,0.11692075849294373,0.02772295609278714
890,III-V,M_i_neut,As,GaAs,-0.37,0.10336026927443909,0.028756364656759497
891,III-V,M_B,Ga,GaSb,-0.56,-0.26961764192940735,0.03323680135248035
892,III-V,M_A,Sb,GaSb,0.03,0.018177815694308617,0.061603127559105485
893,III-V,M_i_A,Ga,GaSb,-0.26,0.08722284760997583,0.032241809975433945
894,III-V,M_i_B,Ga,GaSb,-0.19,0.10541806058983993,0.030563033707323623
895,III-V,M_i_neut,Ga,GaSb,-0.16,0.09497587015930695,0.031174029175900377
896,III-V,M_i_A,Sb,GaSb,0.42,0.1746137244901556,0.029221288763947903
897,III-V,M_i_B,Sb,GaSb,0.4,0.19715056763444588,0.03096752149930186
898,III-V,M_i_neut,Sb,GaSb,-0.22,0.17858407061399764,0.0313806791352836
899,III-V,M_i_A,In,InN,0.9,0.9051080745316267,0.05226843890815236
900,III-V,M_i_B,In,InN,0.75,0.8992500548857993,0.06446144018177126
901,III-V,M_i_A,N,InN,-0.45,-0.0933433203804098,0.0563121158293566
902,III-V,M_i_B,N,InN,-0.25,-0.08610660915316759,0.05805862095417774
903,III-V,M_i_neut,N,InN,-0.49,-0.09137264045880354,0.05511307427710937
904,III-V,M_B,In,InP,0.16,0.05627202386879955,0.04639810803209999
905,III-V,M_A,P,InP,0.28,-0.18061837684419652,0.052257161011129864
906,III-V,M_i_A,In,InP,0.23,0.42896877791819943,0.02951950050776925
907,III-V,M_i_B,In,InP,0.54,0.42726890663446515,0.027746898028243008
908,III-V,M_i_neut,In,InP,0.58,0.43350078858948293,0.03001309595931868
909,III-V,M_i_A,P,InP,0.46,0.23841193733540172,0.033464713487165704
910,III-V,M_i_B,P,InP,0.64,0.23714989142228465,0.0368059388872042
911,III-V,M_i_neut,P,InP,-0.11,0.23884407307944205,0.036429930354968526
912,III-V,M_B,In,InAs,-0.02,-0.18623704793737458,0.05430847448951395
913,III-V,M_A,As,InAs,-0.17,-0.38441183810295865,0.05189764549399807
914,III-V,M_i_A,In,InAs,-0.06,0.1912611730668154,0.03437817542942386
915,III-V,M_i_B,In,InAs,0.22,0.21422720316570176,0.0324842468133412
916,III-V,M_i_neut,In,InAs,0.34,0.20416548665047368,0.03214896600229528
917,III-V,M_i_A,As,InAs,0.39,0.1052716896224402,0.0364255725526487
918,III-V,M_i_B,As,InAs,0.41,0.1163011304798494,0.03411037916532198
919,III-V,M_i_neut,As,InAs,-0.13,0.11016675198042525,0.03547427573662443
920,III-V,M_B,In,InSb,-0.3,-0.2585263045817646,0.03183384128096387
921,III-V,M_A,Sb,InSb,-0.13,-0.3321038862072511,0.05550773980221841
922,III-V,M_i_A,In,InSb,-0.21,0.15054304025264142,0.029820454960616288
923,III-V,M_i_B,In,InSb,-0.15,0.17713269234999818,0.027960126417342884
924,III-V,M_i_neut,In,InSb,0.0,0.1639777198493919,0.029565556374079188
925,III-V,M_i_A,Sb,InSb,0.37,0.17598706665374228,0.029110315179497682
926,III-V,M_i_B,Sb,InSb,0.36,0.19448369377225336,0.029280004724900048
927,III-V,M_i_neut,Sb,InSb,-0.15,0.18160611371272095,0.027783783958146704
928,IV-IV,M_i_A,In,SiC,1.69,0.6854238587992676,0.04283272567521334
929,IV-IV,M_i_neut,Br,SiC,2.46,0.7603167188887936,0.0642954194525276
930,IV-IV,M_A,Ba,GeC,-0.29,0.5054369564828016,0.0567797722536759
931,IV-IV,M_i_A,Sn,GeC,1.51,0.9166834917465068,0.057260335528666585
932,IV-IV,M_i_A,S,GeC,0.31,0.5846644595719118,0.05849152432718379
933,IV-IV,M_i_A,Se,GeC,0.83,0.7277093808364359,0.06200605523415866
934,IV-IV,M_i_neut,Pb,GeC,1.3,0.8265024917657753,0.056727817353602855
935,IV-IV,M_i_A,Se,SnC,0.52,0.5285630059491471,0.03840117454903652
936,IV-IV,M_i_A,Si,Si,0.32,0.04280458195593795,0.03687288054344786
937,IV-IV,M_i_neut,Si,Si,-0.31,0.04438137877199722,0.038940954414289956
938,IV-IV,M_i_A,Ge,Ge,-0.04,0.12007801432467935,0.028287908407565454
939,IV-IV,M_i_neut,Ge,Ge,-0.26,0.1264590824574687,0.03063923785159436
940,IV-IV,M_i_A,Sn,Sn,-0.1,0.17297712004924096,0.02712379380295015
941,IV-IV,M_A,C,SiC,-1.07,-0.6875385953534133,0.06715439794509007
942,IV-IV,M_B,Si,SiC,-0.14,0.2755776815490357,0.07107485168133604
943,IV-IV,M_i_A,C,SiC,0.17,0.2627554744731671,0.053860490058825844
944,IV-IV,M_i_B,C,SiC,0.88,0.2655477126304938,0.05388230787544069
945,IV-IV,M_i_neut,C,SiC,0.87,0.2602227198338457,0.05161597122196737
946,IV-IV,M_i_A,Si,SiC,1.43,0.7143963113398641,0.039181599089026256
947,IV-IV,M_i_B,Si,SiC,1.35,0.7119008729698564,0.04041908867071714
948,IV-IV,M_i_neut,Si,SiC,1.48,0.7142390416308226,0.042027410896234706
949,IV-IV,M_A,C,GeC,-1.08,-0.535603687230483,0.06648462931187281
950,IV-IV,M_B,Ge,GeC,-0.46,0.21263269654598088,0.06872199442715339
951,IV-IV,M_i_A,C,GeC,0.31,0.2795102490995105,0.06259171259762036
952,IV-IV,M_i_neut,C,GeC,0.55,0.2820380338330861,0.061260906451008255
953,IV-IV,M_i_A,Ge,GeC,1.51,0.8158220556682337,0.044792964138058625
954,IV-IV,M_i_B,Ge,GeC,1.23,0.8040536677621081,0.06022244173955492
955,IV-IV,M_i_neut,Ge,GeC,1.44,0.8159430814090414,0.04580499863618932
956,IV-IV,M_A,C,SnC,-0.82,-0.9744993063043067,0.06274592982188779
957,IV-IV,M_B,Sn,SnC,-0.02,0.1476329274558718,0.08015475294533475
958,IV-IV,M_i_A,C,SnC,0.05,0.16349458420002766,0.059781266462389786
959,IV-IV,M_i_neut,C,SnC,-1.13,0.14798455691249526,0.05056869376690547
960,IV-IV,M_i_B,Sn,SnC,0.98,0.7911093665268302,0.03592244703562505
961,IV-IV,M_i_neut,Sn,SnC,1.13,0.7952376656157795,0.041405488105076674
962,IV-IV,M_A,Ge,SiGe,-0.68,-0.7164581297868355,0.03621759587594644
963,IV-IV,M_B,Si,SiGe,-0.72,-0.2666657027618696,0.031093560881694647
964,IV-IV,M_i_A,Ge,SiGe,0.37,0.13778363004914004,0.02686940070349151
965,IV-IV,M_i_neut,Ge,SiGe,0.29,0.14118687349218306,0.025047397672561617
966,IV-IV,M_i_A,Si,SiGe,0.29,0.1403335970971709,0.028155820304259057
967,IV-IV,M_i_B,Si,SiGe,0.24,0.14506007208784732,0.025134567857662604
968,IV-IV,M_A,Sn,SiSn,-0.53,-0.6835547561027019,0.03434815806190725
969,IV-IV,M_B,Si,SiSn,-0.68,-0.6005520223316438,0.055423877845394785
970,IV-IV,M_i_A,Sn,SiSn,0.3,0.14901968014852768,0.02523315131641454
971,IV-IV,M_i_B,Sn,SiSn,0.31,0.18092528576914474,0.027345250087134745
972,IV-IV,M_i_neut,Sn,SiSn,-0.11,0.15773267094613863,0.02306835730106239
973,IV-IV,M_i_A,Si,SiSn,0.08,0.036824236470962626,0.027185996935227306
974,IV-IV,M_i_B,Si,SiSn,0.14,0.04390795120682548,0.026239261968438607
975,IV-IV,M_i_neut,Si,SiSn,-0.74,0.03464224527279153,0.02257810364160233
976,IV-IV,M_A,Sn,GeSn,-0.34,-0.6069145249962425,0.039649264854337125
977,IV-IV,M_i_A,Sn,GeSn,0.05,0.152128271774907,0.026867641340969535
978,IV-IV,M_i_B,Sn,GeSn,0.08,0.18102877313075377,0.02824932483693942
979,IV-IV,M_i_neut,Sn,GeSn,-0.02,0.16112381218314836,0.02553570020538792
980,IV-IV,M_i_A,Ge,GeSn,-0.02,0.039978289748167396,0.02653896800069315
981,IV-IV,M_i_B,Ge,GeSn,-0.01,0.05602594160697487,0.027186824002678522
982,IV-IV,M_i_neut,Ge,GeSn,-0.1,0.048562332287224064,0.02498441120450002
