,Type,Site,Impurity,AB,(-2/-3)_DFT,train_mean,train_std
0,IV-IV,M_i_neut,Cl,GeC,3.4609550000000002,3.3781000745928367,0.030006044566785364
1,III-V,M_i_neut,Te,BAs,2.4713849999999997,2.560877429163999,0.022119071890343726
2,IV-IV,M_i_B,Cd,GeC,3.605579,3.4642573040183224,0.02339847376670034
3,III-V,M_i_B,Zr,BP,2.592478,2.698418365486662,0.02403469839258673
4,III-V,M_B,Ag,GaN,4.436649,5.2045824081786405,0.05748218767536037
5,III-V,M_i_neut,Bi,BSb,1.907068,1.9699078605326004,0.02771368891673364
6,II-VI,M_B,Ca,ZnS,4.3779900000000005,4.520243875749543,0.036808708431547585
7,II-VI,M_B,V,CdO,2.699806,2.7716847019683315,0.04002519506112512
8,IV-IV,M_i_neut,S,SnC,2.86475,2.4612630767595105,0.018608303508416083
9,II-VI,M_i_neut,Zr,ZnS,4.2242809999999995,4.3529598656211075,0.02981731139336601
10,IV-IV,M_i_neut,Br,SnC,2.605436,2.6839512285109928,0.022901424601283183
11,II-VI,M_i_A,Ta,ZnS,4.279407,4.285796944436353,0.03191175822892556
12,IV-IV,M_i_neut,Cd,SnC,2.634871,2.541534191027098,0.023583788734820664
13,IV-IV,M_i_B,Mg,SnC,2.5765569999999998,2.643443731173613,0.026702841458044996
14,III-V,M_i_B,Cs,InN,3.000505,2.8425038255778596,0.04679407779683859
15,IV-IV,M_i_neut,Re,GeC,3.011372,3.213872479509212,0.026552564058016925
16,II-VI,M_B,Hf,CdSe,2.4153740000000004,2.649388017877692,0.0187275346855042
17,III-V,M_i_B,Ta,BP,2.638146,2.665638308701969,0.022208856034503285
18,II-VI,M_i_A,Ta,CdO,2.91908,2.4496066357790154,0.029922420663376154
19,IV-IV,M_B,Nb,GeC,3.274626,3.4604696052665362,0.03832457651082935
20,II-VI,M_i_A,In,ZnO,4.321616000000001,4.121451829073709,0.039688400277294075
21,II-VI,M_A,Re,ZnO,3.7704050000000002,4.03580302037216,0.025677244013544036
22,II-VI,M_i_A,Si,CdO,1.893907,2.3479487198028957,0.03256371395045026
23,IV-IV,M_i_A,Mo,GeC,3.333224,3.2293865774496253,0.029734101033996242
24,IV-IV,M_A,Rb,SiC,3.1844669999999997,3.7996045730666284,0.02494235796218087
25,IV-IV,M_i_A,Sn,SnC,2.559483,2.5944015851986086,0.021093032789272326
26,IV-IV,M_B,Sc,SiC,3.868843,3.868258157058578,0.03566801152181709
27,III-V,M_i_A,S,BAs,2.188607,2.363521736067674,0.026638760787107887
28,III-V,M_B,Zr,AlP,2.9533490000000002,2.833442592952855,0.02231978782084076
29,IV-IV,M_B,Nb,SnC,2.5642270000000003,2.6445214409411664,0.027398383367457136
30,II-VI,M_i_A,Ta,CdS,3.0766430000000002,3.1770870836283693,0.02424870507855723
31,II-VI,M_i_A,Y,ZnS,4.509034,4.42828538910822,0.0334420686321747
32,IV-IV,M_i_B,Ir,SiC,3.973818,3.6110898974723087,0.028699706498574153
33,III-V,M_i_A,Au,BP,2.874314,2.7837331929621576,0.019757527715691392
34,IV-IV,M_i_B,Ru,GeC,3.479941,3.325009811179625,0.027718504993083305
35,IV-IV,M_i_B,Ta,SnC,2.490783,2.593120471602223,0.03205566577468007
36,IV-IV,M_i_B,Si,SnC,2.474191,2.579148367463284,0.01831094011161511
37,II-VI,M_i_B,Ga,ZnO,4.470591000000001,4.119972482411926,0.04415887978999144
38,II-VI,M_B,Na,CdS,3.139749,3.239678869584253,0.03509153981644985
39,II-VI,M_i_A,Mo,CdS,3.275121,3.10087658926655,0.02344725584939388
40,II-VI,M_i_neut,Pb,ZnS,3.4923319999999998,4.246110018690646,0.02469867182030311
41,IV-IV,M_B,I,SiC,3.801682,3.9714852331425035,0.028556930480365703
42,II-VI,M_i_neut,La,ZnSe,3.5,3.5227387186961403,0.023085578044825972
43,II-VI,M_i_A,Tc,CdO,2.695878,2.4126258896649855,0.02564484797943107
44,II-VI,M_B,Zr,CdTe,2.177481,2.3271469573169994,0.013777509683884933
45,II-VI,M_B,La,CdTe,2.202244,2.3975183501611506,0.016916018157718742
46,II-VI,M_B,W,CdTe,2.0971040000000003,2.1183501972809085,0.012767173415642933
47,IV-IV,M_i_A,Ru,SiC,3.8202309999999997,3.5858353350571335,0.02808948025920963
48,III-V,M_i_neut,Cl,BSb,2.019062,1.9014663324816805,0.03252826883433099
49,II-VI,M_i_B,Al,ZnS,4.340814,4.3159351813624784,0.032908540432466694
50,IV-IV,M_i_B,Al,GeC,3.4131519999999997,3.400378580363095,0.02161543166022193
51,III-V,M_i_neut,Pt,BP,2.918965,2.7698665082394487,0.021441769959157093
52,III-V,M_i_neut,Ag,BP,2.997694,2.8167397527604168,0.022446223396047515
53,III-V,M_i_A,Ba,GaP,2.621166,2.4825278613948414,0.043111173746877875
54,II-VI,M_B,Nb,CdTe,1.998906,2.2439056761536165,0.01566425568920591
55,IV-IV,M_i_A,Tc,SiC,3.682026,3.583066476713428,0.02329464311199418
56,II-VI,M_B,Y,CdTe,2.09043,2.4049857354873816,0.012465133364637842
57,III-V,M_i_B,I,AlP,3.187456,3.117776120404641,0.027576955256852487
58,II-VI,M_B,Ca,CdSe,2.695773,2.852795245952321,0.018153471487061205
59,III-V,M_i_A,Be,GaN,4.856371,4.674099866839606,0.07797054372244108
60,III-V,M_B,I,InN,2.988259,3.2631575501763486,0.05634351359335418
61,IV-IV,M_i_A,B,SiC,3.7045879999999998,3.578790752832898,0.030257652593420503
62,II-VI,M_B,Co,ZnS,3.7535489999999996,4.214363568277426,0.029931665799381755
63,III-V,M_i_A,W,BP,2.641248,2.601099412563151,0.020992092739313305
64,III-V,M_B,Ba,InP,2.188255,2.0532789634214548,0.037121489814076425
65,III-V,M_B,La,GaAs,1.564614,1.643901101798819,0.031711357903935526
66,II-VI,M_B,Si,ZnS,3.9699419999999996,4.13780841464581,0.03157385576871849
67,II-VI,M_i_B,Sn,CdO,2.9045330000000003,2.5574402723947434,0.03253420540269498
68,III-V,M_i_B,Tc,BAs,2.1060060000000003,2.3109524531492918,0.02592624460317673
69,II-VI,M_B,Os,CdSe,2.322718,2.4461778718687754,0.01859089295026906
70,II-VI,M_B,Mo,CdTe,2.114725,2.1684315277351383,0.01616482723026169
71,II-VI,M_B,Re,CdTe,2.20474,2.1949351258744554,0.014971880753051961
72,II-VI,M_i_A,Ba,ZnSe,3.680011,3.665859130235583,0.02046637833637297
73,II-VI,M_B,Ti,CdTe,2.157498,2.2989452372530357,0.013398455659506363
74,II-VI,M_B,Sc,CdTe,1.952177,2.3466804624546507,0.012838520312808388
75,II-VI,M_i_A,Cl,ZnO,3.845697,3.8633094053535237,0.058336719849026414
76,II-VI,M_B,Ta,CdTe,2.098002,2.222863754935479,0.018218102868788305
77,II-VI,M_B,Ba,CdTe,2.471447,2.53647259783878,0.012165013312662355
78,IV-IV,M_i_neut,O,GeC,3.045044,3.1026953009440597,0.030248206991996908
79,II-VI,M_i_A,Sc,ZnS,4.446814,4.350547129671715,0.031395615287025995
80,II-VI,M_i_neut,Ti,ZnS,4.320391000000001,4.295676656146325,0.02862307266755764
81,IV-IV,M_B,Sb,SiC,3.979089,3.829661673299222,0.02850795395053194
82,III-V,M_A,Hf,BAs,2.588606,2.536218494569095,0.03273298817925
83,II-VI,M_i_neut,Cs,CdS,3.452809,3.3551773529347835,0.03815263600142765
84,IV-IV,M_i_B,C,SnC,2.589931,2.356759344073601,0.020011654281520363
85,IV-IV,M_B,Te,SnC,2.68933,2.766047752932919,0.02630657967019604
86,IV-IV,M_i_B,F,GeC,3.4688879999999997,3.2515715197810096,0.06362632800362872
87,II-VI,M_i_neut,Cs,ZnSe,3.283547,3.5268568566838354,0.04046048314337683
88,IV-IV,M_A,Pb,SnC,2.524943,2.395165904276282,0.0311292364720435
89,II-VI,M_i_B,Ir,CdS,2.814996,3.166694730017613,0.019864213881410745
90,II-VI,M_i_B,Bi,ZnSe,3.141839,3.366728679069257,0.01901475373814353
91,II-VI,M_i_B,Mg,ZnS,4.560525,4.408542014167763,0.03192490511798949
92,II-VI,M_B,Sr,CdTe,2.396041,2.581965438937085,0.014717203569154944
93,II-VI,M_i_neut,Na,ZnO,4.183408,4.061093711215776,0.04309730623848409
94,IV-IV,M_i_neut,Zn,SiC,3.73717,3.6925143939319596,0.02874617185089299
95,IV-IV,M_i_B,Al,SiC,3.668305,3.713278621445056,0.02776703597484816
96,II-VI,M_B,I,ZnO,4.423181,4.327457382657959,0.0555287096395437
97,IV-IV,M_A,Rh,GeC,2.943355,3.162211681831846,0.02615275158717134
98,II-VI,M_B,Ca,CdTe,2.277767,2.5368192892898165,0.015704781980145764
99,II-VI,M_i_neut,Ir,ZnS,4.1869,4.151061624520798,0.02928040275512803
100,IV-IV,M_i_B,C,SiGe,1.217235,1.1898912194749593,0.020996879363080954
101,IV-IV,M_B,Re,SnC,2.517011,2.515232979714797,0.0300704799348471
102,III-V,M_i_B,C,AlAs,2.7,2.3828197154399526,0.027165741905368714
103,III-V,M_A,Te,BP,2.707594,3.049189437103775,0.02742553914804427
104,II-VI,M_i_B,C,CdTe,2.317307,2.064476045070273,0.019041506406564008
105,III-V,M_i_neut,Pb,AlP,3.01114,2.997084562802386,0.028089704240088113
106,IV-IV,M_B,Li,GeC,2.55306,3.3246642299327234,0.05093870325476037
107,II-VI,M_i_B,Y,CdO,2.769374,2.692086312204043,0.025181071632215137
108,II-VI,M_i_A,C,CdTe,1.92534,2.0600232946206694,0.019229820235339444
109,II-VI,M_i_A,W,CdTe,2.3400830000000004,2.293126663375573,0.01525449456302525
110,IV-IV,M_A,As,SnC,2.403295,2.3307240080784237,0.028495129561817066
111,III-V,M_i_B,Pb,GaP,2.723523,2.637463551252977,0.03999250725927663
112,IV-IV,M_i_neut,W,SnC,2.328823,2.3019274385506705,0.030652721200936248
113,II-VI,M_i_A,C,ZnTe,1.780857,2.3389320225458383,0.02964765129582318
114,II-VI,M_i_neut,W,ZnTe,2.5761950000000002,2.5916018513865753,0.03285287090358887
115,II-VI,M_i_neut,In,CdO,2.706236,2.5781214747377974,0.02490104178353998
116,II-VI,M_i_B,Sb,CdTe,2.107519,2.3652208530225303,0.012933431081881424
117,II-VI,M_i_A,Re,CdTe,2.377885,2.37588847404614,0.018284911922987725
118,II-VI,M_B,Os,CdTe,2.09305,2.1138280763029162,0.01398343023961774
119,II-VI,M_i_neut,C,CdTe,2.4444169999999996,2.060245521092125,0.017958356196920496
120,IV-IV,M_B,Bi,GeC,3.7220089999999995,3.526916110707931,0.03253257440426589
121,II-VI,M_i_B,Re,CdTe,2.254604,2.400524231977181,0.020525052395092377
122,II-VI,M_B,Ru,CdTe,2.091637,2.1726984895518116,0.012128266996401947
123,II-VI,M_A,O,CdS,2.719215,2.8117464813127535,0.030274887560019646
124,II-VI,M_i_A,Al,CdS,3.3759330000000003,3.220566257274412,0.025882373642089944
125,II-VI,M_A,Ru,CdO,2.44188,2.383938075062955,0.026811796534441754
126,II-VI,M_i_A,Pb,CdO,2.776866,2.4445468424097307,0.025850708016855344
127,II-VI,M_B,Tc,CdTe,2.210972,2.2049614074355057,0.018418007684976
128,II-VI,M_B,V,CdTe,2.033583,2.254282644864194,0.01488964294579634
129,II-VI,M_B,Rh,CdTe,2.127071,2.1532040434432176,0.012284164661239428
130,II-VI,M_i_B,Zr,CdTe,2.446561,2.4767512325435392,0.014044162753291619
131,II-VI,M_i_B,W,CdTe,2.441653,2.3197216742759146,0.01642067898197743
132,IV-IV,M_i_neut,Sr,Si,1.7061080000000002,1.8872851119541025,0.02486403341683925
133,II-VI,M_i_A,Be,CdS,3.34164,3.1563738482673367,0.0285043466128338
134,II-VI,M_i_neut,La,CdTe,2.578718,2.544947226181177,0.019091016008436754
135,IV-IV,M_i_A,C,Si,1.288743,1.3365437338213026,0.022499231106067625
136,II-VI,M_i_A,Sb,CdTe,2.117354,2.3487578330194774,0.013684552384536038
137,II-VI,M_i_neut,W,CdTe,2.292494,2.2812253026816904,0.01711329799607132
138,II-VI,M_i_neut,Sb,CdTe,2.383843,2.34290707545249,0.01318467510103005
139,III-V,M_i_A,Tc,InP,1.9951720000000002,2.001818546419968,0.02098862546502435
140,IV-IV,M_B,Au,GeC,3.1181400000000004,3.430778584746902,0.03450818199690994
141,III-V,M_i_B,Ti,BAs,2.293191,2.3042830559010623,0.027103369876281744
142,II-VI,M_i_B,La,CdSe,3.07324,2.9057154796424514,0.01950469805620746
143,III-V,M_i_B,Mg,GaN,5.127205,4.837855941849876,0.08592989822124801
144,II-VI,M_i_neut,Zr,CdTe,2.226891,2.45591610341636,0.013746480217002017
145,II-VI,M_B,Cd,CdS,2.91876,3.2345491766300354,0.026776319445166844
146,II-VI,M_i_A,Sn,CdS,3.3047940000000002,3.1531214350467693,0.022354958812554733
147,II-VI,M_B,Hf,CdTe,2.175641,2.3186870367046017,0.018531079166616195
148,II-VI,M_i_B,Rb,CdS,3.571989,3.5032474064773482,0.025630363971852865
149,II-VI,M_i_B,Os,CdTe,2.104975,2.316617701045776,0.014084030522832481
150,II-VI,M_i_neut,Y,CdTe,2.574491,2.5335510668830525,0.01387152089175993
151,II-VI,M_B,Zn,CdS,2.784595,3.2007342424497693,0.029398627565658735
152,II-VI,M_i_B,Be,ZnO,4.147583,3.967610447170885,0.040179767136124
153,II-VI,M_i_neut,Nb,CdTe,2.437003,2.372367497673578,0.013640870479657861
154,IV-IV,M_i_A,Pb,Si,1.788904,1.6344096090069766,0.02685148998848848
155,II-VI,M_B,C,CdTe,1.9156419999999998,1.9662932365571393,0.019220164022883957
156,II-VI,M_i_A,Mo,CdTe,2.430486,2.305679712492979,0.013388058014130169
157,II-VI,M_B,Rh,ZnSe,3.09555,3.155439307142367,0.025923268571075523
158,II-VI,M_i_B,Nb,CdTe,2.416249,2.394370397890367,0.014531025100763815
159,III-V,M_i_neut,Sr,AlAs,2.727993,2.6160827371722717,0.03186237221510084
160,IV-IV,M_i_A,Fe,SnC,2.540655,2.426396360058982,0.023442697539553387
161,II-VI,M_i_neut,Re,CdTe,2.291897,2.3642388684796236,0.019862848801972553
162,II-VI,M_i_B,La,CdTe,2.7099599999999997,2.5767775880118586,0.01992349581456773
163,II-VI,M_B,C,ZnSe,2.846282,2.9475255328466337,0.02357056751194523
164,II-VI,M_i_A,Os,CdTe,2.353152,2.2932490578479423,0.014916590076389909
165,IV-IV,M_i_neut,Ta,SiGe,2.0,1.4287894816463562,0.01629802538076403
166,II-VI,M_i_B,Ag,ZnO,4.24242,4.057142142889048,0.036762702335348965
167,II-VI,M_i_B,Sr,CdO,2.812395,2.86730439257973,0.02882587024756839
168,III-V,M_i_B,Hf,InP,2.196743,2.1427872058797455,0.02169430745676721
169,II-VI,M_i_B,Ta,CdTe,2.356633,2.423887731270507,0.019709063647081537
170,II-VI,M_B,Cr,CdTe,2.051452,2.262700318037576,0.016535437459843153
171,IV-IV,M_B,Pd,SiC,3.8841349999999997,3.747018245448315,0.032474682941696094
172,III-V,M_i_B,B,AlP,2.806816,2.749124547417824,0.027951313218860165
173,II-VI,M_i_A,Nb,CdTe,2.341123,2.3809522433811274,0.01504477810297476
174,III-V,M_i_B,Ta,InAs,1.6457439999999999,1.5737856653109774,0.02733462492372766
175,III-V,M_i_B,W,InAs,1.630435,1.484236151571016,0.02377383951075926
176,III-V,M_i_A,Te,AlAs,2.610303,2.717625518066444,0.02762785726958264
177,II-VI,M_i_B,Ti,CdS,3.381648,3.2475968391039225,0.02259685776736001
178,II-VI,M_i_A,Zr,ZnTe,2.58507,2.7597985196310972,0.035572223571889085
179,II-VI,M_i_A,Zr,CdTe,2.59645,2.4634581181196693,0.01393402356020814
180,III-V,M_i_neut,Mo,AlP,2.546037,2.7831660322388743,0.017421171745624613
181,III-V,M_B,Mg,GaP,1.985212,2.3803760287471007,0.040361385174682525
182,II-VI,M_A,Sb,ZnO,4.244441999999999,4.042000462938941,0.046683573468217686
183,II-VI,M_B,Rb,CdTe,2.569753,2.5169296280719906,0.014579135948940738
184,II-VI,M_A,Ir,CdO,2.511734,2.324329133337373,0.027077321225645636
185,II-VI,M_i_B,Rh,CdS,2.81127,3.1550249999795907,0.02341058095607163
186,II-VI,M_i_neut,Ta,CdTe,1.079331,2.379295494065956,0.013781189437001316
187,IV-IV,M_A,Bi,SiC,3.758488,3.6089400641704357,0.02919718443333614
188,II-VI,M_i_neut,Sc,CdTe,2.5665270000000002,2.46083717816722,0.012078814252309118
189,II-VI,M_B,Fe,CdTe,2.898275,2.256855227355558,0.01234110329003791
190,II-VI,M_i_B,As,ZnSe,2.658819,3.25270532245288,0.01757657899536799
191,II-VI,M_B,Co,CdTe,2.086062,2.234568956675905,0.012483583433304645
192,II-VI,M_i_neut,Ga,CdS,3.373706,3.254879349405143,0.02591786778188129
193,II-VI,M_i_neut,Mo,CdTe,2.361259,2.2996185618573657,0.013776679431920702
194,II-VI,M_i_neut,Co,CdO,2.571491,2.4273736093818665,0.024665146252548776
195,II-VI,M_B,K,CdTe,2.549674,2.4936352169197185,0.014986526039142592
196,II-VI,M_i_B,Y,CdTe,2.7255409999999998,2.553956600584523,0.015069216319461471
197,II-VI,M_i_A,Te,ZnSe,3.248464,3.2527157329420846,0.0213076544389723
198,II-VI,M_B,B,CdTe,1.057379,2.188388179074937,0.017135221547962536
199,II-VI,M_B,Be,CdTe,1.5720100000000001,2.251723968848215,0.02240195138675137
200,III-V,M_i_neut,W,GaSb,0.820047,0.9771875569992252,0.026862540356232232
201,II-VI,M_i_A,Zn,ZnS,4.485951999999999,4.318184365770131,0.029093034503166023
202,II-VI,M_A,Zr,CdS,3.3051180000000002,3.2482371751725565,0.02540136454273414
203,II-VI,M_B,Li,ZnTe,2.118866,2.4477592726568274,0.04489688956185644
204,II-VI,M_i_neut,Ba,CdTe,2.650286,2.6822386165893493,0.013450049616413506
205,II-VI,M_i_neut,As,CdS,2.804982,3.0841047073158827,0.02195820077462817
206,III-V,M_B,Hf,InSb,1.1915440000000002,0.9421209314850764,0.026090945085105732
207,II-VI,M_i_B,Mo,CdTe,2.649126,2.3228156151372756,0.014828023042423609
208,II-VI,M_i_A,Ta,CdTe,2.355066,2.401744787114986,0.021173870771570655
209,III-V,M_i_A,Cl,GaP,2.546306,2.525914398009232,0.04674534325274591
210,IV-IV,M_i_neut,La,Ge,1.088535,1.1232395077669095,0.02205904017302308
211,II-VI,M_B,Mg,CdTe,2.041787,2.3991083691456447,0.020547905325732016
212,II-VI,M_B,Mn,CdTe,2.11173,2.305413279246058,0.01837248378608009
213,II-VI,M_i_B,B,CdSe,2.795287,2.5846168785046,0.022549477223246028
214,IV-IV,M_B,Rh,SiC,3.961979,3.7398103895983867,0.0273360912684199
215,II-VI,M_i_A,La,CdTe,2.584216,2.554123083502526,0.020187882271184527
216,II-VI,M_i_neut,Os,CdTe,2.2623580000000003,2.279007451449789,0.01576640201430754
217,IV-IV,M_B,Rb,SiGe,1.110645,1.5469889408372808,0.0276058619016773
218,II-VI,M_B,Cs,CdTe,2.065381,2.4048967092642455,0.03179850032605619
219,III-V,M_i_B,Zr,InN,3.081378,2.7993894312651952,0.025567537130754603
220,II-VI,M_B,Si,CdSe,2.176329,2.4719276466360918,0.023139231889954363
221,II-VI,M_B,Ir,CdTe,2.132198,2.0882933411658113,0.015112270684450242
222,II-VI,M_i_B,Ti,CdTe,2.5085439999999997,2.4185104156724684,0.011964342203325862
223,II-VI,M_i_A,B,CdTe,2.130558,2.2879435494757874,0.02130765567764999
224,III-V,M_i_neut,Ir,InP,2.0379680000000002,2.0361256346325476,0.021044357990896705
225,II-VI,M_i_B,Ru,CdTe,2.179221,2.329102607741958,0.009496022061944637
226,II-VI,M_i_neut,I,ZnSe,3.511829,3.353091268676573,0.025737980984218912
227,IV-IV,M_i_neut,Zr,Ge,1.0353569999999999,1.041873998031631,0.014626098588687676
228,II-VI,M_i_A,Y,CdTe,2.55478,2.5430831583114086,0.012373400396604589
229,II-VI,M_i_B,Sc,CdTe,2.6745740000000002,2.470278271107521,0.014892220413603868
230,III-V,M_i_B,In,AlAs,2.692723,2.6727459401142957,0.022950309076187777
231,II-VI,M_i_neut,B,CdTe,2.335843,2.2850440938138834,0.01974783880542045
232,III-V,M_i_B,Os,GaSb,0.7778010000000001,1.0486355530266411,0.02637147475107096
233,II-VI,M_i_neut,Ti,CdTe,2.573397,2.407464253828615,0.011329907311999232
234,II-VI,M_B,Tl,ZnSe,2.804377,3.3595409548451136,0.022396220027754377
235,IV-IV,M_i_neut,Rb,SiSn,1.5232700000000001,1.4812529015788005,0.022395589544176454
236,II-VI,M_i_neut,Cd,CdS,3.4895169999999998,3.259095280988685,0.024063011211810804
237,IV-IV,M_i_B,As,SiGe,1.318191,1.3717283044964599,0.017542485161247255
238,II-VI,M_A,C,CdSe,2.607941,2.352649582320338,0.021566976742619478
239,III-V,M_i_B,Zn,BSb,1.9446729999999999,1.7562589661573782,0.026211566463410114
240,II-VI,M_i_neut,Sr,CdTe,2.6855700000000002,2.7103783414464906,0.012495116803315023
241,II-VI,M_i_A,Bi,CdSe,2.621547,2.676107543208442,0.021930793931732546
242,II-VI,M_i_neut,K,CdO,2.7073240000000003,2.6793512089920073,0.02852753975023768
243,II-VI,M_i_A,Sc,CdTe,2.520083,2.4627165711149117,0.012428648689421928
244,II-VI,M_i_B,Ba,CdTe,2.799496,2.7117564556028273,0.014031420931868517
245,II-VI,M_B,Li,CdTe,1.9633080000000003,2.1631277646172578,0.0437473663188654
246,II-VI,M_i_B,Rh,CdTe,2.163712,2.309491414400474,0.010991351430310936
247,IV-IV,M_i_B,P,SiGe,1.230359,1.2758176230570197,0.014552774862686595
248,II-VI,M_i_A,Cu,ZnO,4.17957,3.937959093003774,0.03325531323282128
249,II-VI,M_i_neut,Se,ZnS,4.15536,4.051830252325558,0.029704041083848255
250,II-VI,M_i_A,Rh,CdTe,2.247275,2.294512477861984,0.010041717424864862
251,II-VI,M_i_B,Br,CdO,2.2902560000000003,2.561014893987425,0.03610606991880436
252,II-VI,M_i_B,B,CdTe,2.421351,2.29332614274689,0.019248306069464316
253,IV-IV,M_i_B,N,GeC,3.537153,3.1040510806476598,0.034372019522011764
254,II-VI,M_i_neut,Ru,CdTe,2.2294709999999998,2.3083901001736113,0.008674518727141367
255,II-VI,M_i_A,Ru,CdTe,2.3567720000000003,2.31588319849228,0.009441582451196638
256,IV-IV,M_i_A,Tl,SiGe,1.688005,1.607685738151138,0.020299529580655364
257,II-VI,M_i_B,Te,CdS,2.838851,3.2041290884788496,0.019008400300770063
258,II-VI,M_i_B,Tc,CdTe,2.343128,2.3587088559945926,0.018636796954255408
259,II-VI,M_A,C,CdTe,2.173102,2.0531956224804055,0.020650653214530867
260,II-VI,M_i_A,Tc,CdTe,2.282274,2.347435196065792,0.018137818319129664
261,III-V,M_i_B,Cd,GaP,2.712768,2.5161988301991776,0.03213613449976025
262,II-VI,M_B,Na,CdTe,2.2830209999999997,2.3493847540592587,0.024546252495495254
263,II-VI,M_i_A,Li,ZnS,4.641594,4.161907188223994,0.04864310879282781
264,III-V,M_i_B,B,AlSb,1.9532169999999998,1.9002507821949686,0.055528249261520946
265,II-VI,M_i_B,Mn,ZnS,4.4565339999999996,4.338046095534375,0.030203001561407074
266,III-V,M_B,Os,AlSb,1.6260139999999998,1.7761601031864356,0.06150748438676469
267,III-V,M_i_neut,In,InN,2.823434,2.8143795047347857,0.03431768201239804
268,III-V,M_i_A,Mn,BSb,1.9289049999999999,1.7393761386726567,0.026369545110172685
269,II-VI,M_i_A,Cd,CdS,3.4799919999999998,3.2656035312073635,0.022457685913420684
270,II-VI,M_B,Al,CdTe,1.562686,2.3086400544157195,0.014574822809317734
271,II-VI,M_i_A,Ti,CdTe,2.5623,2.4125268101801973,0.012534370315953851
272,II-VI,M_i_B,S,ZnTe,2.151077,2.365137044362954,0.03148391570104636
273,IV-IV,M_i_B,O,SiSn,0.988347,0.9556645446069787,0.030643266694652282
274,II-VI,M_i_B,Cd,CdS,3.53326,3.3426151292274455,0.02809710638919896
275,III-V,M_i_A,S,InP,1.975484,2.013052903324027,0.02073868700227754
276,II-VI,M_i_A,Ir,CdTe,2.143062,2.2674715598843216,0.015515744775670087
277,II-VI,M_B,Cd,CdSe,2.480143,2.6485768030697505,0.013591343079449631
278,II-VI,M_B,Ni,CdTe,2.085702,2.206355021421378,0.012210414550647196
279,II-VI,M_A,Rh,CdO,2.441405,2.363512679055816,0.025050425841028852
280,II-VI,M_i_neut,Pt,CdS,3.35301,3.082476769406263,0.022968827818133974
281,II-VI,M_i_neut,Sb,ZnTe,2.6076650000000003,2.6288390233224757,0.03412596076448012
282,II-VI,M_i_A,Ca,ZnTe,2.757532,2.9384640175539327,0.03714956147435608
283,II-VI,M_i_B,Na,ZnTe,2.815497,2.7368500346622193,0.03257938002108899
284,II-VI,M_i_B,Bi,CdTe,2.25849,2.4146857889916284,0.018640644815382846
285,II-VI,M_i_B,S,CdS,2.657089,2.9637982061555164,0.022580440384929748
286,II-VI,M_i_B,Ir,CdTe,2.1021,2.294164929957062,0.01657049569042332
287,II-VI,M_i_neut,Rh,CdTe,2.311384,2.288393053390533,0.00941020725607188
288,III-V,M_i_neut,Br,InP,2.147064,2.2564959869487087,0.024616248734516653
289,IV-IV,M_i_A,Os,GeSn,0.732386,0.8513715379817178,0.01915779090662633
290,II-VI,M_A,P,ZnS,4.035572,4.130420511163207,0.027470699123784394
291,II-VI,M_B,Sb,CdTe,2.287954,2.202549219377258,0.015167395445261965
292,II-VI,M_i_neut,Ca,CdSe,2.9913220000000003,2.9368440586465008,0.01495484939428521
293,IV-IV,M_i_neut,Mn,GeC,3.009623,3.3213438928509063,0.024617137839134384
294,II-VI,M_i_neut,Ca,CdTe,2.646398,2.645990839351877,0.0126565184506993
295,II-VI,M_B,Zn,CdTe,1.9066319999999999,2.300085875031216,0.014092920108601246
296,IV-IV,M_A,W,GeC,3.304637,3.0699523689084653,0.030813521453659624
297,III-V,M_i_A,Pd,InN,2.862658,2.6596640093453714,0.035002424755640055
298,II-VI,M_i_B,N,CdTe,2.3551,2.0894998897322923,0.026480798015960635
299,III-V,M_i_B,Nb,InSb,1.236566,1.1710358465699424,0.019513823556169353
300,II-VI,M_i_B,Cs,CdTe,2.812783,2.597135445932377,0.03274331795823601
301,IV-IV,M_i_A,Ta,Ge,0.959542,0.9759724862939276,0.021924219352290664
302,II-VI,M_i_A,K,ZnSe,3.7358849999999997,3.568381308354833,0.019294115287926097
303,II-VI,M_i_neut,Cd,CdO,2.603353,2.5374241571622718,0.025405588562270015
304,II-VI,M_A,Sb,CdTe,2.485635,2.2824782471994403,0.013857979245107831
305,II-VI,M_i_neut,N,CdTe,2.163623,2.087756176002062,0.027149670167336992
306,II-VI,M_i_B,Hf,CdTe,2.5049259999999998,2.521095523122908,0.01845899467600249
307,III-V,M_i_B,La,GaSb,1.379529,1.1661381030528502,0.03215473577658586
308,II-VI,M_i_A,V,CdTe,1.066608,2.365103234627875,0.012348736604580957
309,II-VI,M_i_B,Sr,CdSe,3.0458380000000003,3.0446438021149858,0.018735254289388954
310,II-VI,M_i_B,V,CdTe,2.4138919999999997,2.376989948993006,0.015854908722615465
311,IV-IV,M_A,Na,GeSn,0.625262,0.8242463266379623,0.023957836443411814
312,II-VI,M_i_neut,Tc,CdTe,2.280864,2.33706387020244,0.017372271455735278
313,IV-IV,M_A,Os,SiC,3.439861,3.4475092286022644,0.029222264875606984
314,IV-IV,M_i_B,As,SiSn,1.199292,1.1533138435947148,0.020037955445205292
315,III-V,M_B,Hg,BSb,1.310093,1.60083154300719,0.027731344192882118
316,II-VI,M_i_neut,Pb,CdTe,2.6129330000000004,2.3620356592319878,0.019591868248115242
317,III-V,M_i_A,La,AlSb,1.9064580000000002,2.0711442530156194,0.060746642252494404
318,II-VI,M_i_A,N,CdTe,1.3587069999999999,2.078307508022964,0.017471423233421247
319,II-VI,M_i_B,Sr,CdTe,2.763516,2.7296338931369086,0.01587430652259135
320,II-VI,M_B,Ge,CdSe,2.1903919999999997,2.5016448913513925,0.01873965861387614
321,II-VI,M_i_A,Ba,CdTe,2.63187,2.6905218818524554,0.011492947455359033
322,II-VI,M_i_neut,V,CdTe,2.4624479999999997,2.3644906376359622,0.015089630776576239
323,IV-IV,M_B,I,SiGe,1.535658,1.48178783954937,0.022905809885872628
324,III-V,M_i_neut,Ru,AlAs,2.5104189999999997,2.544302029538243,0.02548312035244907
325,II-VI,M_A,Ba,ZnS,4.644438,4.63207785101357,0.03338118481864439
326,II-VI,M_i_neut,Al,CdTe,2.5473,2.412682888471582,0.012862411113300977
327,II-VI,M_i_A,Fe,CdTe,2.356826,2.3734243400309607,0.010339630620315518
328,III-V,M_i_A,Cl,AlAs,2.697531,2.6687545749078887,0.028999449780850284
329,II-VI,M_i_B,Be,ZnTe,2.7429959999999998,2.6325163645443785,0.039143052054389976
330,II-VI,M_B,Zn,ZnTe,1.967586,2.586968629025079,0.0304704543136775
331,III-V,M_B,O,AlAs,2.514045,2.3557884807824787,0.0356264031069871
332,II-VI,M_i_A,S,CdS,2.677486,2.9428761673714257,0.027997090904749243
333,II-VI,M_i_A,Bi,CdTe,2.252493,2.387168571036431,0.01888542479264563
334,IV-IV,M_i_neut,Tl,SiSn,1.4711530000000002,1.4466578982231826,0.0219433868605252
335,III-V,M_i_A,Ir,GaSb,1.06289,1.1248431496964446,0.02664391769258976
336,II-VI,M_A,Bi,ZnS,4.129216,4.30653282305092,0.03324845735727896
337,IV-IV,M_i_B,K,SiGe,1.595688,1.6269984601966516,0.027839839905210956
338,II-VI,M_i_neut,Be,CdTe,2.4685599999999996,2.3477610855183904,0.021339255844404766
339,IV-IV,M_i_B,Hf,GeSn,0.970435,0.9820966852247931,0.02026590342299627
340,IV-IV,M_i_A,Zr,SiGe,1.2946959999999998,1.4931871403648151,0.022906903845222832
341,IV-IV,M_i_neut,As,Si,1.634312,1.528325481094684,0.019165075574255088
342,III-V,M_i_A,Rh,AlP,2.93109,2.843846792328022,0.02020209027005364
343,III-V,M_i_A,Tc,GaAs,1.7122990000000002,1.6233909273123495,0.024091348919447468
344,II-VI,M_i_B,Fe,CdTe,2.400929,2.3825577238142603,0.010553500577427835
345,III-V,M_B,Tl,AlAs,2.4529669999999997,2.6494968942064143,0.025776102027632326
346,II-VI,M_A,S,CdS,2.9104650000000003,2.938971768164758,0.02878004754373887
347,II-VI,M_B,Ga,CdTe,1.568666,2.333152110954261,0.016913642461251457
348,IV-IV,M_i_B,V,SiC,3.4352620000000003,3.6302106257340063,0.02691886315147105
349,IV-IV,M_A,O,Si,1.407492,1.2632330734931292,0.034364184440711196
350,IV-IV,M_i_neut,K,SiSn,1.471393,1.4226566923182735,0.02026867031991926
351,II-VI,M_B,Cu,CdTe,1.9646430000000001,2.2072180586344947,0.012438668715226527
352,II-VI,M_B,Cd,CdTe,2.066509,2.3252765125930326,0.013881597551117276
353,II-VI,M_B,In,CdTe,1.7637310000000002,2.355624620283751,0.013086336276722958
354,II-VI,M_i_neut,Bi,CdTe,2.453158,2.374972679418211,0.019858845545509728
355,III-V,M_A,Cr,BSb,1.18208,1.9329639852866858,0.02565882472956204
356,II-VI,M_i_A,Be,CdTe,2.3704709999999998,2.346238108143093,0.019395986507408584
357,II-VI,M_i_B,Pb,CdTe,2.513403,2.401932437950503,0.01855273183756062
358,IV-IV,M_i_A,Tc,SiSn,1.1506399999999999,1.1859597265448096,0.019934533087868658
359,II-VI,M_i_A,Co,CdTe,2.388195,2.354066539970268,0.008851826705588978
360,IV-IV,M_i_B,Ge,SiGe,1.473675,1.4255617428282703,0.01626178532381721
361,III-V,M_i_A,W,AlSb,1.8604349999999998,1.8989279854997059,0.061737682930278814
362,II-VI,M_A,N,CdTe,2.677556,2.081706931743647,0.025635039989610198
363,II-VI,M_i_B,Pd,ZnS,4.560199,4.280597713781086,0.028693600385502543
364,II-VI,M_i_neut,S,CdS,2.722473,2.936653154071664,0.021595429058117586
365,II-VI,M_i_neut,Rb,CdTe,2.717434,2.641796184409155,0.016546499336290345
366,II-VI,M_A,O,CdTe,2.024074,1.99863726402792,0.020631607871147647
367,II-VI,M_i_B,Sn,CdTe,2.410733,2.3812459957824723,0.010998127190968626
368,II-VI,M_i_B,Co,CdTe,2.3483389999999997,2.362625262503143,0.010820622460277072
369,II-VI,M_i_neut,Sn,CdTe,2.5479689999999997,2.35729324044087,0.011544888616262988
370,II-VI,M_B,Pb,CdTe,2.1542790000000003,2.1843205400257304,0.019381930053800334
371,IV-IV,M_i_neut,Na,Ge,1.097423,1.0470689995466622,0.02532357553270669
372,II-VI,M_i_A,Cl,ZnSe,3.3707540000000003,3.195490866133219,0.026586939475067954
373,II-VI,M_A,La,ZnO,4.2647580000000005,4.224413356055475,0.02834841544226409
374,II-VI,M_i_B,P,CdTe,1.710248,2.1826659804112483,0.018560720329677406
375,III-V,M_i_neut,Y,InSb,1.3349010000000001,1.1277455588305167,0.03498734093519658
376,II-VI,M_i_neut,Cs,CdTe,2.752312,2.5659905597654893,0.032361098925805826
377,II-VI,M_i_neut,Ir,CdTe,2.305349,2.2558791699865806,0.018015232566981194
378,III-V,M_i_neut,Ba,InAs,1.8165470000000001,1.5767371546716749,0.03076774463898785
379,II-VI,M_i_A,Cs,CdTe,2.675395,2.573516059314227,0.032621586727983994
380,IV-IV,M_A,Be,SnC,2.023154,2.2947163609125036,0.026707978377215513
381,III-V,M_A,Rb,InP,1.9796040000000001,2.0531692768046073,0.034498228455987795
382,IV-IV,M_i_neut,Rb,GeSn,1.085336,1.1306609138047574,0.022024025860963435
383,IV-IV,M_i_B,Zr,GeSn,0.9313379999999999,0.9411207644969444,0.018037610197353095
384,III-V,M_B,Pd,AlP,2.770398,2.7918015540604015,0.01931348507857184
385,II-VI,M_i_B,Si,CdTe,2.549329,2.267147907784716,0.016653988968539746
386,II-VI,M_i_A,P,ZnTe,1.9141860000000002,2.4558481309581808,0.03133098128793213
387,II-VI,M_A,W,CdTe,2.384393,2.1980307271649373,0.013198378530647356
388,II-VI,M_i_A,Si,CdTe,2.230921,2.2634929467101883,0.015614391471965965
389,II-VI,M_B,Tl,CdTe,1.851375,2.3446535941475224,0.016876095056352715
390,IV-IV,M_i_A,Mo,SiSn,1.138525,1.1566940010714333,0.01664137834620724
391,II-VI,M_i_neut,Hf,CdTe,2.265575,2.480803087817262,0.022541375105162922
392,II-VI,M_i_B,Ca,CdTe,2.729877,2.6544124963771694,0.01539342948363378
393,II-VI,M_A,Hf,ZnTe,2.770625,2.7653906028749686,0.03644223822069839
394,II-VI,M_i_neut,Mg,CdTe,2.590849,2.504466619967375,0.019817390867009517
395,II-VI,M_i_B,I,CdTe,2.475565,2.4551521050273,0.01734508877261497
396,II-VI,M_A,Re,CdTe,2.139174,2.277451395930161,0.015311302391413746
397,IV-IV,M_i_neut,Ru,SiSn,0.984872,1.1800077209775839,0.018531496901431754
398,IV-IV,M_i_A,Sn,Ge,1.176298,1.0904985068777369,0.02028778426531698
399,II-VI,M_i_A,Sr,CdTe,2.555749,2.716544793420251,0.01300513812735614
400,II-VI,M_i_B,O,CdTe,2.137283,2.020064735603101,0.020425252743384966
401,IV-IV,M_B,Cl,GeSn,0.893647,0.7950865295022167,0.02515478525728436
402,II-VI,M_i_neut,In,CdTe,2.611595,2.4976896397744484,0.00938694549109123
403,II-VI,M_i_neut,P,CdSe,2.574866,2.4693922466062537,0.022636450364705105
404,II-VI,M_i_B,Be,CdTe,2.5385720000000003,2.3499206700171045,0.020885211303282532
405,II-VI,M_i_neut,Fe,CdTe,2.320502,2.3680112848040755,0.010429037943288273
406,IV-IV,M_A,Sr,GeSn,0.84475,1.0644874057253042,0.02661601481267636
407,II-VI,M_i_neut,F,ZnO,3.550995,3.6893468112068897,0.06294173633198147
408,II-VI,M_A,F,CdTe,1.478429,2.116146721635018,0.04762888949760588
409,IV-IV,M_i_A,Mo,Sn,0.71259,0.6647055045793862,0.029916990421975324
410,IV-IV,M_A,Co,SiGe,0.9216770000000001,1.284997785210828,0.03036551775663061
411,II-VI,M_i_neut,Li,CdS,3.3383540000000003,3.080042542241258,0.04477590850067317
412,IV-IV,M_i_neut,Si,SiGe,1.4540549999999999,1.4111413124478662,0.01385311013425884
413,II-VI,M_i_A,Mn,CdTe,2.46982,2.423540837085639,0.017706336237694843
414,IV-IV,M_A,Hf,SiGe,1.456485,1.3780595292692943,0.033044246675754764
415,II-VI,M_i_A,Hf,CdTe,2.5551209999999998,2.4936810198432924,0.019754335520643027
416,III-V,M_B,Li,InAs,1.097676,1.2958037447884168,0.05538895800842613
417,II-VI,M_i_neut,Si,CdTe,2.506097,2.259077742829409,0.015241289159295148
418,IV-IV,M_i_A,Cl,Si,1.565475,1.614440911205103,0.020793353370621187
419,II-VI,M_i_A,Ni,CdTe,2.3290040000000003,2.32875372430513,0.010686538999029462
420,II-VI,M_i_B,Al,CdTe,2.748655,2.4193963662793134,0.014662491671478713
421,II-VI,M_i_A,Pb,CdTe,2.469429,2.372167120388737,0.01793033196588232
422,IV-IV,M_A,Ca,SiGe,1.2497260000000001,1.5771581799740273,0.030306571925426237
423,III-V,M_i_A,Zr,InSb,1.246208,1.1715417646622175,0.02201336860505071
424,IV-IV,M_i_A,Tc,SiGe,1.390434,1.3798813487181651,0.024167176978364863
425,II-VI,M_i_B,Te,CdTe,2.223779,2.3589244874656083,0.015614214646711404
426,II-VI,M_i_A,Sn,CdTe,2.4046,2.3662206195563273,0.012287219586743019
427,IV-IV,M_i_neut,I,Sn,0.7765350000000001,0.9617990411078103,0.03029356323701014
428,II-VI,M_i_B,As,CdTe,1.850036,2.3010244034082463,0.011958504646718007
429,IV-IV,M_i_neut,Hg,SiGe,1.596637,1.4725008173065486,0.0216218284884766
430,III-V,M_i_B,Pt,GaAs,1.684046,1.7225444973859596,0.021111197119386887
431,II-VI,M_i_B,S,CdTe,2.0775580000000002,2.149669346499029,0.022520968949213085
432,II-VI,M_i_B,Cl,CdSe,2.475074,2.59365534558459,0.022597850465701404
433,III-V,M_i_neut,Na,AlSb,2.085646,1.96806258595306,0.05413947495861141
434,II-VI,M_i_A,Al,CdTe,2.500922,2.414390700573989,0.012883023145375035
435,II-VI,M_i_neut,Co,CdTe,2.277326,2.348935380812301,0.009641602875234558
436,II-VI,M_i_neut,Hg,ZnSe,3.5371690000000005,3.395614735495916,0.022930167805789707
437,II-VI,M_i_A,Ca,CdTe,2.5305880000000003,2.648747110759623,0.01369331616027034
438,II-VI,M_B,Pt,CdTe,2.244253,2.1205746378410093,0.013390833420320044
439,II-VI,M_i_B,Mg,CdO,2.6284240000000003,2.6161318440719015,0.030244693072753008
440,II-VI,M_i_A,Mg,CdTe,2.503209,2.5040536036110295,0.020327155201718
441,II-VI,M_i_A,Cr,CdTe,2.5843439999999998,2.380792398658123,0.013422014444826696
442,II-VI,M_B,Sn,CdTe,2.124053,2.217755392437625,0.014512024125653096
443,II-VI,M_A,Os,ZnTe,2.41874,2.5580859871995933,0.036454628356933104
444,II-VI,M_i_A,P,CdTe,1.795209,2.1790657962100477,0.01904597479525047
445,II-VI,M_i_B,Se,CdTe,2.123605,2.2391522561249735,0.01503651148891936
446,II-VI,M_i_B,Rb,CdTe,2.758309,2.66264055391103,0.015615012684713303
447,II-VI,M_A,Mo,ZnTe,2.756727,2.620190382746764,0.037095466999729675
448,II-VI,M_i_A,Pt,CdTe,2.336821,2.3048397326950605,0.01410554412349984
449,II-VI,M_i_B,Ge,CdTe,2.175248,2.3184823964845327,0.012125051407757766
450,II-VI,M_A,Ru,CdSe,2.368842,2.5659393604445198,0.016969982634229715
451,III-V,M_B,Ru,GaSb,0.8314860000000001,0.9393153826520585,0.026545424717053005
452,II-VI,M_i_neut,Cd,CdSe,2.9820889999999998,2.7555783072252993,0.01435138642517157
453,II-VI,M_i_neut,I,CdTe,2.468706,2.43173984238181,0.017076435304442517
454,II-VI,M_i_A,Ge,CdTe,2.296173,2.308802247888251,0.010801498224531665
455,II-VI,M_B,Si,CdTe,2.07071,2.158641901898561,0.01860818007893589
456,II-VI,M_i_neut,Cr,CdTe,2.582809,2.3750796563302883,0.012531797393285802
457,II-VI,M_i_B,Se,CdSe,2.25778,2.5474011414154893,0.02269067260427906
458,IV-IV,M_i_neut,Ru,GeSn,0.7398520000000001,0.8533568402358085,0.018497976096456287
459,IV-IV,M_A,Y,Ge,1.024035,1.0086897042216687,0.02020991005330916
460,II-VI,M_i_A,I,CdTe,2.409652,2.439221324035624,0.017412135468767916
461,II-VI,M_A,Ru,ZnSe,3.256897,3.316603716787674,0.01852528598436618
462,II-VI,M_i_neut,Ge,CdTe,2.47283,2.302242823696546,0.010447357460728082
463,II-VI,M_B,Pd,CdTe,2.220848,2.2040703355260094,0.012528496395139444
464,II-VI,M_A,Os,CdTe,2.2125340000000002,2.1908462120973335,0.011894587883693113
465,II-VI,M_A,Mo,CdTe,2.373025,2.252126190968542,0.015593849154809119
466,II-VI,M_i_neut,Ga,CdTe,2.5628450000000003,2.4528608589590157,0.011804530030551675
467,II-VI,M_i_neut,P,CdTe,2.2920220000000002,2.1758781627091146,0.017218916909160824
468,III-V,M_A,Ta,AlAs,2.6095099999999998,2.4815481694967523,0.03071526559321183
469,II-VI,M_i_B,Mg,CdTe,2.634493,2.5095352480474467,0.02060069117798587
470,II-VI,M_B,Hg,CdTe,2.110449,2.237171081172904,0.017892763239801733
471,II-VI,M_i_neut,Mn,CdTe,2.4522459999999997,2.418889393888958,0.016689318050946856
472,II-VI,M_i_B,Mn,CdTe,4.224429,2.439245371482158,0.010877147827287995
473,III-V,M_i_neut,Se,GaSb,0.725999,1.1409525994280678,0.02338375099004116
474,II-VI,M_A,Cl,CdTe,2.0556259999999997,2.266058088755633,0.02097414326672458
475,II-VI,M_i_neut,K,CdTe,2.6980560000000002,2.6016936782640796,0.016528045933713324
476,II-VI,M_i_neut,Tl,ZnTe,2.841822,2.8296929656309175,0.03157067352179912
477,II-VI,M_B,Ge,CdTe,2.0746849999999997,2.1834513062976977,0.01476155226960041
478,II-VI,M_A,Nb,CdTe,2.384603,2.3269116054692214,0.014588954807041664
479,IV-IV,M_i_B,Pt,SiSn,1.181656,1.1754310540775104,0.02446768684184063
480,II-VI,M_i_B,Cr,CdTe,2.652031,2.390056392098362,0.012842592269227104
481,II-VI,M_i_neut,Tl,CdTe,2.64847,2.517183924392044,0.01603464853374458
482,II-VI,M_i_A,Te,CdTe,2.2476599999999998,2.3408871456786997,0.016698750498461087
483,II-VI,M_A,Ru,CdTe,2.171453,2.2571609072071555,0.01171274548916778
484,II-VI,M_i_A,O,ZnO,3.186029,3.628750801989333,0.06731231484961066
485,IV-IV,M_A,Hf,Ge,1.042158,0.9209535039267166,0.022256470042816414
486,II-VI,M_i_A,As,CdTe,1.9239099999999998,2.2901104257717417,0.01198790127909746
487,II-VI,M_B,Ag,CdTe,2.145395,2.24137108223523,0.01291697708233908
488,II-VI,M_i_B,Ni,CdTe,2.327298,2.3389366154914706,0.010369357988077723
489,II-VI,M_i_B,Au,ZnSe,3.355835,3.262203719314764,0.018542996478549734
490,II-VI,M_i_neut,O,CdO,1.6729669999999999,2.1142037713818285,0.036838146184983836
491,II-VI,M_i_B,Pt,CdTe,2.189668,2.328218973444447,0.01414109673767452
492,II-VI,M_A,Zr,CdTe,2.504082,2.4088801778983773,0.013908355204654891
493,II-VI,M_i_neut,Co,CdSe,2.935453,2.6417966913818107,0.013359524712017658
494,IV-IV,M_B,Ca,SiSn,1.07664,1.3021585909672555,0.02088668701246033
495,II-VI,M_i_neut,Zn,CdTe,2.470748,2.4209189872356314,0.012596443872609372
496,IV-IV,M_i_A,W,Si,1.457366,1.460992666783924,0.019224082400922535
497,II-VI,M_A,S,CdTe,2.0608020000000002,2.120596580351182,0.02315601619182261
498,IV-IV,M_i_A,Sr,SiSn,1.456705,1.5500649159495308,0.02163472885510867
499,III-V,M_i_neut,Sc,GaAs,1.748657,1.5891571898213848,0.03413230885448343
500,II-VI,M_i_B,In,CdTe,2.766979,2.524128523292246,0.013287610006853481
501,IV-IV,M_i_neut,Tl,GeSn,1.047143,1.092233079378942,0.021748460039823645
502,II-VI,M_i_neut,Cd,CdTe,2.528979,2.4640364958049563,0.011136588594891377
503,II-VI,M_i_B,Ti,ZnTe,2.611973,2.6871298897146767,0.03429935037426741
504,II-VI,M_A,Br,CdTe,2.210904,2.351881349649562,0.023032945067231473
505,II-VI,M_i_B,Cd,CdSe,2.9942860000000002,2.810587747613604,0.013402524126601157
506,IV-IV,M_A,Li,Si,0.974614,1.3634607639672975,0.045877669039550845
507,II-VI,M_A,Sn,ZnS,4.555088,4.314639558830176,0.029697910677919357
508,III-V,M_B,Au,BAs,2.1701040000000003,2.3831950238145234,0.0197066512284532
509,III-V,M_i_A,O,InSb,0.876073,0.9793734841283485,0.027611682928973265
510,IV-IV,M_i_neut,Fe,SiC,3.6618150000000003,3.614994271947328,0.0254852563866942
511,II-VI,M_B,Ge,ZnTe,2.434724,2.474976302490826,0.03415554785798566
512,II-VI,M_i_neut,O,CdTe,2.391327,2.0162457761972234,0.0222857655167133
513,II-VI,M_i_A,Cd,CdSe,2.939767,2.760098290733411,0.01471859302435406
514,II-VI,M_i_A,Au,ZnSe,3.3906629999999995,3.245886764631969,0.021645038245356445
515,II-VI,M_i_neut,Te,CdTe,2.312854,2.3348018839622338,0.014872526238077732
516,II-VI,M_i_B,Br,CdTe,2.4056349999999997,2.4109943480272826,0.02279625031746749
517,II-VI,M_i_A,S,CdTe,2.1278580000000002,2.1436930508863363,0.021116154735067293
518,II-VI,M_i_neut,As,CdTe,2.4071919999999998,2.2841950288417676,0.01135348088736018
519,IV-IV,M_A,Os,GeSn,0.576304,0.6653711714602867,0.028811955520451037
520,IV-IV,M_i_neut,K,GeSn,1.0,1.082748624886182,0.0211810169056873
521,II-VI,M_A,I,CdTe,2.405383,2.37167770189262,0.016360570031078943
522,II-VI,M_i_A,Se,CdTe,2.161915,2.2277448453516135,0.0173298717156664
523,II-VI,M_i_A,Se,CdSe,2.265563,2.512438166698151,0.020624472935314178
524,III-V,M_i_A,Rb,GaSb,1.334066,1.2654037106921572,0.03504469319094461
525,II-VI,M_i_A,O,CdTe,2.066691,2.0142572977272684,0.022577681664578075
526,IV-IV,M_B,Y,SiSn,1.2048290000000001,1.1941798930147471,0.02534763248931542
527,II-VI,M_i_A,Rb,CdTe,2.659653,2.6492958189522264,0.015426650422063133
528,II-VI,M_A,Ir,CdTe,1.970825,2.1666336373405426,0.011848987607289734
529,IV-IV,M_A,Rb,Sn,0.694724,0.727461048839279,0.03762016323523703
530,II-VI,M_A,B,CdO,2.206705,2.375439968209803,0.034997281702375795
531,II-VI,M_i_neut,S,CdTe,2.2158900000000004,2.1406083899209416,0.019593545301127894
532,IV-IV,M_i_A,K,Ge,1.1422370000000002,1.1981125471046024,0.02161139799320832
533,IV-IV,M_i_B,Co,GeSn,0.9165840000000001,0.8330615209929515,0.017386896917406518
534,III-V,M_B,V,BP,2.393316,2.5880173568849956,0.025340228517503706
535,II-VI,M_B,N,CdTe,1.927643,1.9923862577188167,0.022975059199437795
536,III-V,M_A,Hf,AlP,2.91673,2.824679385446884,0.028284286976192053
537,II-VI,M_i_neut,Se,CdSe,2.345652,2.508717094938091,0.021287108585262386
538,II-VI,M_i_neut,Se,CdTe,2.2539830000000003,2.221203746109521,0.0161928442302985
539,II-VI,M_A,Se,CdS,2.92972,3.012627581984558,0.028513001656364223
540,II-VI,M_i_A,In,CdTe,2.5652939999999997,2.5050782752211873,0.011571165686987232
541,IV-IV,M_i_neut,Ag,Si,1.644946,1.6131020415216497,0.01985522925663756
542,II-VI,M_B,Ni,ZnSe,3.037275,3.198123306151184,0.023091602744088034
543,II-VI,M_i_B,Zn,CdTe,2.489907,2.4385615603567135,0.014691372728641417
544,III-V,M_i_A,Cu,BAs,2.5919380000000003,2.4591714673766965,0.02081113647494605
545,II-VI,M_i_B,Cd,CdTe,2.543097,2.4888904034315766,0.012440315287363843
546,IV-IV,M_i_A,P,GeSn,0.731522,0.734752393245944,0.02345957073627163
547,IV-IV,M_A,Ga,GeC,3.390849,3.3230629076303595,0.023228388111717117
548,III-V,M_i_neut,Ti,GaP,2.468193,2.3432358384615606,0.0409633213460494
549,IV-IV,M_i_B,In,SiSn,1.468167,1.3446195712347664,0.016649952412163074
550,III-V,M_i_B,Pt,InSb,1.18201,1.2258335383298378,0.02131427408409696
551,II-VI,M_i_neut,Ni,CdTe,2.374833,2.323806841841533,0.008883642120764442
552,II-VI,M_A,Se,CdTe,2.364632,2.185236185939697,0.016475197353906644
553,III-V,M_A,Cd,BSb,2.096379,2.0062332795037734,0.04366542122648438
554,II-VI,M_i_B,Ga,CdTe,2.708167,2.471069442903161,0.012819420580014416
555,II-VI,M_i_B,K,CdTe,2.757231,2.6119861484058644,0.01537192442710748
556,IV-IV,M_B,Li,SiSn,0.525301,0.9167616550510548,0.03908804949303918
557,II-VI,M_i_B,Cl,CdTe,2.374339,2.294785260934874,0.018017427551516443
558,III-V,M_i_A,Pb,InAs,1.7617040000000002,1.6572715973029255,0.022388488247754575
559,II-VI,M_B,Au,CdTe,2.154994,2.1192345290080596,0.014927671192269058
560,II-VI,M_i_B,Tl,CdTe,2.780048,2.5607333380629704,0.015508426594843389
561,II-VI,M_i_A,Cu,CdTe,2.3647549999999997,2.3318763660991726,0.010903767064662
562,III-V,M_A,Hf,GaAs,1.79105,1.5669387436527749,0.023280804022713174
563,II-VI,M_i_A,Zn,CdTe,2.411988,2.4271489800856667,0.014005525886834137
564,IV-IV,M_i_neut,Sc,SiSn,1.339077,1.2835992110320844,0.0214331737961629
565,II-VI,M_i_neut,Pt,CdTe,2.411146,2.292222830243208,0.016324813481977136
566,III-V,M_B,Cu,GaP,1.8904130000000001,2.4265006388074113,0.038071604819753725
567,II-VI,M_A,La,CdTe,2.588448,2.483961879932255,0.01836821062000148
568,IV-IV,M_i_A,Be,SiGe,1.529854,1.3990802359922965,0.028443871546965458
569,IV-IV,M_i_A,Mg,SiGe,1.586807,1.560973859784243,0.02579215875117329
570,II-VI,M_i_A,Cd,CdTe,2.446495,2.471887421121825,0.011454043682762366
571,II-VI,M_B,Bi,CdTe,2.294581,2.201418137985736,0.018706590304955133
572,II-VI,M_A,Pt,ZnSe,3.1021490000000003,3.245340254782851,0.021257129598455285
573,II-VI,M_i_A,Ga,CdTe,2.513789,2.4602825627303093,0.013732534606649173
574,II-VI,M_i_neut,Pt,ZnTe,2.178172,2.5557603093496466,0.034542663975095596
575,II-VI,M_A,B,CdTe,2.267182,2.280890739244713,0.02345881002662167
576,II-VI,M_i_A,Br,CdTe,2.363875,2.401909834176389,0.02301867496402435
577,II-VI,M_i_neut,Br,CdTe,2.400105,2.394109976348999,0.024975565808646592
578,IV-IV,M_i_B,Cr,SiC,3.3531769999999996,3.637901628807885,0.028597848559929022
579,II-VI,M_i_A,Ni,CdO,2.491557,2.400584299447895,0.023396854212388983
580,III-V,M_i_neut,Se,InSb,1.022751,1.1870397297324615,0.019921399156667192
581,IV-IV,M_i_A,Be,Si,1.570234,1.544445027809654,0.02661294019699887
582,II-VI,M_i_neut,Cl,CdTe,2.350254,2.2836313170265905,0.016718150630191567
583,II-VI,M_A,Rh,CdTe,1.94773,2.2351409312435826,0.012733850937044992
584,IV-IV,M_i_B,Al,SiSn,1.411773,1.2534098616101397,0.017616667305908343
585,III-V,M_B,Se,BP,2.686672,2.7028953261892577,0.02609116026508887
586,III-V,M_i_neut,F,AlSb,3.702663,1.9945181842708366,0.03332741578579694
587,IV-IV,M_i_neut,Rh,Sn,0.645573,0.7074514358137904,0.024466294339147765
588,IV-IV,M_B,Y,GeSn,0.9124969999999999,0.8470075127597705,0.02756194892233027
589,III-V,M_i_neut,Zn,GaAs,1.7806240000000002,1.6603970639434327,0.024937124610804693
590,II-VI,M_i_A,K,CdSe,2.955851,2.893170046359363,0.020853488801721325
591,IV-IV,M_i_A,Si,Sn,0.69522,0.7585758131647794,0.0309098449554856
592,II-VI,M_A,B,ZnSe,3.3242589999999996,3.324745145722372,0.02053237242773811
593,IV-IV,M_i_neut,Bi,Sn,0.8355309999999999,0.8631466747489771,0.03095492590325032
594,III-V,M_B,Zn,InAs,0.981167,1.4957462610088759,0.02126482238437799
595,II-VI,M_i_neut,Hg,CdTe,2.5282810000000002,2.4108677853133833,0.018273774707204815
596,IV-IV,M_i_neut,Sn,Sn,0.750499,0.8486017081207831,0.03006340276245731
597,IV-IV,M_i_A,Co,Sn,0.6650729999999999,0.697184780849218,0.0273755332481306
598,III-V,M_B,F,InP,1.9333669999999998,1.9839884416917073,0.05292751411396843
599,II-VI,M_A,Se,CdSe,2.460677,2.486726539484566,0.02550659196471152
600,II-VI,M_A,Cs,CdTe,2.539875,2.4966495977499235,0.03015549934466423
601,II-VI,M_A,Tc,CdTe,2.173565,2.2900548580965916,0.01909040939422633
602,III-V,M_i_A,Li,InN,2.7491060000000003,2.4581105930065066,0.04182631571334175
603,IV-IV,M_i_neut,Pt,Ge,1.033798,0.9781635616747689,0.020208009150432225
604,II-VI,M_i_B,Pd,ZnSe,3.449115,3.3299500096381336,0.018287314591267995
605,II-VI,M_A,Rb,CdO,2.171752,2.7095201970074867,0.027046365899004658
606,III-V,M_A,Se,GaSb,1.242744,1.0972959923454713,0.030338605598971925
607,IV-IV,M_A,Tl,Si,1.519787,1.623951334092417,0.030802010103081187
608,II-VI,M_i_B,Fe,ZnSe,3.8069129999999998,3.3458583516621374,0.02011926955460841
609,II-VI,M_i_B,Cu,CdTe,2.427429,2.3404784967621177,0.011574220483743503
610,II-VI,M_A,Ta,CdTe,2.420786,2.3044833284647894,0.015758071977165153
611,II-VI,M_i_B,Ag,ZnTe,2.74934,2.665202662846586,0.031745233109763224
612,II-VI,M_A,As,ZnSe,3.2,3.2920729100711084,0.017581984604584586
613,III-V,M_B,S,AlSb,1.87067,1.8373155647984636,0.05785158199591818
614,II-VI,M_A,Te,CdTe,2.455478,2.2737267539207697,0.01448656626672864
615,II-VI,M_i_A,K,CdTe,2.6433560000000003,2.605166274580598,0.016721490535483916
616,II-VI,M_i_A,Tl,CdTe,2.601902,2.531733396835862,0.01270449108458281
617,II-VI,M_A,P,CdTe,2.381066,2.1625187702129187,0.02086625983475424
618,II-VI,M_A,Pt,CdTe,2.136039,2.199477572923199,0.011284351541170688
619,III-V,M_i_neut,Be,InN,2.660591,2.519408774271046,0.040527367541715216
620,II-VI,M_B,F,CdTe,2.119838,2.031031759212916,0.05489322508721037
621,II-VI,M_i_neut,Cu,CdTe,2.453583,2.3265470226606664,0.009823618320350697
622,II-VI,M_i_A,Au,CdSe,2.5906279999999997,2.590752596159205,0.019006261376705535
623,III-V,M_i_B,Ag,GaAs,1.816856,1.7846241034801569,0.020403321565562044
624,IV-IV,M_A,S,Ge,0.973678,0.8282719231255212,0.02659323155607453
625,III-V,M_i_A,Tl,InAs,1.763511,1.6883921947783578,0.02605631579095659
626,IV-IV,M_A,Ir,GeSn,0.559666,0.6954563832677069,0.029941068771235122
627,II-VI,M_i_B,F,CdTe,2.284551,2.1393650823966404,0.05154728537124809
628,IV-IV,M_B,Rh,SiSn,0.8091149999999999,0.9891249954957413,0.022582268841164183
629,II-VI,M_i_neut,F,CdTe,2.27572,2.1298149155453907,0.05389353891484618
630,II-VI,M_i_neut,Na,CdTe,2.696949,2.448975864035375,0.025800876949432082
631,II-VI,M_A,Y,CdTe,2.714782,2.4895685879094893,0.014053515548010482
632,II-VI,M_i_A,Pd,CdTe,2.376432,2.3479174981501543,0.008215908582484735
633,II-VI,M_i_B,Pd,CdSe,2.855842,2.6833662045102065,0.016139669644962093
634,II-VI,M_i_B,Hg,CdTe,2.5396509999999997,2.4503847568612565,0.01884107252062628
635,IV-IV,M_i_neut,Ge,Sn,0.750641,0.7840490392857268,0.028592825282038253
636,II-VI,M_i_B,Au,CdTe,2.319409,2.3314895385100605,0.01711442057063962
637,IV-IV,M_i_neut,Zn,Ge,1.071035,1.0469238798914418,0.01769450965149386
638,II-VI,M_i_A,Au,CdTe,2.354865,2.3028224858352897,0.012820455565276867
639,II-VI,M_A,Rb,CdTe,2.448328,2.600841714721728,0.0166825692788263
640,IV-IV,M_B,Ag,SiGe,0.995983,1.3381066458641206,0.019083102877744514
641,II-VI,M_i_A,Fe,CdSe,2.832179,2.664825092562059,0.015016508337557128
642,II-VI,M_i_A,Cl,CdTe,2.345421,2.2883008456887888,0.017867807412525406
643,IV-IV,M_i_A,Mg,Ge,1.081836,1.130821718138846,0.01888833035849141
644,II-VI,M_A,Ti,CdTe,2.370688,2.3820634757257593,0.01395829481423733
645,II-VI,M_i_neut,Au,CdTe,2.406618,2.2910427874536303,0.01646238351698142
646,II-VI,M_i_B,Pd,CdTe,2.373781,2.3629214225745967,0.011470653813090072
647,III-V,M_A,Al,BAs,2.68228,2.6809869053163142,0.027541592211441014
648,III-V,M_i_A,F,GaAs,1.7224549999999998,1.6212087049677297,0.06592620895754206
649,IV-IV,M_i_neut,Pd,SiGe,1.509559,1.3829994144968532,0.023156500307527896
650,II-VI,M_i_neut,F,ZnSe,3.267582,3.038542875630047,0.05923970291870067
651,II-VI,M_A,Sc,CdTe,2.457001,2.43417700187577,0.013842676549107123
652,II-VI,M_B,Br,ZnSe,3.64201,3.213605062033909,0.024154255686408586
653,II-VI,M_i_A,Ag,CdTe,2.507115,2.3855969812304485,0.01172972287899162
654,II-VI,M_A,Ni,CdTe,2.110224,2.291942435537267,0.01081313714504111
655,II-VI,M_i_neut,Ag,CdTe,2.637378,2.3773431932598963,0.011090616259461802
656,IV-IV,M_i_A,F,GeSn,0.873677,0.7909957061699654,0.05953448038923041
657,II-VI,M_i_A,Hg,CdTe,2.4414119999999997,2.4246056647273555,0.016453393629258357
658,II-VI,M_A,V,CdTe,2.2932069999999998,2.3387736135460484,0.015227029365944025
659,III-V,M_i_neut,Li,GaP,2.6459,2.2135551056709053,0.04034862091851839
660,II-VI,M_A,Pd,CdTe,2.124795,2.2877447175241734,0.010338170383464471
661,IV-IV,M_i_neut,Sc,GeSn,1.5,0.9469631772940035,0.016894726345899072
662,II-VI,M_A,In,CdS,3.00799,3.2789168330293608,0.021775789476876948
663,II-VI,M_A,Bi,CdTe,2.562202,2.2796536179939424,0.016292154669507054
664,II-VI,M_i_B,Ag,CdTe,2.547946,2.402141919956854,0.012539183163834882
665,II-VI,M_i_neut,Pd,CdTe,2.427407,2.341588337576975,0.007877749344960674
666,II-VI,M_A,As,CdTe,2.387628,2.247203080910323,0.01332664161655878
667,II-VI,M_A,K,CdTe,2.488834,2.5785278406242496,0.01718197582028607
668,II-VI,M_i_B,Na,CdTe,2.724498,2.4556177410683047,0.024989285484977915
669,II-VI,M_i_neut,Li,CdTe,2.67855,2.26254301578753,0.04493609861077341
670,III-V,M_B,S,GaSb,1.100408,0.9467035554311061,0.027448271829689987
671,II-VI,M_A,V,CdS,3.103078,3.162591979476575,0.026088958027880867
672,IV-IV,M_i_A,Au,GeSn,0.9174379999999999,0.9384860753687689,0.01862293135417173
673,II-VI,M_i_neut,Ag,CdSe,2.931455,2.670923571961533,0.014327391526256368
674,II-VI,M_B,P,CdTe,2.2234990000000003,2.0745828188962987,0.020340135765528164
675,III-V,M_A,Pd,InSb,0.621355,0.9498954396102868,0.024329810066067083
676,II-VI,M_i_A,F,CdSe,2.349787,2.416767735123915,0.051642229437465284
677,II-VI,M_i_A,Li,CdTe,2.595265,2.266932759311012,0.045661812231939464
678,II-VI,M_i_A,Na,CdTe,2.636104,2.449448315524994,0.026432386784316864
679,II-VI,M_A,Fe,CdTe,2.2020299999999997,2.3388690987493144,0.012721675741790879
680,IV-IV,M_A,Sc,SiGe,1.424539,1.3968177526013839,0.029360479862091744
681,II-VI,M_B,Cl,CdTe,2.482523,2.1844741955237774,0.019269846244335913
682,II-VI,M_B,As,CdTe,2.227933,2.164532027587101,0.013488306305251288
683,II-VI,M_A,Al,ZnSe,3.620586,3.439880753329542,0.020629692350923556
684,III-V,M_A,Ca,InAs,1.5006899999999999,1.3887446512172317,0.0353620432921306
685,III-V,M_A,Be,BP,2.6405060000000002,2.6656354650262424,0.03656160330091962
686,II-VI,M_A,Cr,CdTe,2.293339,2.348074270994092,0.014833705053485845
687,II-VI,M_A,Co,CdTe,2.1739740000000003,2.316625610416555,0.011994725601792811
688,II-VI,M_B,O,CdTe,2.1318,1.91942192211142,0.025685961136736706
689,II-VI,M_B,Br,CdTe,2.5259150000000004,2.2756904176240234,0.01856151408094822
690,II-VI,M_i_B,Li,CdTe,2.61223,2.2704455054086545,0.044828195979995517
691,II-VI,M_B,I,CdS,3.46927,3.1903713283804764,0.024599061573770155
692,IV-IV,M_B,Pt,SiGe,1.111569,1.2594449395385237,0.01819342078173374
693,IV-IV,M_A,Ag,SiSn,0.842866,1.1347229313936635,0.024435383301883933
694,II-VI,M_A,Hg,ZnO,3.979222,4.0951079536607295,0.03183420549332781
695,IV-IV,M_A,Se,Ge,1.0046629999999999,0.8874533021745077,0.02351034822270017
696,II-VI,M_B,Br,CdS,3.4058040000000003,3.1744764001421673,0.023552102418034692
697,II-VI,M_A,Ba,CdTe,2.618161,2.6178905337327714,0.01234300231603395
698,II-VI,M_B,I,CdTe,2.6270290000000003,2.2931482252463966,0.015378977311742032
699,IV-IV,M_A,B,SiSn,1.069625,1.0511174411875515,0.030016504240794734
700,II-VI,M_A,Si,CdTe,2.38393,2.242264039403639,0.01780016847414159
701,IV-IV,M_i_B,Ga,GeSn,1.026665,0.989378352456748,0.016271198544457667
702,IV-IV,M_i_A,Ca,Sn,0.83109,0.9142587407663865,0.03181119498670713
703,III-V,M_A,Cd,AlP,2.976208,2.8985047351826934,0.0285218471494288
704,II-VI,M_i_A,F,CdTe,2.2565209999999998,2.1326312334846422,0.05782861478609629
705,IV-IV,M_B,Hg,SiSn,0.997023,1.0771495195398815,0.026250307856585206
706,IV-IV,M_B,Ti,SiGe,1.309791,1.328357954437627,0.02353488476448012
707,IV-IV,M_A,Be,Sn,0.22111599999999998,0.4995305392934073,0.03586883887575198
708,IV-IV,M_A,Mn,SiSn,0.93206,1.1354031570213565,0.02299408317111694
709,III-V,M_A,Bi,InP,2.160324,2.0593701896977543,0.02231998588106808
710,III-V,M_A,Sn,GaP,2.670411,2.537438077599847,0.03938400363495979
711,IV-IV,M_A,Ti,Si,1.5102280000000001,1.5148181334504431,0.024586164444224214
712,II-VI,M_i_neut,Mn,ZnTe,4.042618,2.7268253624837464,0.024781609017494856
713,II-VI,M_A,Sr,CdTe,2.549268,2.6639064229027096,0.014220986357822298
714,II-VI,M_A,Al,CdTe,2.492081,2.3994282419758157,0.016093366121452908
715,II-VI,M_A,Ga,ZnTe,2.745279,2.7813129821417895,0.03443726941722886
716,IV-IV,M_i_neut,Mn,Si,1.8275669999999997,1.605736529626956,0.016086595433883806
717,II-VI,M_A,Na,CdTe,2.342018,2.435061746703171,0.022997594585019612
718,II-VI,M_A,Sn,CdTe,2.497949,2.2981193419441954,0.013908258170793542
719,II-VI,M_A,Ga,CdTe,2.317053,2.414972852696104,0.014360550102638276
720,IV-IV,M_A,Cr,SnC,2.782106,2.3126706931108476,0.03497689583307315
721,III-V,M_A,Ag,InSb,0.867592,1.0833138271339364,0.024736636823332672
722,IV-IV,M_i_A,Zn,SiSn,1.364321,1.279426574783784,0.02078738332226926
723,II-VI,M_A,In,CdTe,2.515057,2.4397368450306116,0.013276290334210643
724,III-V,M_i_A,Cr,AlP,2.898781,2.814697202254181,0.01804928285777264
725,II-VI,M_A,Cu,CdTe,2.2166770000000002,2.291581355592909,0.012794945886164963
726,IV-IV,M_A,Ge,SiC,3.7080019999999996,3.573401844140028,0.030288485955238666
727,III-V,M_i_B,Cu,InP,2.101343,2.143457687207427,0.01390595843873343
728,II-VI,M_A,Au,CdTe,2.263989,2.2001761976102867,0.012483707355867874
729,II-VI,M_A,Pb,CdTe,2.504275,2.2702270855198288,0.016903547216213878
730,IV-IV,M_A,Bi,SiSn,1.349158,1.1582944663460375,0.030683585878896306
731,IV-IV,M_A,In,SiGe,1.418039,1.4550120104936706,0.031986075960092925
732,II-VI,M_A,Tl,CdTe,2.421179,2.42262504734707,0.01345435202081889
733,III-V,M_i_B,Cu,AlSb,1.9591779999999999,2.010566816811201,0.057503757347807945
734,II-VI,M_A,Ca,CdTe,2.488612,2.6201155802606935,0.014370082628952414
735,III-V,M_A,Si,GaAs,1.685082,1.694047132573452,0.026603106317592967
736,IV-IV,M_B,B,GeC,3.3926220000000002,3.4187757549914473,0.03895250241629326
737,II-VI,M_A,Ge,CdTe,2.408906,2.26528978946228,0.014155256746728708
738,IV-IV,M_A,Au,Ge,0.589866,0.8428057597124006,0.024277531440235037
739,II-VI,M_A,Hf,CdTe,2.3965,2.4004134950693925,0.016064029294448046
740,II-VI,M_i_neut,Ni,CdSe,2.864421,2.6186064430791434,0.012786911722909407
741,II-VI,M_A,Pb,CdSe,2.940321,2.5987417232467545,0.020083152552168602
742,IV-IV,M_i_B,Ti,GeSn,0.963559,0.8883026250108463,0.01877267814332605
743,II-VI,M_A,Li,CdTe,2.31877,2.2569012519866978,0.05160805991239344
744,IV-IV,M_i_neut,Cu,Si,1.59412,1.5500187120580189,0.021274835170569276
745,II-VI,M_A,Ag,CdTe,2.274213,2.3238256054133215,0.011691880401900358
746,II-VI,M_A,Fe,ZnO,4.010954,4.055168428797882,0.03476803908005042
747,II-VI,M_A,Tl,CdSe,2.4889959999999998,2.7541823706290542,0.01666711533233201
748,IV-IV,M_A,Sb,SiSn,1.3599620000000001,1.1331770682598719,0.025098916278144555
749,IV-IV,M_i_A,Ni,SiSn,1.182295,1.1918532069310246,0.016965103229746946
750,II-VI,M_B,S,CdTe,2.298448,2.0414306922541945,0.02112234720480077
751,II-VI,M_A,Be,CdTe,2.249358,2.34059961646732,0.022480999923666527
752,II-VI,M_A,Mn,CdTe,2.3820189999999997,2.390089687128468,0.015949919918224194
753,III-V,M_A,Ni,GaP,1.628156,2.4110584085492137,0.028261001446142225
754,II-VI,M_B,Se,CdTe,2.3559919999999996,2.099523736759894,0.018109427344701463
755,II-VI,M_A,Zn,CdTe,2.3241490000000002,2.3885389701328905,0.013265472441728028
756,III-V,M_i_neut,Ni,InAs,1.515096,1.5582849472466092,0.021651261255596008
757,IV-IV,M_i_A,Cu,GeSn,0.901365,0.8960924133377812,0.019054472907534814
758,IV-IV,M_A,Sb,Sn,0.708004,0.5975885141765367,0.04124876511562567
759,II-VI,M_A,Hg,CdTe,2.4121330000000003,2.3169041150110568,0.012765288269707674
760,III-V,M_A,Al,InAs,1.441539,1.4945280129172378,0.025621368556068877
761,II-VI,M_A,Mg,CdTe,2.4365900000000003,2.48790287073612,0.021214529541183396
762,IV-IV,M_B,Ge,GeSn,0.879663,0.7577514556817244,0.023403661440974548
763,III-V,M_B,As,InSb,1.15288,1.0202497277243223,0.021408986979604642
764,II-VI,M_B,Se,CdS,3.3619489999999996,3.0015688250712884,0.023613510967650436
765,III-V,M_B,Ge,BSb,1.824486,1.7267885310363753,0.030972994562314164
766,IV-IV,M_i_neut,Ni,SiGe,1.312938,1.389734123495669,0.017521084437515044
767,IV-IV,M_A,Cu,GeSn,0.387654,0.7667024086072635,0.021433796549546028
768,II-VI,M_i_A,Cr,ZnTe,2.730005,2.6761629955880517,0.032594986289387395
769,III-V,M_A,Al,GaSb,1.2206350000000001,1.1477273141721906,0.025324438997668165
770,II-VI,M_A,Cd,CdTe,2.3965419999999997,2.4081263059538616,0.011083335927880886
771,II-VI,M_B,Te,CdTe,2.396435,2.1903944571257483,0.016312705225764113
772,III-V,M_A,Al,AlSb,1.966319,2.0549374476232702,0.04718059993527687
773,IV-IV,M_A,Ge,Si,1.565672,1.4984683327371462,0.02436589550908455
774,II-VI,M_B,Se,ZnTe,2.619178,2.336496052009843,0.03148154058844026
775,II-VI,M_A,Cu,CdSe,2.3015830000000004,2.5949182149714503,0.015274052551033878
776,III-V,M_A,Fe,AlSb,1.7782950000000002,1.902364543508067,0.049163798912087144
777,IV-IV,M_A,Mn,Sn,1.4787290000000002,0.5214812599795561,0.02185616781199586
778,IV-IV,M_A,V,SiC,3.501171,3.542111979606729,0.025233814580143753
779,III-V,M_A,Ti,AlAs,2.655463,2.4781362271430876,0.022548088817124737
780,II-VI,M_A,Cu,ZnTe,2.638746,2.653723285629499,0.03195116476451386
781,IV-IV,M_i_A,N,Ge,0.374094,0.754523975431459,0.022004576996981204
782,IV-IV,M_B,V,GeSn,0.616691,0.6865755796630109,0.028531178417715828
783,III-V,M_B,N,BAs,2.300544,2.0812180891025074,0.03227411930235691
784,IV-IV,M_A,Cr,GeC,3.0352900000000003,3.198681864983301,0.023687403295161086
785,IV-IV,M_A,Cr,Sn,0.329904,0.49881783019778164,0.04247971734282047
786,IV-IV,M_B,N,GeSn,0.5056609999999999,0.4898627632258715,0.03554225082594204
787,IV-IV,M_i_A,N,Sn,0.227647,0.4501646941408052,0.03283434373240233
788,II-VI,M_i_neut,Hf,ZnO,4.25,4.024857729075797,0.03287817674595048
789,II-VI,M_i_neut,Nb,ZnO,4.26,3.917054104941582,0.03356307458969973
790,II-VI,M_B,Sr,ZnS,5.53,4.56448898030432,0.03052693446323064
791,II-VI,M_B,Sc,CdO,2.72,2.8681416575462544,0.04180033087397832
792,II-VI,M_i_A,Zn,ZnO,4.17,3.9750475650037087,0.03845702296376961
793,II-VI,M_i_B,Zn,ZnO,4.28,4.018264209508877,0.039960958869497694
794,II-VI,M_i_neut,Zn,ZnO,4.2,3.977969058251503,0.038664290906045694
795,II-VI,M_i_B,O,ZnO,2.2,3.5517121302311994,0.034224231464902284
796,II-VI,M_i_neut,O,ZnO,3.14,3.5608746128220745,0.05849485362840674
797,II-VI,M_A,S,ZnS,4.03,4.016631121426644,0.028837610407871285
798,II-VI,M_B,Zn,ZnS,3.66,4.258975856433927,0.03025461478403595
799,II-VI,M_i_B,Zn,ZnS,4.65,4.322504580837967,0.029655214371632297
800,II-VI,M_i_neut,Zn,ZnS,4.07,4.287546975266151,0.032871413008934175
801,II-VI,M_i_A,S,ZnS,4.05,3.9493025527869294,0.026849613871718653
802,II-VI,M_i_B,S,ZnS,3.61,3.957390520059122,0.02868749566607332
803,II-VI,M_i_neut,S,ZnS,4.21,3.9422685480401825,0.025231942906145742
804,II-VI,M_A,Se,ZnSe,3.32,3.1602720544727907,0.0228009598795194
805,II-VI,M_B,Zn,ZnSe,2.84,3.2737540913928074,0.022771227016219475
806,II-VI,M_i_A,Zn,ZnSe,3.4,3.376300611616184,0.020672293932984597
807,II-VI,M_i_B,Zn,ZnSe,3.61,3.38429515719547,0.019327951483407078
808,II-VI,M_i_neut,Zn,ZnSe,3.53,3.3698921709827814,0.02222365441706402
809,II-VI,M_i_A,Se,ZnSe,3.12,3.1147882802598454,0.021176656301581963
810,II-VI,M_i_B,Se,ZnSe,3.24,3.1228286494864785,0.020340063173477817
811,II-VI,M_i_neut,Se,ZnSe,3.21,3.111889238329334,0.02034071421005963
812,II-VI,M_A,Te,ZnTe,2.65,2.580285371482554,0.03416070673610631
813,II-VI,M_i_A,Zn,ZnTe,2.77,2.71836422133566,0.03435366217761675
814,II-VI,M_i_B,Zn,ZnTe,2.84,2.7031231681445553,0.03347888840150729
815,II-VI,M_i_neut,Zn,ZnTe,2.8,2.71024554245387,0.03704820597221149
816,II-VI,M_i_A,Te,ZnTe,2.65,2.5834259911305777,0.031053052478322418
817,II-VI,M_i_B,Te,ZnTe,2.76,2.55502819760974,0.03269469385601708
818,II-VI,M_i_neut,Te,ZnTe,2.72,2.572904660628018,0.03433935962291635
819,II-VI,M_B,Cd,CdO,2.81,2.8594228392867413,0.038771748237206034
820,II-VI,M_i_A,Cd,CdO,2.63,2.5375837727733446,0.026784887184225836
821,II-VI,M_i_B,Cd,CdO,2.65,2.6480556746042536,0.022715429933755648
822,II-VI,M_i_A,O,CdO,1.86,2.114729151914985,0.03696936441412715
823,II-VI,M_i_B,O,CdO,2.06,2.1362750501595507,0.040307162547034835
824,III-V,M_B,Sr,InN,3.02,3.049780560714705,0.05739935211113214
825,III-V,M_B,B,BP,2.23,2.5680032155890187,0.028696916097681817
826,III-V,M_A,P,BP,2.73,2.8057850588339757,0.03273275358609844
827,III-V,M_i_A,B,BP,2.69,2.5912979767222692,0.027980143330743126
828,III-V,M_i_B,B,BP,2.7,2.5872328974973846,0.02681022598631849
829,III-V,M_i_neut,B,BP,2.63,2.589003299359603,0.02416899215126138
830,III-V,M_i_A,P,BP,2.76,2.5810206525272537,0.02093281136543723
831,III-V,M_i_B,P,BP,2.66,2.5760613551108458,0.02209125390100836
832,III-V,M_i_neut,P,BP,2.58,2.5759657362895956,0.022419430323276757
833,III-V,M_B,B,BAs,2.06,2.2847116002267827,0.027305178412545008
834,III-V,M_A,As,BAs,2.69,2.6055691289891096,0.03217270310944388
835,III-V,M_i_A,B,BAs,2.54,2.316082880328234,0.02340558699829413
836,III-V,M_i_B,B,BAs,2.5,2.3111107184225026,0.026673533010888147
837,III-V,M_i_neut,B,BAs,2.4,2.3159389737285565,0.024840292818647774
838,III-V,M_i_A,As,BAs,2.57,2.423817592582699,0.02300519570347628
839,III-V,M_i_B,As,BAs,2.3,2.381536911283594,0.020276955510039267
840,III-V,M_i_neut,As,BAs,2.43,2.414729085406217,0.020338712245975922
841,III-V,M_B,B,BSb,1.38,1.5799023678978485,0.03104361295609539
842,III-V,M_A,Sb,BSb,2.2,2.048175881071919,0.039062743024808465
843,III-V,M_i_A,B,BSb,1.9,1.7012074760645945,0.028965359445639407
844,III-V,M_i_B,B,BSb,2.07,1.695815470632311,0.028692472962084978
845,III-V,M_i_neut,B,BSb,1.7,1.7032656626052265,0.028215986226298857
846,III-V,M_i_A,Sb,BSb,1.91,1.920377010338152,0.027048634229310517
847,III-V,M_i_B,Sb,BSb,1.82,1.829070958869707,0.029030108676663908
848,III-V,M_i_neut,Sb,BSb,1.83,1.9070755104369261,0.02481913764107977
849,III-V,M_B,Al,AlP,2.79,2.8802220899234827,0.02302048333039626
850,III-V,M_A,P,AlP,2.9,2.7447284414763495,0.03264040561391319
851,III-V,M_i_A,Al,AlP,2.98,2.905420437543883,0.023553555271180762
852,III-V,M_i_B,Al,AlP,2.95,2.904289556179626,0.026147045591448363
853,III-V,M_i_neut,Al,AlP,2.92,2.9016299825379925,0.025013329968429268
854,III-V,M_i_A,P,AlP,2.55,2.7344924704023126,0.03167324250239151
855,III-V,M_i_B,P,AlP,2.22,2.7226906435391767,0.017426955858602558
856,III-V,M_i_neut,P,AlP,2.9,2.7357312524398685,0.030127906912149057
857,III-V,M_B,Al,AlAs,2.46,2.5880366907075234,0.026815904654999907
858,III-V,M_A,As,AlAs,2.57,2.545231962017504,0.03268522432227307
859,III-V,M_i_A,Al,AlAs,2.74,2.622540459249303,0.021023298490289485
860,III-V,M_i_B,Al,AlAs,2.6,2.6102292694736478,0.02316026268142417
861,III-V,M_i_neut,Al,AlAs,2.86,2.6207690642735253,0.021686473086435055
862,III-V,M_i_A,As,AlAs,2.22,2.5702139383998364,0.025073400156691735
863,III-V,M_i_B,As,AlAs,1.91,2.5431112782373577,0.018408232803732164
864,III-V,M_i_neut,As,AlAs,2.55,2.564264954083804,0.023699247436883994
865,III-V,M_B,Al,AlSb,1.79,1.9278661087764823,0.056479248117475706
866,III-V,M_A,Sb,AlSb,2.02,2.0427939352577797,0.0511514342914087
867,III-V,M_i_A,Al,AlSb,2.08,2.0550880201406194,0.05710731017323153
868,III-V,M_i_B,Al,AlSb,1.89,2.0375241605976013,0.056913318101650165
869,III-V,M_i_neut,Al,AlSb,1.96,2.0497924583628455,0.054296671330455015
870,III-V,M_i_A,Sb,AlSb,1.78,2.1044880156443653,0.05562092558719088
871,III-V,M_i_B,Sb,AlSb,1.56,2.0454466520969734,0.05683448656085029
872,III-V,M_i_A,Ga,GaN,5.07,4.942819336340459,0.08834541968716295
873,III-V,M_i_B,Ga,GaN,5.06,4.968421866345518,0.09310757808290103
874,III-V,M_i_neut,Ga,GaN,4.98,4.92313600729212,0.09959291081442903
875,III-V,M_B,Ga,GaP,2.35,2.4755460973296595,0.0350284532146534
876,III-V,M_A,P,GaP,2.52,2.300227993047372,0.03726786293978531
877,III-V,M_i_A,Ga,GaP,2.64,2.5152386757398326,0.035655403334855645
878,III-V,M_i_B,Ga,GaP,2.71,2.5413958532593943,0.029713950482302402
879,III-V,M_i_neut,Ga,GaP,2.52,2.5110069831822024,0.037582400189758586
880,III-V,M_i_A,P,GaP,2.09,2.31093863434345,0.033147966213356535
881,III-V,M_i_B,P,GaP,2.46,2.33258834175342,0.03462543952301954
882,III-V,M_i_neut,P,GaP,2.4,2.3168659906860594,0.03947583497921853
883,III-V,M_B,Ga,GaAs,1.31,1.6990043377298072,0.019866029768205184
884,III-V,M_A,As,GaAs,1.75,1.6358048049166876,0.022596067292708168
885,III-V,M_i_A,Ga,GaAs,1.78,1.754576533727476,0.025336646888242328
886,III-V,M_i_B,Ga,GaAs,1.8,1.7613823041058143,0.025801884603285176
887,III-V,M_i_neut,Ga,GaAs,1.78,1.7427770704730148,0.02120624840342155
888,III-V,M_i_A,As,GaAs,1.45,1.6694541002494574,0.02031084724418354
889,III-V,M_i_B,As,GaAs,1.46,1.6782711190910597,0.0217653127410573
890,III-V,M_i_neut,As,GaAs,1.67,1.671216739680802,0.021685491302743137
891,III-V,M_B,Ga,GaSb,0.76,1.04088872369473,0.01798531036312486
892,III-V,M_A,Sb,GaSb,1.28,1.1328394323213387,0.02835303396196657
893,III-V,M_i_A,Ga,GaSb,1.25,1.2001355986930577,0.02361238883467717
894,III-V,M_i_B,Ga,GaSb,1.31,1.1905874145583664,0.023446756410156998
895,III-V,M_i_neut,Ga,GaSb,1.25,1.1930159013834125,0.024277421961674563
896,III-V,M_i_A,Sb,GaSb,1.22,1.2119195411166914,0.02409025810502046
897,III-V,M_i_B,Sb,GaSb,1.33,1.1982014473648535,0.02519194458728622
898,III-V,M_i_neut,Sb,GaSb,1.25,1.2050695610167625,0.024932518212112086
899,III-V,M_i_A,In,InN,2.85,2.8222637237666888,0.035243063950296624
900,III-V,M_i_B,In,InN,2.84,2.93472906828636,0.0353704923094705
901,III-V,M_i_A,N,InN,2.03,2.3919533082021815,0.03259775269241075
902,III-V,M_i_B,N,InN,2.14,2.418859335826157,0.04095825434084824
903,III-V,M_i_neut,N,InN,2.43,2.3987449190871026,0.0343674865358752
904,III-V,M_B,In,InP,1.94,2.1430969041818573,0.024944164107832185
905,III-V,M_A,P,InP,2.0,1.8315918978614847,0.028822962386863004
906,III-V,M_i_A,In,InP,2.31,2.180090886255573,0.017624935945249266
907,III-V,M_i_B,In,InP,2.34,2.2643162251603908,0.016009357514823033
908,III-V,M_i_neut,In,InP,2.15,2.175097505069364,0.017356325968575018
909,III-V,M_i_A,P,InP,1.73,1.9403162335220117,0.018475936009780407
910,III-V,M_i_B,P,InP,2.1,1.9701487096540071,0.021431185368518867
911,III-V,M_i_neut,P,InP,2.17,1.9463048865089014,0.01886278155587912
912,III-V,M_B,In,InAs,1.36,1.6135050549568952,0.02569838548568426
913,III-V,M_A,As,InAs,1.51,1.421150195155103,0.026994557394108845
914,III-V,M_i_A,In,InAs,1.79,1.6782755212681764,0.021945016324886477
915,III-V,M_i_B,In,InAs,1.78,1.722652496165265,0.022629497453392756
916,III-V,M_i_neut,In,InAs,1.74,1.6686973089018757,0.023486923878744098
917,III-V,M_i_A,As,InAs,1.45,1.5542324055990466,0.024151878100864995
918,III-V,M_i_B,As,InAs,1.6,1.5899797412280532,0.02492371128418075
919,III-V,M_i_neut,As,InAs,1.69,1.5525839627625853,0.02234753460734402
920,III-V,M_B,In,InSb,0.88,1.1169040842478732,0.018241624438266355
921,III-V,M_A,Sb,InSb,1.22,1.0728379236654975,0.02276247708492594
922,III-V,M_i_A,In,InSb,1.31,1.290777287428552,0.02054923717119172
923,III-V,M_i_B,In,InSb,1.33,1.3068196102774225,0.017976078914819293
924,III-V,M_i_neut,In,InSb,1.3,1.2807621857111045,0.018362506608755103
925,III-V,M_i_A,Sb,InSb,1.22,1.2543406248110656,0.021696945643596775
926,III-V,M_i_B,Sb,InSb,1.31,1.2724510739451251,0.017791452312296722
927,III-V,M_i_neut,Sb,InSb,1.3,1.244280927751774,0.020555147432507526
928,IV-IV,M_i_A,In,SiC,3.9,3.781915761748999,0.026534725037930227
929,IV-IV,M_i_neut,Br,SiC,3.7,3.781796949113661,0.03033907146202234
930,IV-IV,M_A,Ba,GeC,3.17,3.4765182165087687,0.028733566083268408
931,IV-IV,M_i_A,Sn,GeC,3.49,3.3851124860043256,0.018666450701785853
932,IV-IV,M_i_A,S,GeC,3.27,3.2384238552803857,0.025605470297542194
933,IV-IV,M_i_A,Se,GeC,3.35,3.3034948437996796,0.025086286873675007
934,IV-IV,M_i_neut,Pb,GeC,3.43,3.336305827381449,0.03106766970153552
935,IV-IV,M_i_A,Se,SnC,2.45,2.5222755414864295,0.017255486821654308
936,IV-IV,M_i_A,Si,Si,1.61,1.5559602051725363,0.0185375483618829
937,IV-IV,M_i_neut,Si,Si,1.58,1.5522999207557002,0.02084165398157402
938,IV-IV,M_i_A,Ge,Ge,1.08,1.0352826534772797,0.01818995007985793
939,IV-IV,M_i_neut,Ge,Ge,1.06,1.0273982215924071,0.017854389947471305
940,IV-IV,M_i_A,Sn,Sn,0.86,0.8563531432490447,0.0279326882086857
941,IV-IV,M_A,C,SiC,3.52,3.349087449861808,0.03683184443862336
942,IV-IV,M_B,Si,SiC,3.72,3.7873913530593937,0.026170781431753287
943,IV-IV,M_i_A,C,SiC,3.37,3.4137188368141684,0.035399914524161066
944,IV-IV,M_i_B,C,SiC,2.33,3.4045684801559353,0.021883510549971563
945,IV-IV,M_i_neut,C,SiC,3.58,3.4231056241009457,0.03583375956500656
946,IV-IV,M_i_A,Si,SiC,3.88,3.629963342710071,0.029417552632315925
947,IV-IV,M_i_B,Si,SiC,3.89,3.6376632836518334,0.02752851442617594
948,IV-IV,M_i_neut,Si,SiC,3.62,3.6275623793573386,0.028537056880474285
949,IV-IV,M_A,C,GeC,3.15,3.0367593982711005,0.02690466570406001
950,IV-IV,M_B,Ge,GeC,3.48,3.4999093889571737,0.02918266588335306
951,IV-IV,M_i_A,C,GeC,2.93,3.11443090125747,0.029210846567804052
952,IV-IV,M_i_neut,C,GeC,3.39,3.119679133008875,0.03010664035886575
953,IV-IV,M_i_A,Ge,GeC,3.56,3.3446857581290828,0.020530353315950656
954,IV-IV,M_i_B,Ge,GeC,3.53,3.3922748262585016,0.023893403424735525
955,IV-IV,M_i_neut,Ge,GeC,3.39,3.33639310186246,0.022405381780624307
956,IV-IV,M_A,C,SnC,1.99,2.174552585486137,0.030804139280523
957,IV-IV,M_B,Sn,SnC,2.48,2.745916330365872,0.023788972736169787
958,IV-IV,M_i_A,C,SnC,2.18,2.336633177182071,0.023049866546288423
959,IV-IV,M_i_neut,C,SnC,2.59,2.3414129106967736,0.02122254483484386
960,IV-IV,M_i_B,Sn,SnC,2.65,2.711889222435688,0.02380709742564338
961,IV-IV,M_i_neut,Sn,SnC,2.5,2.5839401674470595,0.018911648578851078
962,IV-IV,M_A,Ge,SiGe,1.46,1.3352618239451555,0.0238336956381648
963,IV-IV,M_B,Si,SiGe,1.44,1.2993426963793115,0.019751845023102777
964,IV-IV,M_i_A,Ge,SiGe,1.6,1.4431320286242861,0.016247855817201774
965,IV-IV,M_i_neut,Ge,SiGe,1.49,1.4330324284843314,0.014445928022948851
966,IV-IV,M_i_A,Si,SiGe,1.53,1.4097320252364711,0.015679916401076455
967,IV-IV,M_i_B,Si,SiGe,1.38,1.4010911781211075,0.014795341525714262
968,IV-IV,M_A,Sn,SiSn,1.42,1.1695288841892233,0.02239189962372731
969,IV-IV,M_B,Si,SiSn,1.25,1.0410151988499337,0.029667705357517206
970,IV-IV,M_i_A,Sn,SiSn,1.44,1.3185114218260363,0.015525470156831863
971,IV-IV,M_i_B,Sn,SiSn,1.23,1.2614399343854117,0.015377535706105939
972,IV-IV,M_i_neut,Sn,SiSn,1.44,1.3127686804189942,0.016194835406506323
973,IV-IV,M_i_A,Si,SiSn,1.22,1.193764295942731,0.019099800087351723
974,IV-IV,M_i_B,Si,SiSn,1.29,1.1779688997340163,0.018790698122571625
975,IV-IV,M_i_neut,Si,SiSn,1.25,1.1915572261290834,0.01948650583554589
976,IV-IV,M_A,Sn,GeSn,0.94,0.8491895453047494,0.025409045403218814
977,IV-IV,M_i_A,Sn,GeSn,1.06,0.9986219358165933,0.016300491948385207
978,IV-IV,M_i_B,Sn,GeSn,1.1,0.9864144711825024,0.01248419154416089
979,IV-IV,M_i_neut,Sn,GeSn,1.01,0.993455541664798,0.017126396982610738
980,IV-IV,M_i_A,Ge,GeSn,0.95,0.9274802248203574,0.016795799478785147
981,IV-IV,M_i_B,Ge,GeSn,1.03,0.9208132320128783,0.015852976625656996
982,IV-IV,M_i_neut,Ge,GeSn,0.96,0.9267746041737525,0.01678336815010149
