,Type,Site,Impurity,AB,(+1/0)_DFT,train_mean,train_std
0,IV-IV,M_i_neut,Cl,GeC,0.9301159999999999,1.0303308704714185,0.0962316749760993
1,III-V,M_i_neut,Te,BAs,1.075617,1.0008059289296505,0.07458302448776506
2,IV-IV,M_i_B,Cd,GeC,2.240143,1.411193649332316,0.04636036538498612
3,III-V,M_i_B,Zr,BP,1.1638549999999999,0.7707398653968209,0.07170563690091257
4,III-V,M_B,Ag,GaN,2.349557,2.460049881122828,0.11948734252282082
5,III-V,M_i_neut,Bi,BSb,0.9450350000000001,0.9541139403147667,0.043956791756047275
6,II-VI,M_B,Ca,ZnS,2.438316,2.638941343420779,0.050855329256229834
7,II-VI,M_B,V,CdO,1.151263,1.2920452117292212,0.1006270592824442
8,IV-IV,M_i_neut,S,SnC,0.7117760000000001,0.9468869310228449,0.06502984348209194
9,II-VI,M_i_neut,Zr,ZnS,2.2778,2.3333832268978916,0.03696661080235595
10,IV-IV,M_i_neut,Br,SnC,0.814702,0.8733215997267452,0.0956761001085987
11,II-VI,M_i_A,Ta,ZnS,2.5628330000000004,2.0445719458283884,0.03690437974540907
12,IV-IV,M_i_neut,Cd,SnC,1.6193739999999999,1.2081309463246632,0.06784642648080325
13,IV-IV,M_i_B,Mg,SnC,1.607065,1.0079372409565956,0.09035331009988877
14,III-V,M_i_B,Cs,InN,1.042062,1.4595528112674863,0.07396985637718606
15,IV-IV,M_i_neut,Re,GeC,1.1505,1.2047145162556734,0.04466956316650336
16,II-VI,M_B,Hf,CdSe,1.1213790000000001,1.4047116739728807,0.05558910925921608
17,III-V,M_i_B,Ta,BP,0.8750399999999999,0.6615891132798595,0.0707402945780627
18,II-VI,M_i_A,Ta,CdO,1.616858,1.3644340174999576,0.04079456758002889
19,IV-IV,M_B,Nb,GeC,0.82511,1.1642398440478772,0.07916447460474785
20,II-VI,M_i_A,In,ZnO,2.3213779999999997,2.013845216446619,0.03701048439718096
21,II-VI,M_A,Re,ZnO,1.744193,1.5197875827462564,0.08693304559769412
22,II-VI,M_i_A,Si,CdO,1.405908,0.9134846851817976,0.04250698381242712
23,IV-IV,M_i_A,Mo,GeC,0.991186,1.2028074408977811,0.045683324504962104
24,IV-IV,M_A,Rb,SiC,0.783644,0.7894173723054927,0.08179547205482993
25,IV-IV,M_i_A,Sn,SnC,1.738462,1.4361294852957962,0.04782074909593996
26,IV-IV,M_B,Sc,SiC,1.797282,1.3890635035610175,0.08434812871298505
27,III-V,M_i_A,S,BAs,0.500512,0.6333143307781828,0.08026899478705891
28,III-V,M_B,Zr,AlP,1.313276,0.9379370436120145,0.07858823954034418
29,IV-IV,M_B,Nb,SnC,0.614056,0.969140560721937,0.06762032369339313
30,II-VI,M_i_A,Ta,CdS,1.8872830000000003,1.6633938563217696,0.0354879141522105
31,II-VI,M_i_A,Y,ZnS,2.623325,2.5933782394343403,0.049576371387561366
32,IV-IV,M_i_B,Ir,SiC,1.185547,1.7419514208837081,0.06114787290640397
33,III-V,M_i_A,Au,BP,1.286363,1.08372520619896,0.06396527079519929
34,IV-IV,M_i_B,Ru,GeC,0.653053,1.2874610294784286,0.03766040472797664
35,IV-IV,M_i_B,Ta,SnC,1.396484,1.3092385842916474,0.06022361039058036
36,IV-IV,M_i_B,Si,SnC,1.519815,1.19396524866235,0.058712322831599134
37,II-VI,M_i_B,Ga,ZnO,2.24067,1.9671272188731816,0.04091575654766411
38,II-VI,M_B,Na,CdS,1.8988040000000002,1.9619010925642428,0.05361625150687807
39,II-VI,M_i_A,Mo,CdS,1.822316,1.5512204106312322,0.03227632367185634
40,II-VI,M_i_neut,Pb,ZnS,2.5100540000000002,1.9291585161068248,0.051311390573241834
41,IV-IV,M_B,I,SiC,2.031673,1.8458888194552459,0.10180460927120226
42,II-VI,M_i_neut,La,ZnSe,2.1082389999999998,2.198987325302525,0.0373605060457603
43,II-VI,M_i_A,Tc,CdO,1.4238819999999999,1.0774854810951109,0.028909510947561418
44,II-VI,M_B,Zr,CdTe,0.744568,0.6625123258521213,0.034139445495002176
45,II-VI,M_B,La,CdTe,0.9762850000000001,0.8145929021736933,0.06208597282124074
46,II-VI,M_B,W,CdTe,0.43958800000000003,0.471800881312208,0.04052686671652842
47,IV-IV,M_i_A,Ru,SiC,2.030186,1.7557733630342944,0.05422427247246475
48,III-V,M_i_neut,Cl,BSb,-0.1024,0.09402233140888439,0.12808970151939686
49,II-VI,M_i_B,Al,ZnS,2.655321,2.1967943076032044,0.046244388069028274
50,IV-IV,M_i_B,Al,GeC,2.020244,1.4183225793740717,0.05809799322537576
51,III-V,M_i_neut,Pt,BP,0.265665,0.26502020634299395,0.07642671833364816
52,III-V,M_i_neut,Ag,BP,1.4069120000000002,0.9648994159991041,0.06734668102487305
53,III-V,M_i_A,Ba,GaP,1.612571,1.500644045893153,0.06144073837928691
54,II-VI,M_B,Nb,CdTe,0.377087,0.5379116184999009,0.03653209749578357
55,IV-IV,M_i_A,Tc,SiC,1.708618,1.700528183472582,0.04781749932840539
56,II-VI,M_B,Y,CdTe,0.7339479999999999,0.8132500973713981,0.04598149954879491
57,III-V,M_i_B,I,AlP,0.7229909999999999,1.2758270969977161,0.08014545250834662
58,II-VI,M_B,Ca,CdSe,1.503391,1.7246915364766793,0.05423286070408353
59,III-V,M_i_A,Be,GaN,2.588848,2.372890908256008,0.07809065433262585
60,III-V,M_B,I,InN,1.507845,1.043291092470116,0.07877786824019706
61,IV-IV,M_i_A,B,SiC,1.800266,1.7055674729928931,0.048503895482171565
62,II-VI,M_B,Co,ZnS,1.973958,1.3290128204863856,0.0517767769122575
63,III-V,M_i_A,W,BP,0.421746,0.8259140691053396,0.08019187618984758
64,III-V,M_B,Ba,InP,1.436367,0.873997865809625,0.08019672132665268
65,III-V,M_B,La,GaAs,0.6582319999999999,0.39101844122104445,0.05639590928494076
66,II-VI,M_B,Si,ZnS,0.601769,1.2308231514194845,0.06170946075532528
67,II-VI,M_i_B,Sn,CdO,1.367734,1.2456262942079799,0.031245425218614366
68,III-V,M_i_B,Tc,BAs,0.511016,0.28566022354680476,0.056129563641718255
69,II-VI,M_B,Os,CdSe,0.013287,0.3153498467058577,0.0694992962291724
70,II-VI,M_B,Mo,CdTe,0.705866,0.3500267701098231,0.030873786990768922
71,II-VI,M_B,Re,CdTe,-1.024745,0.2238693909507715,0.04594638138659354
72,II-VI,M_i_A,Ba,ZnSe,2.146619,2.288645194600663,0.043239079549820425
73,II-VI,M_B,Ti,CdTe,0.787824,0.6870034885822618,0.03110094249668951
74,II-VI,M_B,Sc,CdTe,0.530193,0.7482961262658894,0.03316074249177362
75,II-VI,M_i_A,Cl,ZnO,0.264869,0.40551436775781735,0.05430756413340897
76,II-VI,M_B,Ta,CdTe,0.430462,0.4217318715640058,0.05246990177166152
77,II-VI,M_B,Ba,CdTe,1.445813,1.111123447529731,0.05842000433823117
78,IV-IV,M_i_neut,O,GeC,-0.281107,0.5527861342042801,0.04439164447327731
79,II-VI,M_i_A,Sc,ZnS,2.5601689999999997,2.460055785880754,0.046689091103814716
80,II-VI,M_i_neut,Ti,ZnS,2.427066,2.197176497536995,0.04241488965966528
81,IV-IV,M_B,Sb,SiC,1.8042880000000001,1.6175066392208894,0.08750765704836336
82,III-V,M_A,Hf,BAs,0.9281729999999999,0.8038788464561663,0.12429379152126274
83,II-VI,M_i_neut,Cs,CdS,1.778028,1.8739174135188996,0.074871729066024
84,IV-IV,M_i_B,C,SnC,1.246668,1.0013277841183155,0.07223428401870248
85,IV-IV,M_B,Te,SnC,1.583503,1.212418352809665,0.07001367989013761
86,IV-IV,M_i_B,F,GeC,-0.31041399999999997,0.38418266508114457,0.0869161775630267
87,II-VI,M_i_neut,Cs,ZnSe,2.082935,2.055402400149017,0.0687045766590432
88,IV-IV,M_A,Pb,SnC,-0.185133,0.3635079464740464,0.08198694373539767
89,II-VI,M_i_B,Ir,CdS,1.248897,1.2914837583398904,0.044213063304220986
90,II-VI,M_i_B,Bi,ZnSe,1.632662,1.7517142686867508,0.028752324759198592
91,II-VI,M_i_B,Mg,ZnS,2.7601080000000002,2.2820394741426546,0.04805613727740042
92,II-VI,M_B,Sr,CdTe,1.324135,1.1781650991903643,0.059989720689130076
93,II-VI,M_i_neut,Na,ZnO,1.391177,1.9042788742301044,0.049965884624386545
94,IV-IV,M_i_neut,Zn,SiC,2.055246,1.6970610882398156,0.06090346331686735
95,IV-IV,M_i_B,Al,SiC,2.053387,1.7908976684433142,0.05945879163968676
96,II-VI,M_B,I,ZnO,1.658116,0.9332637525028133,0.07746603739229582
97,IV-IV,M_A,Rh,GeC,0.8590770000000001,0.26808220458068677,0.07038863260046203
98,II-VI,M_B,Ca,CdTe,1.198016,1.0104529221455976,0.04852400713956502
99,II-VI,M_i_neut,Ir,ZnS,1.091375,1.4791396100235954,0.05293282443295221
100,IV-IV,M_i_B,C,SiGe,0.645027,0.24120812602679265,0.0433191292481448
101,IV-IV,M_B,Re,SnC,0.5229779999999999,0.7858374402396823,0.07993452155847451
102,III-V,M_i_B,C,AlAs,0.7640819999999999,0.7408596240774695,0.05879614411378044
103,III-V,M_A,Te,BP,1.212646,1.0290536602983849,0.1044626232056897
104,II-VI,M_i_B,C,CdTe,1.084262,0.5266992492314759,0.03224691843305178
105,III-V,M_i_neut,Pb,AlP,1.784305,1.8064848770563746,0.05772277400985963
106,IV-IV,M_B,Li,GeC,1.796947,1.013246530022999,0.09858661443828669
107,II-VI,M_i_B,Y,CdO,1.553084,1.585252808199383,0.038103013669702306
108,II-VI,M_i_A,C,CdTe,0.099245,0.5199659676621134,0.03520466808726403
109,II-VI,M_i_A,W,CdTe,1.28124,1.0994645198196242,0.04287893729931766
110,IV-IV,M_A,As,SnC,1.085608,-0.035579056788629035,0.09031849334714395
111,III-V,M_i_B,Pb,GaP,1.762525,1.407712181871054,0.051867601191981645
112,IV-IV,M_i_neut,W,SnC,0.998575,1.2767357583366117,0.06487900274900475
113,II-VI,M_i_A,C,ZnTe,0.2996,0.4491249693331804,0.039938005205852334
114,II-VI,M_i_neut,W,ZnTe,0.9061020000000001,1.0464700050453295,0.04872394620652692
115,II-VI,M_i_neut,In,CdO,1.236045,1.403396855673154,0.028429771345977052
116,II-VI,M_i_B,Sb,CdTe,1.0428959999999998,1.2528082409943715,0.03027445773788547
117,II-VI,M_i_A,Re,CdTe,1.175366,0.9103192618094589,0.03179799013733455
118,II-VI,M_B,Os,CdTe,-0.209443,0.02282037816660896,0.05618786648002238
119,II-VI,M_i_neut,C,CdTe,1.209,0.5255860927990966,0.032731115089928924
120,IV-IV,M_B,Bi,GeC,1.808876,1.4765248817188779,0.0861982061111646
121,II-VI,M_i_B,Re,CdTe,1.35169,0.9083694809562533,0.03449344986225838
122,II-VI,M_B,Ru,CdTe,-0.210806,0.22645869847967082,0.03176094692623977
123,II-VI,M_A,O,CdS,0.070012,0.6043032422853306,0.09453115278377218
124,II-VI,M_i_A,Al,CdS,1.898365,1.83111592274035,0.03991137216015762
125,II-VI,M_A,Ru,CdO,1.467675,0.6697774378419209,0.054932715676024556
126,II-VI,M_i_A,Pb,CdO,1.321094,1.2664466240572545,0.037335639259239974
127,II-VI,M_B,Tc,CdTe,0.170025,0.2736619743710957,0.038097473976781086
128,II-VI,M_B,V,CdTe,0.30480799999999997,0.6076031072347925,0.03106322911179479
129,II-VI,M_B,Rh,CdTe,-0.23398899999999997,0.17953046653473986,0.03008911058558446
130,II-VI,M_i_B,Zr,CdTe,1.507943,1.3764411663000107,0.02266243994730087
131,II-VI,M_i_B,W,CdTe,1.277822,1.0897852683397873,0.044452367889758836
132,IV-IV,M_i_neut,Sr,Si,0.7737390000000001,0.8862336785728718,0.05615258571646838
133,II-VI,M_i_A,Be,CdS,1.4304620000000001,1.7242498732780498,0.04153232107597672
134,II-VI,M_i_neut,La,CdTe,1.529518,1.6586333255469796,0.04388677793556793
135,IV-IV,M_i_A,C,Si,0.20518699999999998,0.16645844769030865,0.06127327803689656
136,II-VI,M_i_A,Sb,CdTe,0.954578,1.260015164026757,0.029269257716026162
137,II-VI,M_i_neut,W,CdTe,1.245789,1.0766315632118098,0.045084554487341826
138,II-VI,M_i_neut,Sb,CdTe,1.314599,1.2483214249882444,0.0287016718877475
139,III-V,M_i_A,Tc,InP,1.0153370000000002,0.8617582929255987,0.04823006703819189
140,IV-IV,M_B,Au,GeC,1.410639,1.2348647266137098,0.0880143788071402
141,III-V,M_i_B,Ti,BAs,0.881309,0.3998833486265139,0.061258881369911165
142,II-VI,M_i_B,La,CdSe,1.9505259999999998,1.7466965185679915,0.04789980082821699
143,III-V,M_i_B,Mg,GaN,2.6825080000000003,2.3935639292547384,0.07382714569256028
144,II-VI,M_i_neut,Zr,CdTe,1.389989,1.3686367987418067,0.022334420248162807
145,II-VI,M_B,Cd,CdS,1.7128830000000002,1.2033362315238338,0.05787417476044324
146,II-VI,M_i_A,Sn,CdS,2.026679,1.750310483307997,0.03284085721687486
147,II-VI,M_B,Hf,CdTe,0.682728,0.7805251069356318,0.051619663332049696
148,II-VI,M_i_B,Rb,CdS,1.7637990000000001,1.8571970749110485,0.05466832284024725
149,II-VI,M_i_B,Os,CdTe,1.109426,0.7410449716907515,0.029335216909315846
150,II-VI,M_i_neut,Y,CdTe,1.517213,1.6399040542499095,0.028363356753350905
151,II-VI,M_B,Zn,CdS,1.558606,1.13654949580926,0.06209380491936632
152,II-VI,M_i_B,Be,ZnO,1.689171,1.8077844027059307,0.06978545686445174
153,II-VI,M_i_neut,Nb,CdTe,1.1400139999999999,1.063530217423103,0.023873590721035703
154,IV-IV,M_i_A,Pb,Si,0.926127,0.7421390882749709,0.051354841691606125
155,II-VI,M_B,C,CdTe,-0.287075,-0.07953447495016042,0.04663570262001585
156,II-VI,M_i_A,Mo,CdTe,1.700763,0.8947227286632995,0.0230942919351848
157,II-VI,M_B,Rh,ZnSe,-0.046465,0.7666795259536653,0.044644648053578304
158,II-VI,M_i_B,Nb,CdTe,1.213552,1.0722403098902924,0.02358680190475283
159,III-V,M_i_neut,Sr,AlAs,1.7925689999999999,1.4555377287522115,0.08145405460966267
160,IV-IV,M_i_A,Fe,SnC,0.642886,1.1236596420096006,0.058036726435424284
161,II-VI,M_i_neut,Re,CdTe,0.889301,0.9032168978482215,0.034261996362337906
162,II-VI,M_i_B,La,CdTe,1.680895,1.6598441835562157,0.03873232969351276
163,II-VI,M_B,C,ZnSe,-0.31700900000000004,0.3959010750113976,0.05668477863574228
164,II-VI,M_i_A,Os,CdTe,0.718629,0.7418564512775403,0.029888159350104963
165,IV-IV,M_i_neut,Ta,SiGe,1.515896,0.4904685801837713,0.03427355230696913
166,II-VI,M_i_B,Ag,ZnO,1.381956,1.6261807450188563,0.04783776377978628
167,II-VI,M_i_B,Sr,CdO,1.1097299999999999,1.5469035040541048,0.05005170844036006
168,III-V,M_i_B,Hf,InP,1.4184459999999999,1.2143202114163305,0.055901508259006694
169,II-VI,M_i_B,Ta,CdTe,1.325782,1.0830593230422696,0.022814667394181365
170,II-VI,M_B,Cr,CdTe,0.9118700000000001,0.5393736985925145,0.030388601864170254
171,IV-IV,M_B,Pd,SiC,1.880991,0.8174118190945208,0.06898364072393445
172,III-V,M_i_B,B,AlP,1.5473700000000001,1.464602358128217,0.052657475776562004
173,II-VI,M_i_A,Nb,CdTe,1.448943,1.0780930183716788,0.022897426339556628
174,III-V,M_i_B,Ta,InAs,0.969859,0.5443717661784151,0.04236130235750249
175,III-V,M_i_B,W,InAs,0.736731,0.6069561547140232,0.05634412291415295
176,III-V,M_i_A,Te,AlAs,0.942825,1.2437177913134105,0.05545605925522237
177,II-VI,M_i_B,Ti,CdS,1.8983330000000003,1.845549975713147,0.035535136943637385
178,II-VI,M_i_A,Zr,ZnTe,1.5411620000000001,1.6067751576684781,0.031041861688472335
179,II-VI,M_i_A,Zr,CdTe,1.367175,1.3777028531812383,0.02238797505725871
180,III-V,M_i_neut,Mo,AlP,1.238743,1.3520053086470758,0.0592777888576185
181,III-V,M_B,Mg,GaP,0.79871,0.8397381951758011,0.10002256165167348
182,II-VI,M_A,Sb,ZnO,1.620392,0.9711277301217651,0.06415816335203307
183,II-VI,M_B,Rb,CdTe,1.612854,0.8473926132458057,0.055243877551513665
184,II-VI,M_A,Ir,CdO,0.9429219999999999,0.4966838464174851,0.06868476375143627
185,II-VI,M_i_B,Rh,CdS,1.097274,1.5439869064233558,0.04453197310920975
186,II-VI,M_i_neut,Ta,CdTe,1.413564,1.071322279589773,0.026217722555170762
187,IV-IV,M_A,Bi,SiC,1.624056,1.0590919896719804,0.08080933706350102
188,II-VI,M_i_neut,Sc,CdTe,1.4589450000000002,1.5714880759836654,0.02506176270809157
189,II-VI,M_B,Fe,CdTe,0.137035,0.3742411405879652,0.03058104815863611
190,II-VI,M_i_B,As,ZnSe,1.200391,1.256811452115738,0.029299656562404817
191,II-VI,M_B,Co,CdTe,0.409337,0.32442971477219895,0.03255898082898177
192,II-VI,M_i_neut,Ga,CdS,1.7867979999999999,1.9368320244151729,0.03309073828956825
193,II-VI,M_i_neut,Mo,CdTe,1.255908,0.8844881599772915,0.021809333816070517
194,II-VI,M_i_neut,Co,CdO,0.6896220000000001,0.8811483373000891,0.031067626073416597
195,II-VI,M_B,K,CdTe,1.5163440000000001,0.752535982107918,0.06027253061217246
196,II-VI,M_i_B,Y,CdTe,1.6827459999999999,1.6480991826092528,0.02303077235383654
197,II-VI,M_i_A,Te,ZnSe,1.085034,1.2046602387840726,0.03202342854707637
198,II-VI,M_B,B,CdTe,-0.236839,0.3670935154501011,0.05129039853583985
199,II-VI,M_B,Be,CdTe,0.27786900000000003,0.6341981842518695,0.05449225541887195
200,III-V,M_i_neut,W,GaSb,0.331924,0.2214213226844048,0.053786750061566226
201,II-VI,M_i_A,Zn,ZnS,1.717066,1.847191942808585,0.04492735769144301
202,II-VI,M_A,Zr,CdS,1.753384,1.1474931352405857,0.03673654916710081
203,II-VI,M_B,Li,ZnTe,1.122387,1.028517396922975,0.058821580434737
204,II-VI,M_i_neut,Ba,CdTe,1.581995,1.7534329998460572,0.02346747570803452
205,II-VI,M_i_neut,As,CdS,1.6940990000000002,1.4394450053887318,0.030693729536985317
206,III-V,M_B,Hf,InSb,-0.107366,-0.018294401241037015,0.05696098904051062
207,II-VI,M_i_B,Mo,CdTe,1.301108,0.8896081842631599,0.022171151187001806
208,II-VI,M_i_A,Ta,CdTe,1.433051,1.0827839298736937,0.024703604633439697
209,III-V,M_i_A,Cl,GaP,-0.114933,0.41591560820052187,0.06251402349253087
210,IV-IV,M_i_neut,La,Ge,0.496122,0.5715711281869014,0.04729427561316902
211,II-VI,M_B,Mg,CdTe,0.9188620000000001,0.9091130995452377,0.051247861633804126
212,II-VI,M_B,Mn,CdTe,0.6133350000000001,0.5232580623922736,0.03159376266880504
213,II-VI,M_i_B,B,CdSe,1.509491,1.3009392068601393,0.04375413838719109
214,IV-IV,M_B,Rh,SiC,1.9177830000000002,1.3256018431396535,0.06004921924469784
215,II-VI,M_i_A,La,CdTe,1.597092,1.6730853884989627,0.04646913708261735
216,II-VI,M_i_neut,Os,CdTe,0.731474,0.7252617142662003,0.03467342943874524
217,IV-IV,M_B,Rb,SiGe,0.454872,0.12500896573685666,0.06492228101594631
218,II-VI,M_B,Cs,CdTe,1.621665,1.009836254365417,0.05912380479728554
219,III-V,M_i_B,Zr,InN,1.723889,1.7236483488129324,0.06678865139858955
220,II-VI,M_B,Si,CdSe,0.270304,0.5340191892851581,0.05935571975989569
221,II-VI,M_B,Ir,CdTe,-0.22928800000000002,0.0032747247659513147,0.05044398346735611
222,II-VI,M_i_B,Ti,CdTe,1.378543,1.2733027742490202,0.01985415440826278
223,II-VI,M_i_A,B,CdTe,1.078368,1.159536731080398,0.04251271111131102
224,III-V,M_i_neut,Ir,InP,0.568759,0.7583432345752952,0.055989189994998884
225,II-VI,M_i_B,Ru,CdTe,1.048505,0.8872908845450842,0.02729405953433094
226,II-VI,M_i_neut,I,ZnSe,0.830958,0.7326227537435062,0.04874764701455221
227,IV-IV,M_i_neut,Zr,Ge,0.366151,0.417868004643468,0.03171830060969281
228,II-VI,M_i_A,Y,CdTe,1.571849,1.6494585484325512,0.025364998892382758
229,II-VI,M_i_B,Sc,CdTe,1.590878,1.5745385667565526,0.024974831118137288
230,III-V,M_i_B,In,AlAs,1.5504229999999999,1.3034708324781616,0.03416182428413783
231,II-VI,M_i_neut,B,CdTe,0.8995690000000001,1.1574830086779482,0.03978591283933324
232,III-V,M_i_B,Os,GaSb,0.206617,0.005202043665651334,0.04102463227206167
233,II-VI,M_i_neut,Ti,CdTe,1.379246,1.2744026804485906,0.018169545984781557
234,II-VI,M_B,Tl,ZnSe,1.158393,1.5452138092091585,0.05496089769147579
235,IV-IV,M_i_neut,Rb,SiSn,0.7475569999999999,0.570652801155266,0.05954443274707043
236,II-VI,M_i_neut,Cd,CdS,1.655125,1.5974266919011364,0.036903679937832695
237,IV-IV,M_i_B,As,SiGe,0.529632,0.677429039013683,0.037342048881552445
238,II-VI,M_A,C,CdSe,0.462433,0.17332073260973768,0.045224718775572055
239,III-V,M_i_B,Zn,BSb,0.730484,0.46984566450175674,0.04751970027175287
240,II-VI,M_i_neut,Sr,CdTe,1.580233,1.687619123602031,0.02796901951339335
241,II-VI,M_i_A,Bi,CdSe,1.530718,1.4920282114113441,0.030929361053937454
242,II-VI,M_i_neut,K,CdO,0.7744840000000001,1.0483190858607911,0.04398502875421934
243,II-VI,M_i_A,Sc,CdTe,1.47474,1.5759838193405131,0.023871644499295644
244,II-VI,M_i_B,Ba,CdTe,1.645039,1.7567017267360767,0.023760498758768643
245,II-VI,M_B,Li,CdTe,1.0199559999999999,0.801158371629843,0.05844999190323365
246,II-VI,M_i_B,Rh,CdTe,0.583974,0.8868793033842698,0.020238624331982636
247,IV-IV,M_i_B,P,SiGe,0.419203,0.5035735219536625,0.03425040483496241
248,II-VI,M_i_A,Cu,ZnO,1.3864049999999999,1.6513236865846914,0.0432920751329176
249,II-VI,M_i_neut,Se,ZnS,1.1384020000000001,1.2721464421954938,0.04816008790338597
250,II-VI,M_i_A,Rh,CdTe,0.711322,0.8962998714478656,0.022827580105869803
251,II-VI,M_i_B,Br,CdO,0.404114,0.209979117366339,0.06993978428977532
252,II-VI,M_i_B,B,CdTe,1.228173,1.160120401558644,0.039703651353466506
253,IV-IV,M_i_B,N,GeC,0.218914,0.2810000915554997,0.08022241485330082
254,II-VI,M_i_neut,Ru,CdTe,0.84921,0.8845255075289973,0.0272251605119056
255,II-VI,M_i_A,Ru,CdTe,0.453823,0.8935779106910224,0.02890030876236638
256,IV-IV,M_i_A,Tl,SiGe,0.760846,0.7511612515368219,0.042075807678687335
257,II-VI,M_i_B,Te,CdS,1.2173200000000002,1.343598975320719,0.03978725209703365
258,II-VI,M_i_B,Tc,CdTe,1.300757,0.9189708621049505,0.021815195855086685
259,II-VI,M_A,C,CdTe,0.088785,0.06413532193587972,0.042268952828177345
260,II-VI,M_i_A,Tc,CdTe,0.893128,0.919346232075655,0.02403969498785617
261,III-V,M_i_B,Cd,GaP,1.5229780000000002,1.251136332052558,0.044572940370279986
262,II-VI,M_B,Na,CdTe,1.2660129999999998,0.7591380942352259,0.06278512813440985
263,II-VI,M_i_A,Li,ZnS,2.5365849999999996,2.344497277389004,0.06535174873450506
264,III-V,M_i_B,B,AlSb,0.9802350000000001,0.6526840297696055,0.056375677624022014
265,II-VI,M_i_B,Mn,ZnS,2.388486,1.982531783456449,0.03462549345177579
266,III-V,M_B,Os,AlSb,-0.336323,-0.016627119423085625,0.09219221620195471
267,III-V,M_i_neut,In,InN,1.586934,1.657710398765989,0.05513106818655865
268,III-V,M_i_A,Mn,BSb,0.343512,0.13611525817374764,0.060867430513453245
269,II-VI,M_i_A,Cd,CdS,1.555332,1.601602557552405,0.036024438383498836
270,II-VI,M_B,Al,CdTe,0.241446,0.4782888655472865,0.039281712999925916
271,II-VI,M_i_A,Ti,CdTe,1.338351,1.2769765524197627,0.017730867722661865
272,II-VI,M_i_B,S,ZnTe,0.47863900000000004,0.5241837197580883,0.029073758362418125
273,IV-IV,M_i_B,O,SiSn,-0.351634,0.07544190683439453,0.06488432016213275
274,II-VI,M_i_B,Cd,CdS,1.751723,1.6027608243641311,0.03563674098606331
275,III-V,M_i_A,S,InP,0.238155,0.7462084345455203,0.05223839839379745
276,II-VI,M_i_A,Ir,CdTe,0.840606,0.66713981309105,0.025609517808527486
277,II-VI,M_B,Cd,CdSe,1.343825,1.026842375284779,0.05256900483615328
278,II-VI,M_B,Ni,CdTe,-0.201422,-0.12563128259680773,0.062242828955693386
279,II-VI,M_A,Rh,CdO,0.6896329999999999,0.5251031938452757,0.04898302594602596
280,II-VI,M_i_neut,Pt,CdS,0.6886260000000001,0.9363326598710364,0.056138891645151734
281,II-VI,M_i_neut,Sb,ZnTe,1.327891,1.30801964796089,0.026128120050168176
282,II-VI,M_i_A,Ca,ZnTe,1.769734,1.8637953487836065,0.03671394798766456
283,II-VI,M_i_B,Na,ZnTe,1.661099,1.6708435018313736,0.037447007727855704
284,II-VI,M_i_B,Bi,CdTe,1.253332,1.450352335495515,0.02974639936090127
285,II-VI,M_i_B,S,CdS,0.752005,0.9858673983110406,0.03850811549511659
286,II-VI,M_i_B,Ir,CdTe,0.738977,0.6570736943809494,0.02562211328171316
287,II-VI,M_i_neut,Rh,CdTe,0.492124,0.8851239639681818,0.02140420625773091
288,III-V,M_i_neut,Br,InP,0.208011,0.4356005897513896,0.06200563326616879
289,IV-IV,M_i_A,Os,GeSn,0.075948,-0.060759840074762296,0.04092259331005437
290,II-VI,M_A,P,ZnS,1.317688,1.0907344603290237,0.07256854085040919
291,II-VI,M_B,Sb,CdTe,-0.128952,0.2947244954611134,0.04135633012968359
292,II-VI,M_i_neut,Ca,CdSe,1.5914780000000002,1.5438014948713623,0.036527530122757314
293,IV-IV,M_i_neut,Mn,GeC,1.1849100000000001,1.1783925036732197,0.04457242840411902
294,II-VI,M_i_neut,Ca,CdTe,1.544578,1.534064250615364,0.025866554623503558
295,II-VI,M_B,Zn,CdTe,0.796517,0.481675528672225,0.02603331545174235
296,IV-IV,M_A,W,GeC,0.827309,0.4494889473334404,0.07916664913673971
297,III-V,M_i_A,Pd,InN,0.8556790000000001,0.9511694449440288,0.07732805231387732
298,II-VI,M_i_B,N,CdTe,-0.13325,0.08031904009369872,0.05307339272066505
299,III-V,M_i_B,Nb,InSb,0.48619799999999996,0.40179944436366083,0.041184482062946226
300,II-VI,M_i_B,Cs,CdTe,1.476053,1.5165644491632755,0.04871255980631056
301,IV-IV,M_i_A,Ta,Ge,0.286812,0.2994815777163569,0.04176823369214475
302,II-VI,M_i_A,K,ZnSe,1.992664,1.811924756652224,0.05049925244905208
303,II-VI,M_i_neut,Cd,CdO,0.918858,1.0659885169377303,0.032761148142320444
304,II-VI,M_A,Sb,CdTe,1.318324,0.5473366113314162,0.028761820465844173
305,II-VI,M_i_neut,N,CdTe,0.953837,0.09750457167304209,0.04483741611523586
306,II-VI,M_i_B,Hf,CdTe,1.535933,1.4517248571701942,0.024766999183577876
307,III-V,M_i_B,La,GaSb,0.8432709999999999,0.7912272181779035,0.05573263465632809
308,II-VI,M_i_A,V,CdTe,1.329189,1.127824893664668,0.020519314075136175
309,II-VI,M_i_B,Sr,CdSe,1.587314,1.708185982767229,0.037969683484482375
310,II-VI,M_i_B,V,CdTe,1.120431,1.1240310286133455,0.0208359263557852
311,IV-IV,M_A,Na,GeSn,0.16021,-0.2388746514365625,0.06329272313660032
312,II-VI,M_i_neut,Tc,CdTe,0.8346969999999999,0.9130790925980834,0.023082748385021265
313,IV-IV,M_A,Os,SiC,0.720454,0.648045724107879,0.08310224778191405
314,IV-IV,M_i_B,As,SiSn,0.40923400000000004,0.573295761228492,0.03855735116900578
315,III-V,M_B,Hg,BSb,-0.162849,0.05180734372069009,0.0757655744618223
316,II-VI,M_i_neut,Pb,CdTe,1.421186,1.2854950190545869,0.03266724294543453
317,III-V,M_i_A,La,AlSb,0.97652,1.0934157156901374,0.083620451728679
318,II-VI,M_i_A,N,CdTe,-0.152639,0.0830543120569529,0.05476267747306461
319,II-VI,M_i_B,Sr,CdTe,1.603766,1.697408628119597,0.028905420429976725
320,II-VI,M_B,Ge,CdSe,0.42603100000000005,0.6701744438585824,0.054204262053013194
321,II-VI,M_i_A,Ba,CdTe,1.556898,1.758461336526885,0.021867274439436327
322,II-VI,M_i_neut,V,CdTe,1.209681,1.1221258858613044,0.022379418531407506
323,IV-IV,M_B,I,SiGe,0.573315,0.6302183576125318,0.049012336434248564
324,III-V,M_i_neut,Ru,AlAs,0.372688,0.9068694515676725,0.05376385823373735
325,II-VI,M_A,Ba,ZnS,-0.005451,1.6538955375295905,0.07347471829727192
326,II-VI,M_i_neut,Al,CdTe,1.361535,1.2958662152563318,0.03343970396011242
327,II-VI,M_i_A,Fe,CdTe,1.0910309999999999,1.000938045781885,0.020789201334832984
328,III-V,M_i_A,Cl,AlAs,-0.12054400000000001,0.6034720835252071,0.07201745457132654
329,II-VI,M_i_B,Be,ZnTe,1.448496,1.3150730177457906,0.04119236326413187
330,II-VI,M_B,Zn,ZnTe,0.780787,0.5545357969617623,0.028213812936965177
331,III-V,M_B,O,AlAs,0.659645,0.6900100022626958,0.0770371752528964
332,II-VI,M_i_A,S,CdS,0.533464,0.9881864526039404,0.03702586373373551
333,II-VI,M_i_A,Bi,CdTe,1.119415,1.457481953471073,0.028391578975694172
334,IV-IV,M_i_neut,Tl,SiSn,0.737875,0.6497896251825038,0.042485024459330556
335,III-V,M_i_A,Ir,GaSb,0.038851,-0.005397061717519322,0.0429997630328318
336,II-VI,M_A,Bi,ZnS,2.355699,1.6419113953408875,0.10419923349162817
337,IV-IV,M_i_B,K,SiGe,0.6150100000000001,0.40068069202301143,0.051219111773137024
338,II-VI,M_i_neut,Be,CdTe,1.7523060000000001,1.1373621894857115,0.035159772154583734
339,IV-IV,M_i_B,Hf,GeSn,0.501987,0.4459659943441749,0.038497477554621094
340,IV-IV,M_i_A,Zr,SiGe,0.523404,0.6091044795269441,0.037897711614833005
341,IV-IV,M_i_neut,As,Si,0.64917,0.5883410774915017,0.05324932534131342
342,III-V,M_i_A,Rh,AlP,0.954793,1.3551482263696741,0.05805392484968738
343,III-V,M_i_A,Tc,GaAs,0.577087,0.4948572990234658,0.037068834846199036
344,II-VI,M_i_B,Fe,CdTe,1.449236,1.0008007778366579,0.018808635032211016
345,III-V,M_B,Tl,AlAs,0.6964229999999999,0.9495522018470013,0.05562363902592053
346,II-VI,M_A,S,CdS,0.805978,0.7669443561032618,0.046700380199351854
347,II-VI,M_B,Ga,CdTe,0.28775300000000004,0.6295207374419449,0.027860342600530046
348,IV-IV,M_i_B,V,SiC,1.312543,1.693271412200242,0.05084919524176139
349,IV-IV,M_A,O,Si,-0.24833000000000002,-0.9095490103827677,0.07015396748781708
350,IV-IV,M_i_neut,K,SiSn,0.541512,0.35993527536498837,0.05225653548962262
351,II-VI,M_B,Cu,CdTe,0.8718389999999999,0.45628019517112894,0.03902626791259646
352,II-VI,M_B,Cd,CdTe,0.964465,0.5751125621193036,0.023586691659736123
353,II-VI,M_B,In,CdTe,0.495957,0.6120446477557758,0.031839985223383126
354,II-VI,M_i_neut,Bi,CdTe,1.369464,1.4393320249625523,0.029629492694203945
355,III-V,M_A,Cr,BSb,0.21614499999999998,0.0011327668804080788,0.09624388595240368
356,II-VI,M_i_A,Be,CdTe,0.7800819999999999,1.1213435695177423,0.038637749771716266
357,II-VI,M_i_B,Pb,CdTe,1.548534,1.3016438376731947,0.030492450409685564
358,IV-IV,M_i_A,Tc,SiSn,0.080636,0.23265922220789773,0.03669194296444899
359,II-VI,M_i_A,Co,CdTe,1.164513,0.8339575012270908,0.016885691651731986
360,IV-IV,M_i_B,Ge,SiGe,0.711665,0.642659184241247,0.026924950580161127
361,III-V,M_i_A,W,AlSb,0.267081,0.733585577656493,0.06361508443706095
362,II-VI,M_A,N,CdTe,0.534204,-0.12440084053426537,0.04381927133160391
363,II-VI,M_i_B,Pd,ZnS,0.206206,1.2843094311672076,0.05049449458566195
364,II-VI,M_i_neut,S,CdS,0.803221,0.9793902580881145,0.036160715315782944
365,II-VI,M_i_neut,Rb,CdTe,1.441647,1.490195911619551,0.04026995604178455
366,II-VI,M_A,O,CdTe,0.028641000000000003,0.18747880006301992,0.09204210980166519
367,II-VI,M_i_B,Sn,CdTe,1.51754,1.2141794257037197,0.02403549850663233
368,II-VI,M_i_B,Co,CdTe,1.172783,0.8353732554376982,0.017252528936482256
369,II-VI,M_i_neut,Sn,CdTe,1.465854,1.207300466026154,0.026585051946027585
370,II-VI,M_B,Pb,CdTe,0.402644,0.505538615236995,0.056091892976519495
371,IV-IV,M_i_neut,Na,Ge,0.142334,0.29032548677372166,0.04347046141076136
372,II-VI,M_i_A,Cl,ZnSe,-0.09623999999999999,0.31989214738018007,0.049575529861419894
373,II-VI,M_A,La,ZnO,1.453083,1.4432401959015437,0.09122700542024938
374,II-VI,M_i_B,P,CdTe,0.7895479999999999,0.761678261403269,0.022139751086314566
375,III-V,M_i_neut,Y,InSb,0.8650110000000001,0.8094751326819859,0.04444136384806882
376,II-VI,M_i_neut,Cs,CdTe,1.4697790000000002,1.515548438503096,0.05241824402392474
377,II-VI,M_i_neut,Ir,CdTe,0.623524,0.646319020754585,0.024306566779592004
378,III-V,M_i_neut,Ba,InAs,1.007803,0.9607929588683831,0.041468269316672635
379,II-VI,M_i_A,Cs,CdTe,1.442668,1.5175828825112565,0.05347706014741628
380,IV-IV,M_A,Be,SnC,-0.385992,0.09374243600872889,0.12890468881920933
381,III-V,M_A,Rb,InP,0.136022,0.5523037103324995,0.07200885772382899
382,IV-IV,M_i_neut,Rb,GeSn,0.24047600000000002,0.4257425739889367,0.052236162076784894
383,IV-IV,M_i_B,Zr,GeSn,0.44280200000000003,0.3434851510921693,0.037779955275665474
384,III-V,M_B,Pd,AlP,1.402203,0.3756136051311188,0.06398582278308264
385,II-VI,M_i_B,Si,CdTe,1.39059,0.8895827784938941,0.03100398537140098
386,II-VI,M_i_A,P,ZnTe,0.48322600000000004,0.7875127328973537,0.023912645611612757
387,II-VI,M_A,W,CdTe,0.943472,0.6440120993408132,0.04409658174306369
388,II-VI,M_i_A,Si,CdTe,1.199442,0.8916644286526474,0.031043426456230535
389,II-VI,M_B,Tl,CdTe,0.656736,0.6660812945673535,0.054901848935376286
390,IV-IV,M_i_A,Mo,SiSn,0.12075599999999999,0.17972664776265662,0.04520312814049617
391,II-VI,M_i_neut,Hf,CdTe,1.3880860000000002,1.442562575814307,0.023129772915389698
392,II-VI,M_i_B,Ca,CdTe,1.569566,1.5368196043157334,0.02751278660099796
393,II-VI,M_A,Hf,ZnTe,1.246143,1.0450243929758023,0.07549999567959803
394,II-VI,M_i_neut,Mg,CdTe,1.493314,1.3860374040015369,0.023600979776791608
395,II-VI,M_i_B,I,CdTe,0.318789,0.6886232276268291,0.04979611843925585
396,II-VI,M_A,Re,CdTe,0.49376099999999995,0.6472784672168965,0.05122280228910272
397,IV-IV,M_i_neut,Ru,SiSn,-0.033951999999999996,0.22070599208546895,0.03176425773368691
398,IV-IV,M_i_A,Sn,Ge,0.629599,0.6102071914121614,0.043694206657678245
399,II-VI,M_i_A,Sr,CdTe,1.539682,1.6950294057243973,0.027857149148812158
400,II-VI,M_i_B,O,CdTe,0.13464,0.17882355375416759,0.04112725491086337
401,IV-IV,M_B,Cl,GeSn,0.120576,-0.019263260507985228,0.06595804644685883
402,II-VI,M_i_neut,In,CdTe,1.423951,1.4158852267649837,0.02259374729449605
403,II-VI,M_i_neut,P,CdSe,1.280462,0.7943371628894011,0.03123591447658404
404,II-VI,M_i_B,Be,CdTe,1.301661,1.1332225742613207,0.04063681284950213
405,II-VI,M_i_neut,Fe,CdTe,1.2016440000000002,0.9946226774909791,0.02031512503425454
406,IV-IV,M_A,Sr,GeSn,0.372584,0.5072326079107974,0.07615763309457851
407,II-VI,M_i_neut,F,ZnO,-0.220099,-0.4350356307735089,0.051159725232684646
408,II-VI,M_A,F,CdTe,-0.21775500000000003,-0.58162369349552,0.07641641604732356
409,IV-IV,M_i_A,Mo,Sn,0.038860000000000006,0.11228817200826102,0.04594151131617416
410,IV-IV,M_A,Co,SiGe,-0.20986,-0.3897604693337624,0.056511427770154304
411,II-VI,M_i_neut,Li,CdS,1.59748,1.8233035607463264,0.05863742486833283
412,IV-IV,M_i_neut,Si,SiGe,0.250158,0.5159371995001789,0.038180786150198785
413,II-VI,M_i_A,Mn,CdTe,1.343016,1.0880323279337443,0.020483495580723207
414,IV-IV,M_A,Hf,SiGe,-0.204086,0.04244140230620517,0.05032950946327715
415,II-VI,M_i_A,Hf,CdTe,1.37421,1.4569363206285568,0.02249844316457461
416,III-V,M_B,Li,InAs,0.380023,0.012661938193878012,0.08081269147889866
417,II-VI,M_i_neut,Si,CdTe,1.174205,0.8858636308784732,0.03345685391045271
418,IV-IV,M_i_A,Cl,Si,-0.14307999999999998,0.2563297333026339,0.07385528398990421
419,II-VI,M_i_A,Ni,CdTe,0.6763859999999999,0.4442228363671509,0.04484473603663721
420,II-VI,M_i_B,Al,CdTe,1.338594,1.2974870142137127,0.03156286303347126
421,II-VI,M_i_A,Pb,CdTe,1.48759,1.3015630338617075,0.02963829097007789
422,IV-IV,M_A,Ca,SiGe,0.154024,0.2450800191381619,0.08403527701821119
423,III-V,M_i_A,Zr,InSb,0.5332210000000001,0.60272465203672,0.041305560100539034
424,IV-IV,M_i_A,Tc,SiGe,0.23328600000000002,0.3331108191226453,0.03166751284808571
425,II-VI,M_i_B,Te,CdTe,0.7022430000000001,0.9675211414042,0.029447344192023602
426,II-VI,M_i_A,Sn,CdTe,1.438439,1.2204223928181404,0.023271915681669496
427,IV-IV,M_i_neut,I,Sn,0.154566,0.25705921123463915,0.04468086121802829
428,II-VI,M_i_B,As,CdTe,0.8659180000000001,0.9679246365180576,0.017289380505165625
429,IV-IV,M_i_neut,Hg,SiGe,0.21250500000000003,0.8115404818336895,0.04307114589908572
430,III-V,M_i_B,Pt,GaAs,-0.06695,0.08916180245288477,0.06751120058977986
431,II-VI,M_i_B,S,CdTe,0.452717,0.6088880943241807,0.025013155741499888
432,II-VI,M_i_B,Cl,CdSe,0.021391999999999998,0.38307980676885645,0.0532404976749696
433,III-V,M_i_neut,Na,AlSb,1.1899440000000001,0.8833854849524853,0.07846321868923214
434,II-VI,M_i_A,Al,CdTe,1.37366,1.2963209532126445,0.03365426834563768
435,II-VI,M_i_neut,Co,CdTe,0.9272520000000001,0.8288545261386341,0.018344976346047807
436,II-VI,M_i_neut,Hg,ZnSe,0.9939790000000001,1.4043683727049672,0.0355547749051504
437,II-VI,M_i_A,Ca,CdTe,1.526371,1.5406393050226175,0.025725616571947683
438,II-VI,M_B,Pt,CdTe,-0.24536,-0.3224974698902986,0.06041394694003642
439,II-VI,M_i_B,Mg,CdO,0.9415100000000001,1.314242283977728,0.04439605187338559
440,II-VI,M_i_A,Mg,CdTe,1.37523,1.394712545524116,0.026453831753245696
441,II-VI,M_i_A,Cr,CdTe,1.273664,1.1498770744394342,0.023831250435883865
442,II-VI,M_B,Sn,CdTe,0.21702800000000003,0.41264050182277,0.030203995471855098
443,II-VI,M_A,Os,ZnTe,0.527802,0.4406425484264541,0.050455915588544516
444,II-VI,M_i_A,P,CdTe,0.338064,0.7602732241389112,0.019839873617702907
445,II-VI,M_i_B,Se,CdTe,0.559466,0.780162124734636,0.027053718796839484
446,II-VI,M_i_B,Rb,CdTe,1.4325729999999999,1.4937762339838614,0.042534251720902055
447,II-VI,M_A,Mo,ZnTe,0.654408,0.6158250606693534,0.05795764603463754
448,II-VI,M_i_A,Pt,CdTe,0.188362,0.36352406220871925,0.04499491172072891
449,II-VI,M_i_B,Ge,CdTe,1.4114520000000002,1.0627935931957793,0.01949046733847828
450,II-VI,M_A,Ru,CdSe,0.7898970000000001,0.6200856907456962,0.04645893336028831
451,III-V,M_B,Ru,GaSb,-0.410488,-0.45508479351675096,0.04789399194506723
452,II-VI,M_i_neut,Cd,CdSe,1.353958,1.179237875749726,0.03316189551427769
453,II-VI,M_i_neut,I,CdTe,0.476071,0.6871473363609801,0.05272687828988556
454,II-VI,M_i_A,Ge,CdTe,1.341235,1.0664342897048649,0.019278662039220313
455,II-VI,M_B,Si,CdTe,-0.095862,0.2054632636836713,0.042771039752098686
456,II-VI,M_i_neut,Cr,CdTe,1.309555,1.1427031086510642,0.024292374722686395
457,II-VI,M_i_B,Se,CdSe,0.704102,0.7921120725415303,0.02723523825728368
458,IV-IV,M_i_neut,Ru,GeSn,0.037125,-0.01259741060268256,0.03225248834194621
459,IV-IV,M_A,Y,Ge,-0.175145,0.12802787028246523,0.05518733283138293
460,II-VI,M_i_A,I,CdTe,0.165076,0.690123072072901,0.04283087401086765
461,II-VI,M_A,Ru,ZnSe,0.6681050000000001,0.7812747132631692,0.059151905775398764
462,II-VI,M_i_neut,Ge,CdTe,1.191322,1.057635390575333,0.01903555446127891
463,II-VI,M_B,Pd,CdTe,-0.255119,-0.1685486743130232,0.05024356500969623
464,II-VI,M_A,Os,CdTe,0.556524,0.43249798057765954,0.04589797229145031
465,II-VI,M_A,Mo,CdTe,0.72411,0.6127720853116785,0.04658939167131641
466,II-VI,M_i_neut,Ga,CdTe,1.3502809999999998,1.3900067134428142,0.025618143848641767
467,II-VI,M_i_neut,P,CdTe,1.1824860000000001,0.760132745379568,0.022554827922766814
468,III-V,M_A,Ta,AlAs,0.7910739999999999,0.5942973017619799,0.08425235888159262
469,II-VI,M_i_B,Mg,CdTe,1.500373,1.392132608535969,0.02711735648511082
470,II-VI,M_B,Hg,CdTe,1.010306,0.508379334191227,0.054812444426392
471,II-VI,M_i_neut,Mn,CdTe,1.29806,1.0835715622564162,0.020075479609080675
472,II-VI,M_i_B,Mn,CdTe,1.453937,1.088101588198745,0.01948961889722819
473,III-V,M_i_neut,Se,GaSb,0.338037,0.36337698270143765,0.0431099775174523
474,II-VI,M_A,Cl,CdTe,0.040882,0.2676926599690054,0.08004745511450946
475,II-VI,M_i_neut,K,CdTe,1.405664,1.2786792436208454,0.02475265372904307
476,II-VI,M_i_neut,Tl,ZnTe,1.6816369999999998,1.4423318689972553,0.034561761984069454
477,II-VI,M_B,Ge,CdTe,0.006926000000000001,0.31649585729701374,0.033104405155756154
478,II-VI,M_A,Nb,CdTe,1.0637510000000001,0.6641716586441251,0.05122821326485531
479,IV-IV,M_i_B,Pt,SiSn,-0.072818,-0.11253525941183162,0.0752003060982758
480,II-VI,M_i_B,Cr,CdTe,1.296649,1.1481913888448296,0.024241007951573024
481,II-VI,M_i_neut,Tl,CdTe,1.422509,1.3868623141856662,0.031157628237664946
482,II-VI,M_i_A,Te,CdTe,0.632271,0.9677739872572495,0.025873629171452882
483,II-VI,M_A,Ru,CdTe,0.377092,0.548624061642378,0.04839850379088712
484,II-VI,M_i_A,O,ZnO,-0.013758000000000001,0.08858981850920104,0.05562105365745668
485,IV-IV,M_A,Hf,Ge,-0.239058,-0.04205174739959168,0.051619099809193464
486,II-VI,M_i_A,As,CdTe,0.565529,0.9702436553739782,0.02146746238383804
487,II-VI,M_B,Ag,CdTe,1.01417,0.43052977875405973,0.036400780348931065
488,II-VI,M_i_B,Ni,CdTe,0.6859,0.4396691407654639,0.03690993192248029
489,II-VI,M_i_B,Au,ZnSe,1.563238,1.3401516157590123,0.04983797459084291
490,II-VI,M_i_neut,O,CdO,-0.174464,-0.08716658742284607,0.04592573995965871
491,II-VI,M_i_B,Pt,CdTe,0.163917,0.35420695549883047,0.043875905372776046
492,II-VI,M_A,Zr,CdTe,1.063388,0.6410079191184319,0.042473869023395776
493,II-VI,M_i_neut,Co,CdSe,1.2509940000000002,0.996229336110658,0.029145701522210347
494,IV-IV,M_B,Ca,SiSn,-0.103727,-0.00802943934680173,0.06610646223361898
495,II-VI,M_i_neut,Zn,CdTe,1.017376,0.9944274052630305,0.017914026622502716
496,IV-IV,M_i_A,W,Si,0.12980999999999998,0.3822318423579856,0.05816142454295648
497,II-VI,M_A,S,CdTe,0.459255,0.3724362001461855,0.03886000105320143
498,IV-IV,M_i_A,Sr,SiSn,0.634782,0.8399338388046805,0.06818243316816029
499,III-V,M_i_neut,Sc,GaAs,1.073541,1.0219663827389058,0.037533241008127056
500,II-VI,M_i_B,In,CdTe,1.385714,1.418606423184046,0.023869146155490368
501,IV-IV,M_i_neut,Tl,GeSn,0.6,0.4621398629362776,0.03960169026327779
502,II-VI,M_i_neut,Cd,CdTe,1.116185,1.090168156267021,0.020921777292009513
503,II-VI,M_i_B,Ti,ZnTe,1.54375,1.4545717880658513,0.02124658061016361
504,II-VI,M_A,Br,CdTe,0.642649,0.3669424307591854,0.08198595882652858
505,II-VI,M_i_B,Cd,CdSe,1.421344,1.1843331440719471,0.028952480660216707
506,IV-IV,M_A,Li,Si,0.070806,-0.15940532453227738,0.08392442624681054
507,II-VI,M_A,Sn,ZnS,1.172267,1.464181123664726,0.07612667855238062
508,III-V,M_B,Au,BAs,0.315591,0.28984623758272343,0.10706232810543094
509,III-V,M_i_A,O,InSb,-0.27770700000000004,-0.18746342800100826,0.06358774246868161
510,IV-IV,M_i_neut,Fe,SiC,0.796856,1.6683544253780596,0.039748707945888424
511,II-VI,M_B,Ge,ZnTe,-0.064097,0.2875433685281303,0.03502118380190147
512,II-VI,M_i_neut,O,CdTe,-0.16979,0.16758803696767313,0.041962554874832844
513,II-VI,M_i_A,Cd,CdSe,1.17573,1.1867178266658116,0.028904046180922828
514,II-VI,M_i_A,Au,ZnSe,1.442715,1.3376470052081708,0.04755870132841675
515,II-VI,M_i_neut,Te,CdTe,0.897797,0.9615192038081763,0.02954922762703238
516,II-VI,M_i_B,Br,CdTe,0.07162,0.4140048531601753,0.05763704986777398
517,II-VI,M_i_A,S,CdTe,0.066756,0.6072212461536419,0.025817313682106983
518,II-VI,M_i_neut,As,CdTe,1.239024,0.9635008016338926,0.021796401903089423
519,IV-IV,M_A,Os,GeSn,-0.18391300000000002,-0.5576987360333676,0.06001685398502983
520,IV-IV,M_i_neut,K,GeSn,0.199495,0.2223015895635624,0.047188633572693206
521,II-VI,M_A,I,CdTe,0.8219290000000001,0.6155393941870864,0.06638387544075738
522,II-VI,M_i_A,Se,CdTe,0.286521,0.7830491939242117,0.02571397129547766
523,II-VI,M_i_A,Se,CdSe,0.55224,0.792440553237566,0.030693394991262484
524,III-V,M_i_A,Rb,GaSb,0.46153999999999995,0.7533598543167905,0.06043788737516807
525,II-VI,M_i_A,O,CdTe,-0.230473,0.16552180594514693,0.04017674165026276
526,IV-IV,M_B,Y,SiSn,-0.280893,-0.018111761753071113,0.04420694261220401
527,II-VI,M_i_A,Rb,CdTe,1.407627,1.4939062517200554,0.04136696822345457
528,II-VI,M_A,Ir,CdTe,0.22270900000000002,0.20834285420258958,0.039312544716922186
529,IV-IV,M_A,Rb,Sn,0.209855,0.014701114936793106,0.08408124656789438
530,II-VI,M_A,B,CdO,0.293576,0.45241714024035823,0.05580697351350291
531,II-VI,M_i_neut,S,CdTe,0.441146,0.608386127794472,0.02346330970553147
532,IV-IV,M_i_A,K,Ge,0.18479500000000001,0.25367250299252947,0.05042803822142508
533,IV-IV,M_i_B,Co,GeSn,0.068024,-0.008400749822602619,0.02198936768776672
534,III-V,M_B,V,BP,-0.41982600000000003,-0.2237993823172924,0.08231105722779439
535,II-VI,M_B,N,CdTe,-0.3731,-0.43440412964446595,0.05718172244602649
536,III-V,M_A,Hf,AlP,1.497565,1.140358544841732,0.08373450248979829
537,II-VI,M_i_neut,Se,CdSe,0.841843,0.7854420915044,0.03129664099812347
538,II-VI,M_i_neut,Se,CdTe,0.632119,0.7753463236315365,0.027005814189842586
539,II-VI,M_A,Se,CdS,1.014925,0.8364621049402959,0.0444619653807379
540,II-VI,M_i_A,In,CdTe,1.4065530000000002,1.4265689471784708,0.02356849103165119
541,IV-IV,M_i_neut,Ag,Si,0.584387,0.5043924538680274,0.040647786851011725
542,II-VI,M_B,Ni,ZnSe,-0.09450399999999999,0.5902253555557255,0.06097264017694532
543,II-VI,M_i_B,Zn,CdTe,1.005749,0.9980472180573017,0.015856414919409687
544,III-V,M_i_A,Cu,BAs,1.072101,0.6499598257782266,0.0484578584686938
545,II-VI,M_i_B,Cd,CdTe,1.148461,1.0975903760703605,0.021672888120851046
546,IV-IV,M_i_A,P,GeSn,0.24626900000000002,0.21684918775542802,0.037810768637503225
547,IV-IV,M_A,Ga,GeC,-0.415133,0.48689175292037523,0.0743635503694449
548,III-V,M_i_neut,Ti,GaP,1.319338,1.1544493519870973,0.044857950751976905
549,IV-IV,M_i_B,In,SiSn,0.560045,0.7161488755229127,0.034191222332151515
550,III-V,M_i_B,Pt,InSb,-0.017359,-0.1769266645828428,0.060389408705257934
551,II-VI,M_i_neut,Ni,CdTe,0.442417,0.43077119850185513,0.03876729625964423
552,II-VI,M_A,Se,CdTe,0.650758,0.49282845652892837,0.03917571698087542
553,III-V,M_A,Cd,BSb,0.05912100000000001,0.5854173962572113,0.096042538576143
554,II-VI,M_i_B,Ga,CdTe,1.32677,1.3928022851698778,0.02447390815684203
555,II-VI,M_i_B,K,CdTe,1.4043139999999998,1.2745496661909161,0.02979684011303135
556,IV-IV,M_B,Li,SiSn,-0.348149,-0.6809506827102659,0.07432793746318514
557,II-VI,M_i_B,Cl,CdTe,-0.034827,0.40736069257454605,0.061994797561407196
558,III-V,M_i_A,Pb,InAs,0.9796799999999999,0.8948124005857645,0.03720126000239448
559,II-VI,M_B,Au,CdTe,1.0051729999999999,0.3091999045102634,0.07448970950906951
560,II-VI,M_i_B,Tl,CdTe,1.417684,1.3952019630822803,0.029291085214284893
561,II-VI,M_i_A,Cu,CdTe,1.068645,1.0275948490664688,0.02961629027136168
562,III-V,M_A,Hf,GaAs,0.7118979999999999,0.8324396187347112,0.045955666837844966
563,II-VI,M_i_A,Zn,CdTe,0.545025,1.0001227431874788,0.017267863236426213
564,IV-IV,M_i_neut,Sc,SiSn,0.7290979999999999,0.7047275483516271,0.043910010157366605
565,II-VI,M_i_neut,Pt,CdTe,0.191907,0.34812393190630064,0.04141106043351478
566,III-V,M_B,Cu,GaP,0.582461,0.5220250289517503,0.054735559087670506
567,II-VI,M_A,La,CdTe,1.326239,0.6651502277581015,0.05362915010816148
568,IV-IV,M_i_A,Be,SiGe,0.349659,0.5100958302746597,0.08059393266962099
569,IV-IV,M_i_A,Mg,SiGe,0.689176,0.7153700722260428,0.06600158989244985
570,II-VI,M_i_A,Cd,CdTe,0.8660629999999999,1.0974472962652537,0.021486413356815393
571,II-VI,M_B,Bi,CdTe,-0.025087,0.5074665447449378,0.05290303428389012
572,II-VI,M_A,Pt,ZnSe,0.305296,0.18233139666573112,0.07565528477653666
573,II-VI,M_i_A,Ga,CdTe,1.3622299999999998,1.3932790123519085,0.02597786261286162
574,II-VI,M_i_neut,Pt,ZnTe,0.120761,0.31951759857756096,0.046363137240769126
575,II-VI,M_A,B,CdTe,0.9165110000000001,0.4090368759536295,0.04908195646852025
576,II-VI,M_i_A,Br,CdTe,-0.09019500000000001,0.4191263537750456,0.06218782846279191
577,II-VI,M_i_neut,Br,CdTe,-0.045716,0.40295110159966957,0.060876262127967116
578,IV-IV,M_i_B,Cr,SiC,1.374509,1.7475480426631986,0.04509413703480703
579,II-VI,M_i_A,Ni,CdO,0.920568,0.5274183740047192,0.05430821880615794
580,III-V,M_i_neut,Se,InSb,0.412288,0.4106739921118251,0.043572385146800834
581,IV-IV,M_i_A,Be,Si,0.499669,0.5401055503986267,0.08318342522925402
582,II-VI,M_i_neut,Cl,CdTe,0.047437,0.3912510027680519,0.05369421475810501
583,II-VI,M_A,Rh,CdTe,0.055937,0.43856544010493276,0.045060484957342585
584,IV-IV,M_i_B,Al,SiSn,0.507918,0.5487945828471794,0.04007054153775759
585,III-V,M_B,Se,BP,1.049541,0.7073070235766924,0.10040701211240147
586,III-V,M_i_neut,F,AlSb,1.556921,0.05774895871647323,0.0794687077408776
587,IV-IV,M_i_neut,Rh,Sn,-0.021313,0.12704678342338618,0.038617993955487616
588,IV-IV,M_B,Y,GeSn,-0.18646300000000002,-0.19774368139490167,0.04620716258663018
589,III-V,M_i_neut,Zn,GaAs,0.5441739999999999,0.7076812535468487,0.033897096623352364
590,II-VI,M_i_A,K,CdSe,1.347544,1.2574630150061132,0.0376959008332459
591,IV-IV,M_i_A,Si,Sn,0.22876799999999997,0.27252486928886077,0.05651793194471079
592,II-VI,M_A,B,ZnSe,1.581028,0.8542139991026797,0.06683285619120281
593,IV-IV,M_i_neut,Bi,Sn,0.081196,0.7383972917204635,0.04643504565805501
594,III-V,M_B,Zn,InAs,0.23007600000000003,0.22056284711279295,0.05176970678687004
595,II-VI,M_i_neut,Hg,CdTe,0.72649,1.0632912106685617,0.03614631312335267
596,IV-IV,M_i_neut,Sn,Sn,0.07631,0.531391086557089,0.04328675040293764
597,IV-IV,M_i_A,Co,Sn,-0.09174700000000001,0.09473510204666014,0.04018834211119141
598,III-V,M_B,F,InP,0.572476,-0.2581031542923927,0.07566601811542635
599,II-VI,M_A,Se,CdSe,0.816919,0.47755080922805204,0.040827457970967096
600,II-VI,M_A,Cs,CdTe,0.128521,0.637188232257936,0.056051481521823834
601,II-VI,M_A,Tc,CdTe,0.240096,0.6578855158863284,0.04359864873003584
602,III-V,M_i_A,Li,InN,0.836944,1.3289652719637886,0.09187263983717478
603,IV-IV,M_i_neut,Pt,Ge,0.0014349999999999999,-0.23044437482743146,0.0695559597771882
604,II-VI,M_i_B,Pd,ZnSe,0.11641800000000001,0.7899531844876846,0.047105519649211246
605,II-VI,M_A,Rb,CdO,-0.09638300000000001,0.314788894483965,0.05108445209206164
606,III-V,M_A,Se,GaSb,0.377979,0.19377711222779587,0.041930300516629444
607,IV-IV,M_A,Tl,Si,-0.015844,0.2792391616663207,0.05769721730334667
608,II-VI,M_i_B,Fe,ZnSe,1.813881,1.46617014955519,0.03100997655703208
609,II-VI,M_i_B,Cu,CdTe,1.2480639999999998,1.0211007722931398,0.03252039370341898
610,II-VI,M_A,Ta,CdTe,1.111069,0.5927986322571933,0.04353414179548505
611,II-VI,M_i_B,Ag,ZnTe,1.5775139999999999,1.094841468789085,0.034883312120974175
612,II-VI,M_A,As,ZnSe,1.7324560000000002,0.7432118412579448,0.061856039970258875
613,III-V,M_B,S,AlSb,0.868124,0.44605112172430345,0.0894305954966441
614,II-VI,M_A,Te,CdTe,0.901099,0.5841830479477069,0.03556647171244986
615,II-VI,M_i_A,K,CdTe,1.378327,1.2781578658767476,0.02941670732024925
616,II-VI,M_i_A,Tl,CdTe,1.412232,1.401677799141856,0.030323652986134264
617,II-VI,M_A,P,CdTe,1.09569,0.4208819551291437,0.03201896875523813
618,II-VI,M_A,Pt,CdTe,0.078261,-0.004923210940467665,0.06311768315913177
619,III-V,M_i_neut,Be,InN,1.063676,1.3673507457902092,0.07421884483483557
620,II-VI,M_B,F,CdTe,0.8224370000000001,-0.4580930655583136,0.06325376620482616
621,II-VI,M_i_neut,Cu,CdTe,1.288514,1.0152220257489184,0.029452134984850654
622,II-VI,M_i_A,Au,CdSe,1.014,1.2216625625488122,0.05075303056199961
623,III-V,M_i_B,Ag,GaAs,0.7485149999999999,0.7175164511785682,0.041089524288471506
624,IV-IV,M_A,S,Ge,0.141585,-0.5437044746328002,0.06153137424275939
625,III-V,M_i_A,Tl,InAs,0.8363520000000001,0.7912645942016439,0.03886564428613206
626,IV-IV,M_A,Ir,GeSn,-0.112344,-0.46402104915766296,0.06148653774676297
627,II-VI,M_i_B,F,CdTe,-0.194166,-0.15324231555494722,0.07211549707532597
628,IV-IV,M_B,Rh,SiSn,-0.225867,-0.2707744665091944,0.04730764402717842
629,II-VI,M_i_neut,F,CdTe,-0.203043,-0.14254685210303744,0.07146932301958547
630,II-VI,M_i_neut,Na,CdTe,1.363834,1.335377597626216,0.030086715035823497
631,II-VI,M_A,Y,CdTe,1.3336940000000002,0.6447067383489664,0.03565640945523997
632,II-VI,M_i_A,Pd,CdTe,0.050714999999999996,0.4431777650578252,0.04557940813386127
633,II-VI,M_i_B,Pd,CdSe,0.236715,0.5954103201443253,0.04817605270845503
634,II-VI,M_i_B,Hg,CdTe,0.629344,1.0691445302613234,0.0312459904457393
635,IV-IV,M_i_neut,Ge,Sn,0.011614,0.37360535563662356,0.04418387981139518
636,II-VI,M_i_B,Au,CdTe,1.078239,1.1166693180069949,0.05805139741761098
637,IV-IV,M_i_neut,Zn,Ge,0.282546,0.4389377646381535,0.04236252095426279
638,II-VI,M_i_A,Au,CdTe,0.762137,1.114891458939481,0.0499595701698023
639,II-VI,M_A,Rb,CdTe,0.050169,0.5998191571528896,0.05095086054478879
640,IV-IV,M_B,Ag,SiGe,-0.101719,0.19643975255332233,0.06108860306496987
641,II-VI,M_i_A,Fe,CdSe,1.260011,1.1683277895313402,0.0301473828320633
642,II-VI,M_i_A,Cl,CdTe,-0.167622,0.4082938494584509,0.0603476480599556
643,IV-IV,M_i_A,Mg,Ge,0.501657,0.49731858395020206,0.07308649644536701
644,II-VI,M_A,Ti,CdTe,0.637412,0.5816888691046767,0.030040629082448186
645,II-VI,M_i_neut,Au,CdTe,1.197807,1.1115137728035875,0.058216720348315196
646,II-VI,M_i_B,Pd,CdTe,0.057481,0.43943588044549403,0.04233639443697203
647,III-V,M_A,Al,BAs,-0.077153,0.6549108783216808,0.08563941364027794
648,III-V,M_i_A,F,GaAs,-0.445064,-0.5264068810362599,0.05256148160508543
649,IV-IV,M_i_neut,Pd,SiGe,-0.09487999999999999,-0.10120041694234842,0.04998293933997929
650,II-VI,M_i_neut,F,ZnSe,-0.269493,-0.4328676572160385,0.05126123050980859
651,II-VI,M_A,Sc,CdTe,1.223475,0.5046756106745904,0.038718145146317946
652,II-VI,M_B,Br,ZnSe,1.8792,0.29462721927825414,0.06826803135736835
653,II-VI,M_i_A,Ag,CdTe,1.2098719999999998,1.0088946009384638,0.03896070504489874
654,II-VI,M_A,Ni,CdTe,-0.044579,-0.20315921424228184,0.05667518588605631
655,II-VI,M_i_neut,Ag,CdTe,1.326777,1.0027082513902847,0.037367855914451235
656,IV-IV,M_i_A,F,GeSn,-0.22471799999999997,-0.5100471253712376,0.06873489498189266
657,II-VI,M_i_A,Hg,CdTe,0.311663,1.0689653981232101,0.029951004122029307
658,II-VI,M_A,V,CdTe,0.6720659999999999,0.6442338980121428,0.03434404399484292
659,III-V,M_i_neut,Li,GaP,1.495276,1.1803053353579398,0.07067768465168105
660,II-VI,M_A,Pd,CdTe,-0.039359,-0.13256936973925712,0.06682024661165431
661,IV-IV,M_i_neut,Sc,GeSn,1.039631,0.5262652710183084,0.03675864312213623
662,II-VI,M_A,In,CdS,1.498041,1.2621780885484422,0.050542342098532915
663,II-VI,M_A,Bi,CdTe,1.359298,0.8448885841925756,0.05530923630139206
664,II-VI,M_i_B,Ag,CdTe,1.298024,1.0075804386619072,0.04005248871166351
665,II-VI,M_i_neut,Pd,CdTe,0.078704,0.43234488504424096,0.04165900917823758
666,II-VI,M_A,As,CdTe,1.198505,0.43391887462153333,0.03428068108741977
667,II-VI,M_A,K,CdTe,-0.056704,0.2958273553137351,0.0589973379363865
668,II-VI,M_i_B,Na,CdTe,1.3180479999999999,1.339091483372095,0.03056768941546121
669,II-VI,M_i_neut,Li,CdTe,1.307194,1.4297000016929655,0.04691183757338274
670,III-V,M_B,S,GaSb,0.21203699999999998,-0.08950468859409508,0.05537975833886695
671,II-VI,M_A,V,CdS,1.3044870000000002,1.2398445854054412,0.0471901238904874
672,IV-IV,M_i_A,Au,GeSn,0.05923,0.3920066324195969,0.035280639839208906
673,II-VI,M_i_neut,Ag,CdSe,1.2083840000000001,1.136791356261071,0.043274101359123435
674,II-VI,M_B,P,CdTe,-0.26656599999999997,0.15780515917930643,0.042840816047391886
675,III-V,M_A,Pd,InSb,-0.252601,-0.7277489541212558,0.06494457499668323
676,II-VI,M_i_A,F,CdSe,-0.24305100000000002,-0.1582651451384301,0.0596467495164801
677,II-VI,M_i_A,Li,CdTe,1.2878370000000001,1.424995168011497,0.06380843552045411
678,II-VI,M_i_A,Na,CdTe,1.320665,1.3421478078386202,0.03040138637300166
679,II-VI,M_A,Fe,CdTe,0.259971,0.4914207169481758,0.03367736690079692
680,IV-IV,M_A,Sc,SiGe,-0.22999699999999998,0.01669065941326278,0.06758648598821253
681,II-VI,M_B,Cl,CdTe,1.191187,-0.09211683547777838,0.08003211953219631
682,II-VI,M_B,As,CdTe,-0.234015,0.195896936824027,0.03400536469405837
683,II-VI,M_A,Al,ZnSe,1.807005,1.114389512850865,0.07168839275779364
684,III-V,M_A,Ca,InAs,-0.191658,0.21569975822408516,0.06855764017800854
685,III-V,M_A,Be,BP,-0.45611999999999997,0.789942846771048,0.09949206686717282
686,II-VI,M_A,Cr,CdTe,0.14960199999999998,0.577590867567508,0.034261057547407936
687,II-VI,M_A,Co,CdTe,-0.23315,0.1842924135441723,0.037234098022312485
688,II-VI,M_B,O,CdTe,-0.303141,-0.2557851600483302,0.06878843639139537
689,II-VI,M_B,Br,CdTe,1.242809,-0.05801615534787704,0.07915275788396708
690,II-VI,M_i_B,Li,CdTe,1.29833,1.4126182472820967,0.06422280451149483
691,II-VI,M_B,I,CdS,1.7076959999999999,0.7084337234618847,0.06773447734829972
692,IV-IV,M_B,Pt,SiGe,-0.128364,-0.39903545247162536,0.07885986005092842
693,IV-IV,M_A,Ag,SiSn,-0.040001999999999996,0.059981258752366776,0.0673561717610756
694,II-VI,M_A,Hg,ZnO,-0.2024,0.9258944327443783,0.07187361646560736
695,IV-IV,M_A,Se,Ge,0.202956,-0.40230805823410565,0.06154905771376612
696,II-VI,M_B,Br,CdS,1.647145,0.4145720888131388,0.08781190464796622
697,II-VI,M_A,Ba,CdTe,0.002034,0.6563127854796769,0.04679105434119857
698,II-VI,M_B,I,CdTe,1.285332,0.17983725291512956,0.06874872430388941
699,IV-IV,M_A,B,SiSn,-0.461766,-0.5774886429527918,0.06829287748322777
700,II-VI,M_A,Si,CdTe,0.602237,0.3581439105578236,0.032893516930652095
701,IV-IV,M_i_B,Ga,GeSn,0.181705,0.47279401510408176,0.041037427112700614
702,IV-IV,M_i_A,Ca,Sn,0.35436799999999996,0.6430630798911607,0.055962209819126224
703,III-V,M_A,Cd,AlP,-0.076892,1.0408579555680542,0.05593910780545205
704,II-VI,M_i_A,F,CdTe,-0.26274400000000003,-0.15472531917038426,0.0718996906435466
705,IV-IV,M_B,Hg,SiSn,-0.24707800000000002,-0.08322029932447231,0.06955450209612447
706,IV-IV,M_B,Ti,SiGe,-0.263373,0.0793831373012202,0.05566283254506991
707,IV-IV,M_A,Be,Sn,-0.40415100000000004,-0.16820640491292677,0.11024810914416312
708,IV-IV,M_A,Mn,SiSn,0.49140900000000004,-0.3341211234447554,0.049354848672732446
709,III-V,M_A,Bi,InP,0.41603,0.6809686505799369,0.07613711289987778
710,III-V,M_A,Sn,GaP,1.4806290000000002,1.193243692329483,0.05478214588037878
711,IV-IV,M_A,Ti,Si,-0.217969,-0.15785643157944015,0.05552464748520149
712,II-VI,M_i_neut,Mn,ZnTe,1.200041,1.264733513530123,0.024210499052383774
713,II-VI,M_A,Sr,CdTe,-0.078765,0.6781414044534859,0.03606109507490761
714,II-VI,M_A,Al,CdTe,1.168392,0.5384819967123311,0.03877189324604002
715,II-VI,M_A,Ga,ZnTe,1.204814,0.944353442553787,0.05335917963219076
716,IV-IV,M_i_neut,Mn,Si,0.269975,0.45749459392240055,0.04096239736821261
717,II-VI,M_A,Na,CdTe,-0.16106700000000002,0.32723054594268636,0.05228676262819668
718,II-VI,M_A,Sn,CdTe,0.5068229999999999,0.6565969330740022,0.03711011460626109
719,II-VI,M_A,Ga,CdTe,0.9811200000000001,0.7128852251451487,0.04657788162812006
720,IV-IV,M_A,Cr,SnC,-0.149091,0.1471400995556348,0.08168993301658616
721,III-V,M_A,Ag,InSb,-0.22232,-0.00999967236507866,0.06559240091435245
722,IV-IV,M_i_A,Zn,SiSn,0.059389,0.5361508707179233,0.037839017931157244
723,II-VI,M_A,In,CdTe,1.093169,0.7548866221526084,0.04409805425079324
724,III-V,M_i_A,Cr,AlP,1.068119,1.503431101208685,0.061652166635942474
725,II-VI,M_A,Cu,CdTe,-0.20474900000000001,0.3243940415505517,0.03177424055955994
726,IV-IV,M_A,Ge,SiC,-0.244371,0.7935310631433236,0.0785238801826342
727,III-V,M_i_B,Cu,InP,1.136841,1.0417067412872882,0.04764961453215355
728,II-VI,M_A,Au,CdTe,-0.12820499999999999,0.536454189312891,0.05247439242788505
729,II-VI,M_A,Pb,CdTe,0.19073299999999999,0.6086592601547152,0.05652625045238798
730,IV-IV,M_A,Bi,SiSn,0.44162700000000005,0.2653899347691894,0.06933739602006381
731,IV-IV,M_A,In,SiGe,-0.214946,0.13704972317871422,0.05816453565014271
732,II-VI,M_A,Tl,CdTe,0.660327,0.883212737363251,0.05610567627451122
733,III-V,M_i_B,Cu,AlSb,0.880187,0.7165987670553932,0.059713203478714706
734,II-VI,M_A,Ca,CdTe,-0.124868,0.4554558941574397,0.03718209383465089
735,III-V,M_A,Si,GaAs,0.625152,0.43057027133386006,0.048358095107342715
736,IV-IV,M_B,B,GeC,-0.31606,0.8504255085145818,0.06272991099230828
737,II-VI,M_A,Ge,CdTe,0.277453,0.5076397194720806,0.029759961978959165
738,IV-IV,M_A,Au,Ge,-0.232143,-0.11629887941825352,0.06411917949087792
739,II-VI,M_A,Hf,CdTe,1.209929,0.8047614637502603,0.0469572816807541
740,II-VI,M_i_neut,Ni,CdSe,0.799743,0.5941526938000303,0.0519839783043152
741,II-VI,M_A,Pb,CdSe,0.309292,0.6681538798758341,0.07053794227832931
742,IV-IV,M_i_B,Ti,GeSn,0.30094299999999996,0.2666761635814604,0.030820079351864364
743,II-VI,M_A,Li,CdTe,-0.23632899999999998,0.3775706467159534,0.05910588734271627
744,IV-IV,M_i_neut,Cu,Si,0.50894,0.48040073246966636,0.04270989389750588
745,II-VI,M_A,Ag,CdTe,-0.19431700000000002,0.5325415997208223,0.03694890781732169
746,II-VI,M_A,Fe,ZnO,1.0576290000000002,1.0781787628098305,0.06000317214008285
747,II-VI,M_A,Tl,CdSe,0.8160609999999999,0.9517731542993895,0.05304356047142804
748,IV-IV,M_A,Sb,SiSn,0.44612399999999997,0.07438800599484818,0.05586809032671757
749,IV-IV,M_i_A,Ni,SiSn,-0.10361400000000001,-0.1591354880074785,0.05624761168968206
750,II-VI,M_B,S,CdTe,-0.248279,-0.019150039406591057,0.043961380062699756
751,II-VI,M_A,Be,CdTe,-0.29601700000000003,0.07605755738427784,0.05499916621882364
752,II-VI,M_A,Mn,CdTe,-0.188048,0.6704344582372105,0.037881459698297454
753,III-V,M_A,Ni,GaP,-0.11544000000000001,0.3402590546341736,0.06460049474596063
754,II-VI,M_B,Se,CdTe,-0.205661,0.13363653522546204,0.04003079579775304
755,II-VI,M_A,Zn,CdTe,-0.224899,0.34370276290283786,0.03648970916702602
756,III-V,M_i_neut,Ni,InAs,0.173811,-0.058161108503377655,0.05292002732664143
757,IV-IV,M_i_A,Cu,GeSn,0.039753,0.2680567807317806,0.0346401098448751
758,IV-IV,M_A,Sb,Sn,-0.085979,-0.11418715936853516,0.07282413557170966
759,II-VI,M_A,Hg,CdTe,-0.161618,0.49579935322416924,0.05478622021787633
760,III-V,M_A,Al,InAs,-0.20556999999999997,-0.06266667406554352,0.052062235990011765
761,II-VI,M_A,Mg,CdTe,-0.196521,0.3570604154341714,0.043083248160227294
762,IV-IV,M_B,Ge,GeSn,-0.08755700000000001,-0.22169826262447892,0.07011117195172488
763,III-V,M_B,As,InSb,-0.180776,-0.04800937510205666,0.04531022976134363
764,II-VI,M_B,Se,CdS,-0.152193,0.5978559779086465,0.06603890800120725
765,III-V,M_B,Ge,BSb,-0.553346,0.11579515818517949,0.06006960406663479
766,IV-IV,M_i_neut,Ni,SiGe,-0.066522,-0.06058891619536695,0.04452981509958035
767,IV-IV,M_A,Cu,GeSn,-0.245101,-0.22505970227555344,0.05976622703222564
768,II-VI,M_i_A,Cr,ZnTe,1.588458,1.299449235273769,0.02409200335632763
769,III-V,M_A,Al,GaSb,-0.167142,0.3499366750952236,0.050877342040463645
770,II-VI,M_A,Cd,CdTe,-0.173128,0.48903333477227734,0.040990699388666
771,II-VI,M_B,Te,CdTe,-0.170699,0.19903964193509655,0.041951790004425046
772,III-V,M_A,Al,AlSb,-0.153066,0.27170643027533303,0.07697590618021095
773,IV-IV,M_A,Ge,Si,-0.169163,-0.19144792782860054,0.068723066651408
774,II-VI,M_B,Se,ZnTe,-0.21994499999999997,-0.03904027741290393,0.042730601252925576
775,II-VI,M_A,Cu,CdSe,-0.168903,0.41342849640302193,0.04261861138604185
776,III-V,M_A,Fe,AlSb,-0.093947,0.04814335355998318,0.0865961534558429
777,IV-IV,M_A,Mn,Sn,-0.338893,-0.3725530567961363,0.0681976711619657
778,IV-IV,M_A,V,SiC,0.9732879999999999,0.5344601971359955,0.06884046543046646
779,III-V,M_A,Ti,AlAs,0.6976939999999999,0.6181084723545729,0.08756477895198644
780,II-VI,M_A,Cu,ZnTe,-0.175067,0.4471555393090834,0.06351434199805214
781,IV-IV,M_i_A,N,Ge,-0.192664,-0.44151276847279214,0.04737258804482452
782,IV-IV,M_B,V,GeSn,-0.290014,-0.4294457707017691,0.04489363919648445
783,III-V,M_B,N,BAs,-0.45466000000000006,0.21982410783337697,0.06654332350647678
784,IV-IV,M_A,Cr,GeC,-0.202941,0.2895417738513003,0.0760925840350805
785,IV-IV,M_A,Cr,Sn,-0.334248,-0.44647504166953234,0.06040116201537211
786,IV-IV,M_B,N,GeSn,-0.209155,-0.765609933880793,0.05748852723582715
787,IV-IV,M_i_A,N,Sn,-0.252092,-0.4408573256084261,0.049693156534119654
788,II-VI,M_i_neut,Hf,ZnO,2.45,2.3706461022094003,0.04232103331102962
789,II-VI,M_i_neut,Nb,ZnO,2.09,1.9619923978276586,0.04829234613768104
790,II-VI,M_B,Sr,ZnS,2.66,2.830861779899055,0.05563862449810455
791,II-VI,M_B,Sc,CdO,1.31,1.412551759578946,0.099572695329947
792,II-VI,M_i_A,Zn,ZnO,1.72,1.593230267294634,0.039982737694123555
793,II-VI,M_i_B,Zn,ZnO,1.7,1.5978213465091469,0.04831565508192235
794,II-VI,M_i_neut,Zn,ZnO,1.46,1.5913003362348668,0.048523518546193245
795,II-VI,M_i_B,O,ZnO,-0.46,0.13566543922338956,0.04188229552383414
796,II-VI,M_i_neut,O,ZnO,-0.08,0.1485903696067943,0.04593377601126356
797,II-VI,M_A,S,ZnS,0.62,0.9458619714731824,0.0722731346267955
798,II-VI,M_B,Zn,ZnS,1.68,1.571729124644634,0.05289970304806974
799,II-VI,M_i_B,Zn,ZnS,2.03,1.8437978957483583,0.044530704001413825
800,II-VI,M_i_neut,Zn,ZnS,1.93,1.8552272534825345,0.03582825084086133
801,II-VI,M_i_A,S,ZnS,0.64,1.0975181877976603,0.04640222685610146
802,II-VI,M_i_B,S,ZnS,0.35,1.0940867754659613,0.043750611837805126
803,II-VI,M_i_neut,S,ZnS,0.83,1.0995885909895464,0.05084176625832948
804,II-VI,M_A,Se,ZnSe,0.99,0.6890905959790894,0.05774093218149602
805,II-VI,M_B,Zn,ZnSe,1.28,1.3452568642040568,0.05218079361039352
806,II-VI,M_i_A,Zn,ZnSe,1.25,1.3965979163292728,0.030258589903082073
807,II-VI,M_i_B,Zn,ZnSe,1.62,1.3928539507077684,0.030187452854399128
808,II-VI,M_i_neut,Zn,ZnSe,1.53,1.3896306772836717,0.02945535561130895
809,II-VI,M_i_A,Se,ZnSe,0.67,0.888603253480112,0.030415240859691356
810,II-VI,M_i_B,Se,ZnSe,0.81,0.8960129443348995,0.03032660101045271
811,II-VI,M_i_neut,Se,ZnSe,0.89,0.8875565936440832,0.029466899347460107
812,II-VI,M_A,Te,ZnTe,1.01,0.7692789246986754,0.0576297157095063
813,II-VI,M_i_A,Zn,ZnTe,0.72,1.1694794388462153,0.02065000872690863
814,II-VI,M_i_B,Zn,ZnTe,1.13,1.1686498570837345,0.021123211675723366
815,II-VI,M_i_neut,Zn,ZnTe,0.78,1.166878795123053,0.022164258060208282
816,II-VI,M_i_A,Te,ZnTe,0.67,1.0264609798612319,0.025124642288492965
817,II-VI,M_i_B,Te,ZnTe,0.74,1.0219319372380826,0.025926427894584957
818,II-VI,M_i_neut,Te,ZnTe,0.9,1.017985076185504,0.02376819909470794
819,II-VI,M_B,Cd,CdO,1.22,0.8430214337110626,0.08775629523945659
820,II-VI,M_i_A,Cd,CdO,1.0,1.0880359889447158,0.03806238291815345
821,II-VI,M_i_B,Cd,CdO,0.96,1.086056420534303,0.03481439459198987
822,II-VI,M_i_A,O,CdO,-0.01,-0.058725361758817485,0.0424292185864834
823,II-VI,M_i_B,O,CdO,-0.17,-0.06598389758514364,0.04741077523284936
824,III-V,M_B,Sr,InN,2.04,1.6395638866328397,0.10321791433512002
825,III-V,M_B,B,BP,-0.53,0.32411316894896425,0.05085268673632742
826,III-V,M_A,P,BP,1.22,0.5844546590815349,0.13368075378172437
827,III-V,M_i_A,B,BP,1.07,1.1418023824944945,0.074324679862007
828,III-V,M_i_B,B,BP,1.18,1.1346157454395112,0.06957080684963715
829,III-V,M_i_neut,B,BP,0.83,1.127901780407904,0.06683915328083592
830,III-V,M_i_A,P,BP,1.24,1.068235428446767,0.05784743869775924
831,III-V,M_i_B,P,BP,1.2,1.0711466788455049,0.06292183529843423
832,III-V,M_i_neut,P,BP,1.07,1.0670970684102952,0.06614765718051992
833,III-V,M_B,B,BAs,-0.63,0.19158272074001048,0.06517968656164527
834,III-V,M_A,As,BAs,1.01,0.4232091340298837,0.09250286255694203
835,III-V,M_i_A,B,BAs,1.0,0.777050001223642,0.05418060385929974
836,III-V,M_i_B,B,BAs,1.12,0.7745294614164774,0.05057775847492885
837,III-V,M_i_neut,B,BAs,0.86,0.7784369405582641,0.04766668590842169
838,III-V,M_i_A,As,BAs,1.15,0.9561827738913667,0.040587670286230185
839,III-V,M_i_B,As,BAs,1.08,0.9620872377262145,0.03927144361511564
840,III-V,M_i_neut,As,BAs,0.96,0.9549080558934933,0.046177035177447374
841,III-V,M_B,B,BSb,-0.62,-0.23526842047245466,0.06079826995685993
842,III-V,M_A,Sb,BSb,0.85,0.6382221131814122,0.09296022201047556
843,III-V,M_i_A,B,BSb,0.61,0.3718091415493988,0.04501693343544191
844,III-V,M_i_B,B,BSb,0.78,0.3811261258919171,0.04590592010015585
845,III-V,M_i_neut,B,BSb,0.59,0.384919332258288,0.04116791593214231
846,III-V,M_i_A,Sb,BSb,0.98,0.8988439778397019,0.04384161172143952
847,III-V,M_i_B,Sb,BSb,0.93,0.8921410186767951,0.03951494621530451
848,III-V,M_i_neut,Sb,BSb,0.79,0.8939181618961524,0.045561493284145174
849,III-V,M_B,Al,AlP,0.76,1.0077254730956033,0.07836453728833398
850,III-V,M_A,P,AlP,1.03,0.7601884260232243,0.09175364918832765
851,III-V,M_i_A,Al,AlP,1.83,1.6141516544145733,0.04619730565138554
852,III-V,M_i_B,Al,AlP,1.66,1.6153835218182202,0.046066718017666465
853,III-V,M_i_neut,Al,AlP,1.55,1.6202288727034642,0.04135233980073968
854,III-V,M_i_A,P,AlP,1.0,1.3839057967618198,0.05200839334670524
855,III-V,M_i_B,P,AlP,1.11,1.3888783266818632,0.05503309124785902
856,III-V,M_i_neut,P,AlP,1.48,1.382330634195821,0.04512417579256375
857,III-V,M_B,Al,AlAs,0.36,0.6544150682117864,0.05051675454514662
858,III-V,M_A,As,AlAs,0.62,0.5439522025537338,0.07274378327348757
859,III-V,M_i_A,Al,AlAs,1.64,1.1229813732385192,0.039720519762943635
860,III-V,M_i_B,Al,AlAs,1.46,1.1215244390168757,0.04351863999902617
861,III-V,M_i_neut,Al,AlAs,1.33,1.1212781478893667,0.03954610690109357
862,III-V,M_i_A,As,AlAs,0.92,1.1578953045540372,0.04665484860835766
863,III-V,M_i_B,As,AlAs,0.97,1.1616546824286655,0.049798834175074864
864,III-V,M_i_neut,As,AlAs,1.29,1.1600191676496707,0.05021961814753966
865,III-V,M_B,Al,AlSb,-0.09,0.1806836820102546,0.0900116100297079
866,III-V,M_A,Sb,AlSb,0.6,0.6355677405979754,0.09542366008045497
867,III-V,M_i_A,Al,AlSb,1.13,0.8564873578276041,0.06096823737823234
868,III-V,M_i_B,Al,AlSb,1.15,0.8474993192596646,0.06484395332631233
869,III-V,M_i_neut,Al,AlSb,0.84,0.8543624056822289,0.05782809801777638
870,III-V,M_i_A,Sb,AlSb,0.82,1.118889545850442,0.06471219366415121
871,III-V,M_i_B,Sb,AlSb,0.78,1.1121460901143052,0.05811617224427005
872,III-V,M_i_A,Ga,GaN,2.6,2.614644680923673,0.055505272610208566
873,III-V,M_i_B,Ga,GaN,3.0,2.620266412781573,0.054666881613545305
874,III-V,M_i_neut,Ga,GaN,2.46,2.604414615289599,0.06238965638067444
875,III-V,M_B,Ga,GaP,0.18,0.7081536910391723,0.048887533024245165
876,III-V,M_A,P,GaP,0.82,0.6615186378486225,0.052451816901864345
877,III-V,M_i_A,Ga,GaP,1.53,1.4235617554231614,0.04557838748921591
878,III-V,M_i_B,Ga,GaP,1.56,1.4143127837528893,0.04612711099787187
879,III-V,M_i_neut,Ga,GaP,1.3,1.413510206151042,0.04985990072829256
880,III-V,M_i_A,P,GaP,0.87,0.9860677852926905,0.03727910674326997
881,III-V,M_i_B,P,GaP,1.31,0.9917961610886126,0.03828732774128481
882,III-V,M_i_neut,P,GaP,1.42,0.9897233128229825,0.04035598397716251
883,III-V,M_B,Ga,GaAs,-0.14,0.4602677139360928,0.043910299983238685
884,III-V,M_A,As,GaAs,0.29,0.4554896057718437,0.04040366541891173
885,III-V,M_i_A,Ga,GaAs,0.75,0.9373783607328384,0.031145466122877243
886,III-V,M_i_B,Ga,GaAs,0.84,0.9359608555739498,0.03506593030859556
887,III-V,M_i_neut,Ga,GaAs,0.77,0.9335042243801139,0.03038484745404024
888,III-V,M_i_A,As,GaAs,0.66,0.7971239655725888,0.025686275539752956
889,III-V,M_i_B,As,GaAs,0.83,0.7995692788601811,0.030479422909607454
890,III-V,M_i_neut,As,GaAs,0.74,0.7945665637181915,0.030569094595949853
891,III-V,M_B,Ga,GaSb,-0.26,-0.09681098146229754,0.04333504201256434
892,III-V,M_A,Sb,GaSb,0.39,0.5470744148828459,0.0422583368557502
893,III-V,M_i_A,Ga,GaSb,0.37,0.5436215076544408,0.023860169972690293
894,III-V,M_i_B,Ga,GaSb,0.47,0.5483586942006704,0.023882118888504434
895,III-V,M_i_neut,Ga,GaSb,0.41,0.539188982074652,0.025712267302263777
896,III-V,M_i_A,Sb,GaSb,0.62,0.7551578734798987,0.03315476813218009
897,III-V,M_i_B,Sb,GaSb,0.73,0.7474882478926181,0.02698889455971023
898,III-V,M_i_neut,Sb,GaSb,0.44,0.7428384827151187,0.02866594096721061
899,III-V,M_i_A,In,InN,1.8,1.6248056701604114,0.05525396624283641
900,III-V,M_i_B,In,InN,1.62,1.6093451889595758,0.05907585824618997
901,III-V,M_i_A,N,InN,-0.08,0.3378313380647671,0.06881128408512631
902,III-V,M_i_B,N,InN,0.02,0.33861129235814574,0.0733722014656922
903,III-V,M_i_neut,N,InN,0.73,0.36746660035705475,0.06512277434200806
904,III-V,M_B,In,InP,0.41,0.6961478720353675,0.07436686943886525
905,III-V,M_A,P,InP,0.58,0.21419642783575527,0.06501940393051184
906,III-V,M_i_A,In,InP,1.34,1.3294356253921564,0.05095960375849184
907,III-V,M_i_B,In,InP,1.33,1.3257618780408864,0.04759411320417358
908,III-V,M_i_neut,In,InP,1.28,1.3174546889076866,0.04580474963147153
909,III-V,M_i_A,P,InP,0.65,0.8623049929799546,0.052764150696981815
910,III-V,M_i_B,P,InP,1.28,0.8682938582124613,0.0511426687184737
911,III-V,M_i_neut,P,InP,1.17,0.8696174813885811,0.04761199940983047
912,III-V,M_B,In,InAs,0.22,0.31607725525478597,0.04929876657216217
913,III-V,M_A,As,InAs,0.19,-0.08667473792467632,0.04297083955219194
914,III-V,M_i_A,In,InAs,0.84,0.7948682260739334,0.035354620041664495
915,III-V,M_i_B,In,InAs,0.82,0.7884171629148427,0.03305022633393541
916,III-V,M_i_neut,In,InAs,0.84,0.7890541139471786,0.03453731815842123
917,III-V,M_i_A,As,InAs,0.64,0.6159047705076219,0.026960496780925384
918,III-V,M_i_B,As,InAs,0.86,0.620448950369858,0.02346426165981393
919,III-V,M_i_neut,As,InAs,0.75,0.6072414105258488,0.02924494983623307
920,III-V,M_B,In,InSb,-0.06,-0.08079691136425379,0.04420581475470332
921,III-V,M_A,Sb,InSb,0.25,0.05910294876329567,0.04852546689005621
922,III-V,M_i_A,In,InSb,0.49,0.5914473601041423,0.02416631573544396
923,III-V,M_i_B,In,InSb,0.53,0.5943947699070632,0.027072358269776536
924,III-V,M_i_neut,In,InSb,0.53,0.581496321848644,0.024781218793989583
925,III-V,M_i_A,Sb,InSb,0.62,0.744476211863641,0.028798360568617554
926,III-V,M_i_B,Sb,InSb,0.66,0.7400771410871151,0.030288176807521574
927,III-V,M_i_neut,Sb,InSb,0.5,0.7331423315586589,0.03431878603295071
928,IV-IV,M_i_A,In,SiC,2.46,1.9412571267651253,0.05362046014616657
929,IV-IV,M_i_neut,Br,SiC,2.46,1.5624045833062628,0.10427146796083878
930,IV-IV,M_A,Ba,GeC,0.49,0.8164797878063045,0.11394784489490896
931,IV-IV,M_i_A,Sn,GeC,2.19,1.6287049481163571,0.045480571435515905
932,IV-IV,M_i_A,S,GeC,1.08,1.1239798878388663,0.05255129742812882
933,IV-IV,M_i_A,Se,GeC,1.49,1.2809268911155163,0.043738859664451624
934,IV-IV,M_i_neut,Pb,GeC,1.96,1.589879296424768,0.04064461409601632
935,IV-IV,M_i_A,Se,SnC,0.62,1.096905373830257,0.06287225727612569
936,IV-IV,M_i_A,Si,Si,0.69,0.4362565274738894,0.04527443521593498
937,IV-IV,M_i_neut,Si,Si,0.1,0.42186118831761005,0.04743252450932397
938,IV-IV,M_i_A,Ge,Ge,0.51,0.4561445667977799,0.041961495375030106
939,IV-IV,M_i_neut,Ge,Ge,0.07,0.4459232551926734,0.037912509092156044
940,IV-IV,M_i_A,Sn,Sn,0.35,0.5041528002238426,0.048738245937344105
941,IV-IV,M_A,C,SiC,-0.34,0.5453369855006842,0.08748957934110374
942,IV-IV,M_B,Si,SiC,0.36,1.3394779058286979,0.08024792529849886
943,IV-IV,M_i_A,C,SiC,1.66,1.6267854878348689,0.06362231671962769
944,IV-IV,M_i_B,C,SiC,1.79,1.6278397802673061,0.06635370877009743
945,IV-IV,M_i_neut,C,SiC,1.69,1.6289920777748896,0.05280740738821525
946,IV-IV,M_i_A,Si,SiC,2.21,1.772781737388846,0.06808427490543091
947,IV-IV,M_i_B,Si,SiC,1.89,1.7780219437459177,0.06452816173808631
948,IV-IV,M_i_neut,Si,SiC,2.54,1.791283921105692,0.05456511504115536
949,IV-IV,M_A,C,GeC,-0.42,0.17650028236938556,0.08625984509551898
950,IV-IV,M_B,Ge,GeC,0.11,1.225286367614257,0.05757073545221552
951,IV-IV,M_i_A,C,GeC,0.86,1.1609178722480606,0.05366830120315421
952,IV-IV,M_i_neut,C,GeC,1.14,1.1584628473631162,0.049331201013042635
953,IV-IV,M_i_A,Ge,GeC,2.22,1.4970474996667802,0.04276920293479216
954,IV-IV,M_i_B,Ge,GeC,2.04,1.4918493425713415,0.046813913745712074
955,IV-IV,M_i_neut,Ge,GeC,1.58,1.495456476926118,0.0432852985981394
956,IV-IV,M_A,C,SnC,-0.36,-0.060699917971760886,0.08167450416820145
957,IV-IV,M_B,Sn,SnC,0.36,1.0517498711622135,0.0799197035434273
958,IV-IV,M_i_A,C,SnC,0.48,0.9777825591206717,0.05915221803862638
959,IV-IV,M_i_neut,C,SnC,1.76,1.0096884468614824,0.06299873811688919
960,IV-IV,M_i_B,Sn,SnC,1.61,1.4473870138275242,0.04777889218049039
961,IV-IV,M_i_neut,Sn,SnC,1.46,1.4375205012202823,0.05090991625819886
962,IV-IV,M_A,Ge,SiGe,-0.2,-0.14869627025744472,0.05652799602926203
963,IV-IV,M_B,Si,SiGe,-0.22,-0.026855161102000834,0.06256681725092912
964,IV-IV,M_i_A,Ge,SiGe,0.65,0.6484000074769513,0.029406812461611385
965,IV-IV,M_i_neut,Ge,SiGe,0.51,0.6490002480497161,0.030342229470873196
966,IV-IV,M_i_A,Si,SiGe,0.6,0.5298959408874317,0.040006580636043766
967,IV-IV,M_i_B,Si,SiGe,0.65,0.5241079354952201,0.035596694734726826
968,IV-IV,M_A,Sn,SiSn,-0.12,0.02692463324449129,0.05850501252158397
969,IV-IV,M_B,Si,SiSn,-0.27,-0.3609532154671797,0.06482274506383832
970,IV-IV,M_i_A,Sn,SiSn,0.63,0.6455817850231611,0.031267531276811755
971,IV-IV,M_i_B,Sn,SiSn,0.71,0.6411452170245384,0.03075672688512999
972,IV-IV,M_i_neut,Sn,SiSn,0.32,0.631256721522458,0.024839381892652574
973,IV-IV,M_i_A,Si,SiSn,0.45,0.37004357004493627,0.047698296044701674
974,IV-IV,M_i_B,Si,SiSn,0.6,0.3773012040455095,0.04189149516787367
975,IV-IV,M_i_neut,Si,SiSn,0.58,0.3620271510744244,0.044353003118007356
976,IV-IV,M_A,Sn,GeSn,-0.02,-0.027728143338038656,0.060840517966682495
977,IV-IV,M_i_A,Sn,GeSn,0.53,0.47118590710311387,0.03316148544541149
978,IV-IV,M_i_B,Sn,GeSn,0.59,0.46660123253632707,0.036742361936273005
979,IV-IV,M_i_neut,Sn,GeSn,0.26,0.46747674780049087,0.03522155513346706
980,IV-IV,M_i_A,Ge,GeSn,0.43,0.3098411654577912,0.035794571217218706
981,IV-IV,M_i_B,Ge,GeSn,0.49,0.3088822099198567,0.03452329162715665
982,IV-IV,M_i_neut,Ge,GeSn,0.16,0.3064057368605167,0.035224761256672024
