,Type,Site,Impurity,AB,(+3/+2)_DFT,train_mean,train_std
0,IV-IV,M_i_neut,Cl,GeC,-1.291456,-0.7085403731923829,0.08085819035710544
1,III-V,M_i_neut,Te,BAs,-0.577904,-0.6264609868470664,0.08477741771873493
2,IV-IV,M_i_B,Cd,GeC,-0.882713,-0.7228419612103854,0.06594014020497704
3,III-V,M_i_B,Zr,BP,0.010508,-0.19419579901634182,0.05939742121198038
4,III-V,M_B,Ag,GaN,-1.046118,-0.8334402785459201,0.11356340682851405
5,III-V,M_i_neut,Bi,BSb,0.354375,-0.40871783800972655,0.0804187705993991
6,II-VI,M_B,Ca,ZnS,0.643311,0.19874683717054734,0.083263757966678
7,II-VI,M_B,V,CdO,-0.16153800000000001,0.009398024644879972,0.12065577208437633
8,IV-IV,M_i_neut,S,SnC,-0.39426100000000003,0.03304193709401456,0.06661973396869952
9,II-VI,M_i_neut,Zr,ZnS,0.708436,0.41862721954301474,0.03527999617122444
10,IV-IV,M_i_neut,Br,SnC,-0.8336399999999999,-0.5649518652382074,0.09405889649678605
11,II-VI,M_i_A,Ta,ZnS,0.265477,0.2921315764795917,0.05977805269056436
12,IV-IV,M_i_neut,Cd,SnC,-0.662983,-0.6261731452054378,0.06657757250777055
13,IV-IV,M_i_B,Mg,SnC,-0.748046,-0.7085638092784945,0.07708731961340831
14,III-V,M_i_B,Cs,InN,-0.031841,-0.330166182843418,0.07921342080742515
15,IV-IV,M_i_neut,Re,GeC,-0.666817,-0.09405795992222928,0.07573982387539097
16,II-VI,M_B,Hf,CdSe,-0.37404,0.20119313981642611,0.06275715695289844
17,III-V,M_i_B,Ta,BP,-0.342092,-0.33533833724660195,0.08067077662367879
18,II-VI,M_i_A,Ta,CdO,0.8824930000000001,0.5888314077835249,0.08025633237579445
19,IV-IV,M_B,Nb,GeC,-0.672898,-0.5474834308515226,0.09079840081789788
20,II-VI,M_i_A,In,ZnO,0.23124,-0.1350155497992728,0.07778019151436719
21,II-VI,M_A,Re,ZnO,0.078172,0.2040931816462903,0.11091120504983583
22,II-VI,M_i_A,Si,CdO,1.202083,0.8765304442300096,0.10378945084667866
23,IV-IV,M_i_A,Mo,GeC,-0.252688,-0.2809267006153001,0.05973460485862562
24,IV-IV,M_A,Rb,SiC,-0.721276,-0.6641334575530926,0.1028131842268109
25,IV-IV,M_i_A,Sn,SnC,0.020709,-0.015200888361065456,0.06402840878007485
26,IV-IV,M_B,Sc,SiC,0.32782100000000003,-0.3354488577040947,0.12301724353091849
27,III-V,M_i_A,S,BAs,-0.733924,-0.6337387081141785,0.08537077684172406
28,III-V,M_B,Zr,AlP,-0.146977,0.08489385499248356,0.07990404564768977
29,IV-IV,M_B,Nb,SnC,-0.35436799999999996,-0.37657674919221285,0.0859469128421978
30,II-VI,M_i_A,Ta,CdS,0.722341,0.436604500601155,0.06415726298124864
31,II-VI,M_i_A,Y,ZnS,1.344544,0.40871032663918605,0.04556396760205639
32,IV-IV,M_i_B,Ir,SiC,-0.798557,-0.5865872873250524,0.06759087397560953
33,III-V,M_i_A,Au,BP,-1.09612,-1.1857072492405796,0.07989319580071265
34,IV-IV,M_i_B,Ru,GeC,-0.551838,-0.6476058861252277,0.05740937353442548
35,IV-IV,M_i_B,Ta,SnC,0.675025,0.20603924746948232,0.11252517063844701
36,IV-IV,M_i_B,Si,SnC,0.489159,0.729208568040411,0.06784148340158337
37,II-VI,M_i_B,Ga,ZnO,0.170787,-0.21379041906709467,0.0760077899643834
38,II-VI,M_B,Na,CdS,0.9455879999999999,0.15969078326514183,0.1091131647797163
39,II-VI,M_i_A,Mo,CdS,0.912949,0.08827120378091473,0.04644104291268384
40,II-VI,M_i_neut,Pb,ZnS,-0.573932,-0.4329540489305426,0.05824157544606806
41,IV-IV,M_B,I,SiC,0.653886,0.4734929938847371,0.13809842028593242
42,II-VI,M_i_neut,La,ZnSe,1.351226,0.4350189411258566,0.04539013181663136
43,II-VI,M_i_A,Tc,CdO,-0.369743,0.2007591539005468,0.0912219893575536
44,II-VI,M_B,Zr,CdTe,-0.544794,-0.22155582400958926,0.07282826644398065
45,II-VI,M_B,La,CdTe,-0.03901,0.287186655633603,0.06569383317756122
46,II-VI,M_B,W,CdTe,-0.7586609999999999,-0.2020042561538599,0.057068507786544195
47,IV-IV,M_i_A,Ru,SiC,-1.031174,-0.7837748235491705,0.05566950237443981
48,III-V,M_i_neut,Cl,BSb,-0.77048,-0.47884578248931026,0.08137727762063918
49,II-VI,M_i_B,Al,ZnS,1.53053,0.24116989591486854,0.05401757525753266
50,IV-IV,M_i_B,Al,GeC,0.709196,0.21587053233350034,0.06457600965412458
51,III-V,M_i_neut,Pt,BP,-0.809738,-0.853390166253068,0.07602497377744372
52,III-V,M_i_neut,Ag,BP,-1.0559379999999998,-1.0855469024439486,0.07029982281316616
53,III-V,M_i_A,Ba,GaP,-0.5378149999999999,-0.300461504645992,0.07654041642137183
54,II-VI,M_B,Nb,CdTe,-0.6100260000000001,-0.2934642446264457,0.057362856887694
55,IV-IV,M_i_A,Tc,SiC,-0.76277,-0.4869080844311663,0.055875494927592535
56,II-VI,M_B,Y,CdTe,-0.156436,0.12280893469362622,0.04595915401404425
57,III-V,M_i_B,I,AlP,-0.162627,-0.45863638748539676,0.08454144092715499
58,II-VI,M_B,Ca,CdSe,0.339708,0.03969203288400117,0.06473681485175034
59,III-V,M_i_A,Be,GaN,-1.3283719999999999,-1.0703544986706701,0.07845269767999775
60,III-V,M_B,I,InN,-0.427109,0.07810985031762026,0.14113111421902302
61,IV-IV,M_i_A,B,SiC,-0.395011,-0.6780910923102228,0.08352134337891713
62,II-VI,M_B,Co,ZnS,-1.148369,-0.7365173734840551,0.11718459271820357
63,III-V,M_i_A,W,BP,-0.655551,-0.4953055141201924,0.0886895541024558
64,III-V,M_B,Ba,InP,0.9527389999999999,0.48802371936610056,0.08530670535088415
65,III-V,M_B,La,GaAs,-0.020544,-0.1952913132238117,0.10420753870427318
66,II-VI,M_B,Si,ZnS,-0.904758,-0.5553868940061848,0.06852048903848533
67,II-VI,M_i_B,Sn,CdO,0.19346300000000002,0.021642696579710758,0.09006359004234814
68,III-V,M_i_B,Tc,BAs,-0.890865,-0.9241332242389604,0.0590271026190481
69,II-VI,M_B,Os,CdSe,-0.58324,-0.3908295899072466,0.06638627441628618
70,II-VI,M_B,Mo,CdTe,-0.64244,-0.36889566295899434,0.04733643005490898
71,II-VI,M_B,Re,CdTe,0.7012729999999999,-0.2590230033518449,0.05660044737698594
72,II-VI,M_i_A,Ba,ZnSe,-0.650158,-0.3084982043936709,0.07366128582666934
73,II-VI,M_B,Ti,CdTe,-0.578882,-0.4575209157029431,0.04820087780643215
74,II-VI,M_B,Sc,CdTe,-0.38627399999999995,-0.02555882022347942,0.08223025024714517
75,II-VI,M_i_A,Cl,ZnO,-1.060808,-1.2957306933992432,0.053749103675664316
76,II-VI,M_B,Ta,CdTe,-0.690457,-0.14316936163489946,0.052421073389352
77,II-VI,M_B,Ba,CdTe,0.699212,0.25282388260808775,0.05171461757976996
78,IV-IV,M_i_neut,O,GeC,-1.353274,-0.9661582365208752,0.04800563399665699
79,II-VI,M_i_A,Sc,ZnS,0.8663639999999999,0.6590162212743472,0.10496123808368128
80,II-VI,M_i_neut,Ti,ZnS,0.45633100000000004,0.10810957489080972,0.042229883329348475
81,IV-IV,M_B,Sb,SiC,-0.4812,-0.1660659927880472,0.08720864610353254
82,III-V,M_A,Hf,BAs,-0.979216,-0.966402502085405,0.1318236460021559
83,II-VI,M_i_neut,Cs,CdS,-0.574333,-0.30339296784504177,0.06579624881904804
84,IV-IV,M_i_B,C,SnC,-0.270398,-0.638839941489034,0.07956810425010315
85,IV-IV,M_B,Te,SnC,-0.376481,0.00932246295004654,0.1142107947541956
86,IV-IV,M_i_B,F,GeC,-1.3288149999999999,-1.0816940278311578,0.08248021243621251
87,II-VI,M_i_neut,Cs,ZnSe,-0.687752,-0.47549086533909224,0.09415561300846806
88,IV-IV,M_A,Pb,SnC,-0.972184,-1.092566101185044,0.09567599734185141
89,II-VI,M_i_B,Ir,CdS,-0.073768,-0.039774540048440776,0.09643168617397992
90,II-VI,M_i_B,Bi,ZnSe,0.855706,-0.07723895649027604,0.0847588044727431
91,II-VI,M_i_B,Mg,ZnS,-1.093451,-0.7095997024359717,0.05738465947399344
92,II-VI,M_B,Sr,CdTe,0.275373,0.0035725054865873157,0.057049748537639194
93,II-VI,M_i_neut,Na,ZnO,-1.30159,-1.0567572065800708,0.0922141885097601
94,IV-IV,M_i_neut,Zn,SiC,-1.17947,-0.8835646584771165,0.05854298301449403
95,IV-IV,M_i_B,Al,SiC,0.34209,0.11744240490703757,0.0602434211853676
96,II-VI,M_B,I,ZnO,-1.081831,-0.8179184190718564,0.13249909281099606
97,IV-IV,M_A,Rh,GeC,-1.420512,-1.3572183732074834,0.061654658970050374
98,II-VI,M_B,Ca,CdTe,-0.039856,-0.04364458892553227,0.06660396304004364
99,II-VI,M_i_neut,Ir,ZnS,-0.44726499999999997,-0.21233969591437002,0.052796562029488375
100,IV-IV,M_i_B,C,SiGe,-0.993606,-0.7168159128529563,0.07389666611365413
101,IV-IV,M_B,Re,SnC,-1.1004120000000002,-0.641527663628273,0.13726508700200915
102,III-V,M_i_B,C,AlAs,-0.723079,-0.616586123969657,0.06507774576943172
103,III-V,M_A,Te,BP,-0.129582,-0.45310846032385427,0.11539403541197946
104,II-VI,M_i_B,C,CdTe,-0.6952229999999999,-0.4265744779389699,0.08615831153034184
105,III-V,M_i_neut,Pb,AlP,-0.529543,-0.28717675995707126,0.056743721707327326
106,IV-IV,M_B,Li,GeC,0.031491000000000005,-0.607626846925493,0.12402391196444545
107,II-VI,M_i_B,Y,CdO,0.044913,0.37940241979515943,0.0691661677977872
108,II-VI,M_i_A,C,CdTe,-0.667967,-0.42454374678039386,0.07567681663831499
109,II-VI,M_i_A,W,CdTe,0.49805600000000005,0.1420326877298771,0.04991513850026956
110,IV-IV,M_A,As,SnC,-1.0414729999999999,-1.1843613590306568,0.07022858009515753
111,III-V,M_i_B,Pb,GaP,-0.5150170000000001,-0.36103170064769635,0.051049317770524426
112,IV-IV,M_i_neut,W,SnC,0.148515,0.1612235661674319,0.07500744509083172
113,II-VI,M_i_A,C,ZnTe,-0.7129479999999999,-0.527426693934739,0.08322362051453468
114,II-VI,M_i_neut,W,ZnTe,0.113647,0.051558791138382354,0.05442906574689802
115,II-VI,M_i_neut,In,CdO,-0.086644,-0.014558387655467853,0.06640433121073862
116,II-VI,M_i_B,Sb,CdTe,0.469164,0.07650133703124992,0.05883043500120489
117,II-VI,M_i_A,Re,CdTe,0.074895,0.10828620991303746,0.05203391741022108
118,II-VI,M_B,Os,CdTe,0.042179,-0.4997398265214015,0.05266671105987957
119,II-VI,M_i_neut,C,CdTe,0.33,-0.3858304176804444,0.06006031617379025
120,IV-IV,M_B,Bi,GeC,-0.684809,-0.2530279100487284,0.12725858929739808
121,II-VI,M_i_B,Re,CdTe,-0.17776,0.19336889937260016,0.06334773638368413
122,II-VI,M_B,Ru,CdTe,-0.798744,-0.6962544022055546,0.04563638530310491
123,II-VI,M_A,O,CdS,-0.900601,-1.3056463112025734,0.09188137492655862
124,II-VI,M_i_A,Al,CdS,0.588676,0.3619091719041684,0.06671678884187943
125,II-VI,M_A,Ru,CdO,-0.09692100000000001,-0.5907167163692135,0.07415733626685432
126,II-VI,M_i_A,Pb,CdO,-0.20585799999999999,-0.43615227044821553,0.0750070563991818
127,II-VI,M_B,Tc,CdTe,-0.538607,-0.6444412304246099,0.05657626039686477
128,II-VI,M_B,V,CdTe,-0.625495,-0.5992964496663747,0.05122519195467597
129,II-VI,M_B,Rh,CdTe,-0.8071119999999999,-0.7633304102942989,0.03773908362204369
130,II-VI,M_i_B,Zr,CdTe,0.7594989999999999,0.39989255602818685,0.03771358283345732
131,II-VI,M_i_B,W,CdTe,0.370395,0.2152672129277871,0.05780346473287694
132,IV-IV,M_i_neut,Sr,Si,-0.48382,-0.5010824378744824,0.046826300678550786
133,II-VI,M_i_A,Be,CdS,-0.72831,-0.6942144520816989,0.06835724706539881
134,II-VI,M_i_neut,La,CdTe,0.6176229999999999,0.44118262196005975,0.07374793080073498
135,IV-IV,M_i_A,C,Si,-0.645159,-0.7129549553908945,0.10347149555066183
136,II-VI,M_i_A,Sb,CdTe,0.474972,0.040566971723376574,0.03694697765823626
137,II-VI,M_i_neut,W,CdTe,0.362768,0.16578644628931719,0.059014289819377765
138,II-VI,M_i_neut,Sb,CdTe,-0.605329,0.04919589852681779,0.039791556838312925
139,III-V,M_i_A,Tc,InP,0.014182,-0.11886568707881398,0.06116663571112924
140,IV-IV,M_B,Au,GeC,0.23057399999999997,-0.518162598386804,0.1184476353669706
141,III-V,M_i_B,Ti,BAs,-0.444083,-0.5756394734539303,0.057641596011870556
142,II-VI,M_i_B,La,CdSe,0.6743899999999999,0.5838129776875871,0.07305993524883153
143,III-V,M_i_B,Mg,GaN,-1.32587,-0.8178766870877758,0.07263795426720515
144,II-VI,M_i_neut,Zr,CdTe,0.632204,0.36417644392793147,0.04256794428959828
145,II-VI,M_B,Cd,CdS,-0.648334,-0.5621382819610934,0.07569313877272242
146,II-VI,M_i_A,Sn,CdS,-0.528691,-0.044235571316017054,0.03837184460706625
147,II-VI,M_B,Hf,CdTe,-0.577177,0.007688229697682371,0.04581667776334625
148,II-VI,M_i_B,Rb,CdS,-0.586014,-0.5568962612874768,0.0611665754265463
149,II-VI,M_i_B,Os,CdTe,-0.060551999999999995,-0.10571137667214367,0.05033815182310558
150,II-VI,M_i_neut,Y,CdTe,0.735384,0.3699843089446642,0.05625332888045373
151,II-VI,M_B,Zn,CdS,-0.649977,-0.8017119756606961,0.08682400835567215
152,II-VI,M_i_B,Be,ZnO,-1.3776389999999998,-1.0231541856395505,0.07662058421095409
153,II-VI,M_i_neut,Nb,CdTe,-0.44892600000000005,-0.006817451010717117,0.03968722783077519
154,IV-IV,M_i_A,Pb,Si,-0.421149,-0.4927443133423962,0.05094118056479571
155,II-VI,M_B,C,CdTe,-0.907805,-0.6680919657905279,0.08359796041857882
156,II-VI,M_i_A,Mo,CdTe,0.152748,-0.15842760246851714,0.0422750349422013
157,II-VI,M_B,Rh,ZnSe,-0.934089,-0.7302038230369426,0.04644423288671596
158,II-VI,M_i_B,Nb,CdTe,0.594884,0.033891089397661736,0.035315575614887455
159,III-V,M_i_neut,Sr,AlAs,-0.5392279999999999,-0.5204761393626272,0.08398947822381322
160,IV-IV,M_i_A,Fe,SnC,-0.686228,-0.382990885082516,0.04848459414123076
161,II-VI,M_i_neut,Re,CdTe,-0.197025,0.1409774167853469,0.05350084385389408
162,II-VI,M_i_B,La,CdTe,0.792454,0.5047265204690733,0.06196910462692281
163,II-VI,M_B,C,ZnSe,-1.159807,-0.9206241819297152,0.07482777774365415
164,II-VI,M_i_A,Os,CdTe,-0.527133,-0.19764956015006305,0.049276714867589666
165,IV-IV,M_i_neut,Ta,SiGe,-0.275345,-0.2914995274659534,0.049977219947308624
166,II-VI,M_i_B,Ag,ZnO,-1.139062,-0.963946561503802,0.05895523227486854
167,II-VI,M_i_B,Sr,CdO,-0.670086,-0.4343284906139246,0.07677747601470729
168,III-V,M_i_B,Hf,InP,0.837469,0.6112347591044964,0.052119340489498255
169,II-VI,M_i_B,Ta,CdTe,0.763033,0.37249096263383763,0.04561244961877315
170,II-VI,M_B,Cr,CdTe,-0.659367,-0.5993625900589287,0.05053868178542957
171,IV-IV,M_B,Pd,SiC,-1.063705,-0.934817502627238,0.0971139138403216
172,III-V,M_i_B,B,AlP,-0.110623,-0.37268817494116596,0.11195792747658512
173,II-VI,M_i_A,Nb,CdTe,-0.359051,-0.023683245383874046,0.0445223982319372
174,III-V,M_i_B,Ta,InAs,0.429309,0.3039791284712301,0.06524095510679355
175,III-V,M_i_B,W,InAs,0.235893,0.15937061929202906,0.09581996533632745
176,III-V,M_i_A,Te,AlAs,0.144466,-0.15530522588524706,0.06162165520344908
177,II-VI,M_i_B,Ti,CdS,1.007659,0.2403092215050245,0.04704604431864228
178,II-VI,M_i_A,Zr,ZnTe,0.057802,0.2218967582676239,0.04500212202332584
179,II-VI,M_i_A,Zr,CdTe,0.26302,0.34078813034000005,0.037304447542085624
180,III-V,M_i_neut,Mo,AlP,-0.192734,-0.2824956430940385,0.054660236646873354
181,III-V,M_B,Mg,GaP,0.035437,-0.48335860501011113,0.07850881062377006
182,II-VI,M_A,Sb,ZnO,-0.686557,-0.8872691115427884,0.09158604017161331
183,II-VI,M_B,Rb,CdTe,0.826476,0.13226387115590327,0.10160535358409545
184,II-VI,M_A,Ir,CdO,-0.211997,-0.24048556653102976,0.11516828744106816
185,II-VI,M_i_B,Rh,CdS,-0.44783,-0.34283477475520796,0.04672993574783325
186,II-VI,M_i_neut,Ta,CdTe,-0.21581,0.3172353185112408,0.04434431138063229
187,IV-IV,M_A,Bi,SiC,-1.340784,-1.0984102556064215,0.09692000643985393
188,II-VI,M_i_neut,Sc,CdTe,1.0442870000000002,0.6373973153087926,0.055810627911399215
189,II-VI,M_B,Fe,CdTe,-0.724407,-0.7672121263868212,0.06070171454476221
190,II-VI,M_i_B,As,ZnSe,0.5462779999999999,-0.2483084604814271,0.052670650133123664
191,II-VI,M_B,Co,CdTe,-0.8476459999999999,-0.8512685669433298,0.10232328328853692
192,II-VI,M_i_neut,Ga,CdS,-0.5018630000000001,-0.023777412038631908,0.04674362738997528
193,II-VI,M_i_neut,Mo,CdTe,-0.10851300000000001,-0.14261963659966886,0.04167056161003967
194,II-VI,M_i_neut,Co,CdO,-0.835909,-0.6884901343818217,0.07017542884460198
195,II-VI,M_B,K,CdTe,0.838828,-0.0537897484613785,0.0851476631929866
196,II-VI,M_i_B,Y,CdTe,0.9048719999999999,0.41267567317261794,0.053782332339411064
197,II-VI,M_i_A,Te,ZnSe,0.151579,-0.43820213875921626,0.043346489468277
198,II-VI,M_B,B,CdTe,-0.878714,-0.6146522897833491,0.11725069308792929
199,II-VI,M_B,Be,CdTe,-0.690416,-0.7711825657630127,0.06351054664616025
200,III-V,M_i_neut,W,GaSb,-0.246533,-0.3899251913489245,0.07068758365635151
201,II-VI,M_i_A,Zn,ZnS,-1.0478299999999998,-0.855589093102725,0.046150784777192734
202,II-VI,M_A,Zr,CdS,-0.8384299999999999,-0.1071382619370631,0.08044033412531403
203,II-VI,M_B,Li,ZnTe,0.138782,-0.4674741751844059,0.09090746227373961
204,II-VI,M_i_neut,Ba,CdTe,-0.49284700000000004,-0.22821101721756953,0.05678166824984213
205,II-VI,M_i_neut,As,CdS,-0.532076,-0.16412615954258433,0.06132647884369104
206,III-V,M_B,Hf,InSb,-0.49819300000000005,-0.1665491962118011,0.09660995425440962
207,II-VI,M_i_B,Mo,CdTe,0.136102,-0.10709880200147681,0.04623673542996928
208,II-VI,M_i_A,Ta,CdTe,-0.132237,0.27631426461017217,0.04164204633850597
209,III-V,M_i_A,Cl,GaP,-0.812837,-0.7572865154553322,0.0753614918506788
210,IV-IV,M_i_neut,La,Ge,-0.23237199999999997,0.21249438440092483,0.06814304810507749
211,II-VI,M_B,Mg,CdTe,-0.655575,-0.7453013716795566,0.061358709581091304
212,II-VI,M_B,Mn,CdTe,-0.663728,-0.9467976263783615,0.058233033347259384
213,II-VI,M_i_B,B,CdSe,0.8948860000000001,-0.24708630222068848,0.05838972474927984
214,IV-IV,M_B,Rh,SiC,-1.073818,-0.7459387365417116,0.08876215583051518
215,II-VI,M_i_A,La,CdTe,0.7113119999999999,0.41755867926433454,0.06653565588182418
216,II-VI,M_i_neut,Os,CdTe,-0.09349199999999999,-0.15545246322382172,0.04889271482392554
217,IV-IV,M_B,Rb,SiGe,-0.237229,-0.5582676164674168,0.10994449704431677
218,II-VI,M_B,Cs,CdTe,0.8953700000000001,0.2309558144143971,0.09054613381151388
219,III-V,M_i_B,Zr,InN,0.466801,0.613517574500536,0.05834275580546341
220,II-VI,M_B,Si,CdSe,-0.668667,-0.6888343105935252,0.049549353757625134
221,II-VI,M_B,Ir,CdTe,-0.775468,-0.45296203780004574,0.10318470035475148
222,II-VI,M_i_B,Ti,CdTe,0.382745,0.05468244690433884,0.04092337412811971
223,II-VI,M_i_A,B,CdTe,-0.746374,-0.30485428277620175,0.10884530041286354
224,III-V,M_i_neut,Ir,InP,-0.053274,-0.07285826699831785,0.08098909410034666
225,II-VI,M_i_B,Ru,CdTe,-0.306294,-0.3210555849539946,0.039145584622948794
226,II-VI,M_i_neut,I,ZnSe,-0.27081900000000003,-0.7848900421983991,0.060275157339292465
227,IV-IV,M_i_neut,Zr,Ge,-0.26955100000000004,-0.009486186797439462,0.045028569841805505
228,II-VI,M_i_A,Y,CdTe,0.749183,0.35569952915520575,0.053601191893788695
229,II-VI,M_i_B,Sc,CdTe,0.802365,0.6547751486168296,0.06226213667159131
230,III-V,M_i_B,In,AlAs,0.18497,-0.10648155010151295,0.053100819921542704
231,II-VI,M_i_neut,B,CdTe,-0.855699,-0.31418248076560856,0.1051475120298308
232,III-V,M_i_B,Os,GaSb,-0.310262,-0.45703304580791676,0.05842964676026287
233,II-VI,M_i_neut,Ti,CdTe,0.324115,0.02907671647805977,0.046857125338573655
234,II-VI,M_B,Tl,ZnSe,0.570372,0.05025713619215542,0.09846098996981667
235,IV-IV,M_i_neut,Rb,SiSn,-0.5083409999999999,-0.7940442189154414,0.07223302730406991
236,II-VI,M_i_neut,Cd,CdS,-0.657468,-0.6336363410885234,0.05196600157209948
237,IV-IV,M_i_B,As,SiGe,-0.24411599999999997,-0.11310256327453065,0.060897753706776955
238,II-VI,M_A,C,CdSe,-0.903324,-0.7227338351621959,0.06942162675341963
239,III-V,M_i_B,Zn,BSb,-0.574651,-0.8514420019913818,0.05744172014163336
240,II-VI,M_i_neut,Sr,CdTe,-0.518796,-0.3270765074021494,0.03728585765405226
241,II-VI,M_i_A,Bi,CdSe,0.769197,-0.055810539524749236,0.07489454237625606
242,II-VI,M_i_neut,K,CdO,-0.748056,-0.7237657055910469,0.0676305415952665
243,II-VI,M_i_A,Sc,CdTe,0.43466899999999997,0.6119143268001392,0.0627631360821961
244,II-VI,M_i_B,Ba,CdTe,-0.48718,-0.16907346378749857,0.04974271094611395
245,II-VI,M_B,Li,CdTe,0.259279,-0.3119270664958371,0.08030037580550489
246,II-VI,M_i_B,Rh,CdTe,-0.49369799999999997,-0.4158746908652625,0.04216459735426971
247,IV-IV,M_i_B,P,SiGe,-0.41024099999999997,-0.4544505417169331,0.06174944559141111
248,II-VI,M_i_A,Cu,ZnO,-1.240867,-0.8498528072731238,0.058149995850068824
249,II-VI,M_i_neut,Se,ZnS,-1.0656780000000001,-0.45459618805049945,0.053272902261025226
250,II-VI,M_i_A,Rh,CdTe,-0.502066,-0.47222261785146136,0.047869871759759555
251,II-VI,M_i_B,Br,CdO,-0.7487739999999999,-1.0783621414064761,0.07738010576285931
252,II-VI,M_i_B,B,CdTe,0.940744,-0.26930419300535346,0.061825465811446066
253,IV-IV,M_i_B,N,GeC,-0.364248,-0.7802143339236792,0.08565582794321705
254,II-VI,M_i_neut,Ru,CdTe,-0.331388,-0.35815595379758014,0.04517143686634039
255,II-VI,M_i_A,Ru,CdTe,-0.6064350000000001,-0.37704434311079926,0.04071916918697256
256,IV-IV,M_i_A,Tl,SiGe,-0.615283,-0.5797040316698243,0.05664900592642347
257,II-VI,M_i_B,Te,CdS,0.379207,-0.3093896749655686,0.05072531650404413
258,II-VI,M_i_B,Tc,CdTe,-0.428411,-0.3069226318357742,0.056663650799154475
259,II-VI,M_A,C,CdTe,-0.8662639999999999,-0.7381550642030194,0.06305629631434859
260,II-VI,M_i_A,Tc,CdTe,-0.109734,-0.35504048160725543,0.05944370572899045
261,III-V,M_i_B,Cd,GaP,-0.60258,-0.607296066967816,0.044086096848383334
262,II-VI,M_B,Na,CdTe,0.373236,-0.1504076353995721,0.06140321616006202
263,II-VI,M_i_A,Li,ZnS,-1.182901,-0.6942613528147401,0.0708125783173733
264,III-V,M_i_B,B,AlSb,-0.659235,-0.43075886469386404,0.07208813050579706
265,II-VI,M_i_B,Mn,ZnS,-1.075607,-0.8031521527461802,0.04814357390026706
266,III-V,M_B,Os,AlSb,-0.8492959999999999,-0.9664437716136314,0.06765701892669368
267,III-V,M_i_neut,In,InN,0.127444,0.11808437136016896,0.05156690422133479
268,III-V,M_i_A,Mn,BSb,-1.7888220000000001,-1.4846644215162628,0.0660926820946261
269,II-VI,M_i_A,Cd,CdS,-0.6394029999999999,-0.6391800912510284,0.05420433674508333
270,II-VI,M_B,Al,CdTe,-0.07406599999999999,-0.4266209757113792,0.05806272097457121
271,II-VI,M_i_A,Ti,CdTe,-0.26546,0.015850075771472648,0.0431633040926809
272,II-VI,M_i_B,S,ZnTe,0.19325699999999998,-0.42829931448973324,0.07409455532136709
273,IV-IV,M_i_B,O,SiSn,-0.814928,-0.5651601279533364,0.08339493187307537
274,II-VI,M_i_B,Cd,CdS,-0.650796,-0.5978295664466021,0.0529612402174652
275,III-V,M_i_A,S,InP,-0.418055,-0.1324244292995824,0.050516617108060116
276,II-VI,M_i_A,Ir,CdTe,-0.155773,-0.15278978335393534,0.07875012240054097
277,II-VI,M_B,Cd,CdSe,-0.691377,-0.6217551177198156,0.060639347014733266
278,II-VI,M_B,Ni,CdTe,-0.811973,-0.833059940850611,0.06742332255508314
279,II-VI,M_A,Rh,CdO,-0.378151,-0.706446887881653,0.06050269790645328
280,II-VI,M_i_neut,Pt,CdS,-0.455082,-0.2543377422661021,0.07740655891798424
281,II-VI,M_i_neut,Sb,ZnTe,0.10273800000000001,-0.05644761087977841,0.040746716222788124
282,II-VI,M_i_A,Ca,ZnTe,-0.656537,-0.42364498595698397,0.051543370164244325
283,II-VI,M_i_B,Na,ZnTe,-0.7728659999999999,-0.7030385147631958,0.07407188732848627
284,II-VI,M_i_B,Bi,CdTe,0.557551,0.05860423601980923,0.06037466233255867
285,II-VI,M_i_B,S,CdS,-0.09309500000000001,-0.3324389195073326,0.04249472878364074
286,II-VI,M_i_B,Ir,CdTe,-0.157884,-0.06974579609210023,0.04851331334199713
287,II-VI,M_i_neut,Rh,CdTe,-0.440964,-0.45569477989899265,0.0402725215069254
288,III-V,M_i_neut,Br,InP,-0.175756,-0.5145015325048377,0.055776426985775986
289,IV-IV,M_i_A,Os,GeSn,-0.292327,-0.4936873315387052,0.06490124902308074
290,II-VI,M_A,P,ZnS,-0.13828,-0.7542858864312805,0.08209907263486094
291,II-VI,M_B,Sb,CdTe,-0.751571,-0.6043170158814005,0.06306831692504908
292,II-VI,M_i_neut,Ca,CdSe,-0.605855,-0.22824472917046457,0.04824313994654584
293,IV-IV,M_i_neut,Mn,GeC,-0.92853,-0.8748006571216417,0.05755689310028129
294,II-VI,M_i_neut,Ca,CdTe,-0.572225,-0.2811193231759046,0.0490727959001899
295,II-VI,M_B,Zn,CdTe,-0.656601,-0.8228062742940139,0.06719195411750158
296,IV-IV,M_A,W,GeC,-1.28362,-1.1493468530272744,0.08759286958086866
297,III-V,M_i_A,Pd,InN,-0.48137700000000005,-0.8062633534471979,0.05896779223942559
298,II-VI,M_i_B,N,CdTe,0.722645,-0.4435434305675427,0.08798690268860161
299,III-V,M_i_B,Nb,InSb,0.19556199999999999,-0.2053529990936267,0.04690759344328814
300,II-VI,M_i_B,Cs,CdTe,-0.521375,-0.341891462892581,0.06839400561578492
301,IV-IV,M_i_A,Ta,Ge,-0.215017,-0.14320280297543872,0.04935414940229439
302,II-VI,M_i_A,K,ZnSe,-0.844347,-0.5699975504201208,0.05288827487697602
303,II-VI,M_i_neut,Cd,CdO,-0.793917,-0.7927834302829346,0.0512684626387543
304,II-VI,M_A,Sb,CdTe,-0.695925,-0.7711030527227664,0.05551618121749862
305,II-VI,M_i_neut,N,CdTe,-0.054029999999999995,-0.4897606347305795,0.12552856761565737
306,II-VI,M_i_B,Hf,CdTe,1.13315,0.556292017009558,0.041997969636738706
307,III-V,M_i_B,La,GaSb,0.13553800000000002,0.3219011297190392,0.0890280155269501
308,II-VI,M_i_A,V,CdTe,-0.658704,-0.2937233678688009,0.039142416125880944
309,II-VI,M_i_B,Sr,CdSe,-0.616125,-0.24101649881775758,0.03849365000132143
310,II-VI,M_i_B,V,CdTe,0.275885,-0.25884078297266244,0.03486266937600333
311,IV-IV,M_A,Na,GeSn,-0.333073,-0.32873731401506484,0.07132673225663806
312,II-VI,M_i_neut,Tc,CdTe,-0.500592,-0.33556711617021656,0.06063524398017281
313,IV-IV,M_A,Os,SiC,-1.2141680000000001,-1.5892671098643643,0.07042488254977852
314,IV-IV,M_i_B,As,SiSn,-0.350625,-0.058288016853018945,0.06789086117585356
315,III-V,M_B,Hg,BSb,-1.1319290000000002,-0.7764253551810271,0.11444012172628579
316,II-VI,M_i_neut,Pb,CdTe,-0.536068,-0.3012922720962074,0.054423565952472996
317,III-V,M_i_A,La,AlSb,0.282103,0.06633168871639436,0.09834776315353304
318,II-VI,M_i_A,N,CdTe,-0.745136,-0.5027599324246765,0.11982300144545328
319,II-VI,M_i_B,Sr,CdTe,-0.561947,-0.28308770566983477,0.035807507791660254
320,II-VI,M_B,Ge,CdSe,-0.553362,-0.7002922745513509,0.03606901905651445
321,II-VI,M_i_A,Ba,CdTe,-0.516524,-0.24997824296393018,0.0478480543924207
322,II-VI,M_i_neut,V,CdTe,0.167101,-0.2807839355636911,0.03907843453776152
323,IV-IV,M_B,I,SiGe,-0.306184,0.028581483462533985,0.09227206546161719
324,III-V,M_i_neut,Ru,AlAs,-0.45773100000000005,-0.625832232820244,0.039483106277454
325,II-VI,M_A,Ba,ZnS,-0.9262799999999999,-1.0198358225949835,0.12787398751509965
326,II-VI,M_i_neut,Al,CdTe,0.797241,0.19381799946617062,0.057321444103073306
327,II-VI,M_i_A,Fe,CdTe,-0.603262,-0.38082908767916845,0.03984211672141572
328,III-V,M_i_A,Cl,AlAs,-0.72546,-0.4870253035487127,0.08987491694853314
329,II-VI,M_i_B,Be,ZnTe,-0.695597,-0.836032922260495,0.06425089985721809
330,II-VI,M_B,Zn,ZnTe,-0.764949,-0.961202349539497,0.04763060815164216
331,III-V,M_B,O,AlAs,-0.980612,-0.7834078127436419,0.15754612552668
332,II-VI,M_i_A,S,CdS,-0.590583,-0.3474131221446012,0.04949225394720155
333,II-VI,M_i_A,Bi,CdTe,0.568032,-0.06691677767973983,0.057420011688388256
334,IV-IV,M_i_neut,Tl,SiSn,-0.626814,-0.5182480952674527,0.06525233711287538
335,III-V,M_i_A,Ir,GaSb,-0.50634,-0.49306727632050223,0.0667260440462172
336,II-VI,M_A,Bi,ZnS,-1.073561,-0.9678130515437922,0.1295740883360751
337,IV-IV,M_i_B,K,SiGe,-0.739625,-0.49525936996221026,0.07598708761857463
338,II-VI,M_i_neut,Be,CdTe,-0.6348600000000001,-0.711872851454596,0.06433362835999001
339,IV-IV,M_i_B,Hf,GeSn,0.0121,0.13159066747129927,0.0702814729379997
340,IV-IV,M_i_A,Zr,SiGe,-0.165908,-0.15345587234229213,0.04599566778076117
341,IV-IV,M_i_neut,As,Si,-0.851784,-0.16820111869824964,0.05280306124105253
342,III-V,M_i_A,Rh,AlP,-0.47722,-0.5815038608325358,0.04218174507639102
343,III-V,M_i_A,Tc,GaAs,-0.589576,-0.4814889751924973,0.06776629404708173
344,II-VI,M_i_B,Fe,CdTe,-0.22475,-0.3423254991176873,0.03303319956693138
345,III-V,M_B,Tl,AlAs,0.046301999999999996,0.23723333560891896,0.13208449038172868
346,II-VI,M_A,S,CdS,-0.827609,-0.558776764974037,0.054370647193306386
347,II-VI,M_B,Ga,CdTe,0.15958,-0.565833293247818,0.04331585925970218
348,IV-IV,M_i_B,V,SiC,-0.00018899999999999999,-0.41774831369297427,0.04745543482006244
349,IV-IV,M_A,O,Si,-0.9650860000000001,-1.0047022397062382,0.09727059899237327
350,IV-IV,M_i_neut,K,SiSn,-0.5808810000000001,-0.5858678054872402,0.07081095972866057
351,II-VI,M_B,Cu,CdTe,-0.797656,-0.8801094760090304,0.05139003689458084
352,II-VI,M_B,Cd,CdTe,-0.653399,-0.710634197908256,0.047160108039752714
353,II-VI,M_B,In,CdTe,0.22801,-0.371357872157314,0.04488154952657769
354,II-VI,M_i_neut,Bi,CdTe,-0.575055,-0.05056972222131434,0.07220701467820616
355,III-V,M_A,Cr,BSb,-1.6419689999999998,-1.3336548742342738,0.124437973351819
356,II-VI,M_i_A,Be,CdTe,-0.663311,-0.7097662802947909,0.05461353428615201
357,II-VI,M_i_B,Pb,CdTe,-0.54252,-0.21940882318893423,0.06512147537418064
358,IV-IV,M_i_A,Tc,SiSn,-0.5418310000000001,-0.8349888718445587,0.06818582134539927
359,II-VI,M_i_A,Co,CdTe,-0.686707,-0.5797389712795795,0.08539965088698112
360,IV-IV,M_i_B,Ge,SiGe,-0.532626,-0.5612609350515261,0.035632132247838615
361,III-V,M_i_A,W,AlSb,-0.43149799999999994,-0.5738006925692721,0.07053016486555154
362,II-VI,M_A,N,CdTe,-1.022504,-1.1566508120695802,0.07859883884671717
363,II-VI,M_i_B,Pd,ZnS,-1.022448,-0.834731132014009,0.04843610517611614
364,II-VI,M_i_neut,S,CdS,-0.677763,-0.3497015294555773,0.049421107180309114
365,II-VI,M_i_neut,Rb,CdTe,-0.5397069999999999,-0.7180765978690582,0.06186678816718155
366,II-VI,M_A,O,CdTe,-0.821305,-1.1147559579705515,0.08867248973097075
367,II-VI,M_i_B,Sn,CdTe,-0.564447,-0.13552380974978862,0.06351837428933756
368,II-VI,M_i_B,Co,CdTe,-0.683261,-0.5509154832923147,0.0878355845870827
369,II-VI,M_i_neut,Sn,CdTe,-0.608499,-0.1570001207986516,0.039779106562921815
370,II-VI,M_B,Pb,CdTe,-0.368834,-0.17971713122415905,0.047756741113709915
371,IV-IV,M_i_neut,Na,Ge,-0.626467,-0.545027117003678,0.07061939411240395
372,II-VI,M_i_A,Cl,ZnSe,-0.8860020000000001,-0.881628380494156,0.046042725730972074
373,II-VI,M_A,La,ZnO,-1.276055,-0.38276680387769807,0.09074721164848797
374,II-VI,M_i_B,P,CdTe,0.40541,-0.39861838895501644,0.03840366718350979
375,III-V,M_i_neut,Y,InSb,0.148198,0.32595522753648654,0.049515386266228784
376,II-VI,M_i_neut,Cs,CdTe,-0.5399609999999999,-0.416449488822602,0.06707077150044208
377,II-VI,M_i_neut,Ir,CdTe,-0.17461300000000002,-0.11928335690201988,0.06074443227035979
378,III-V,M_i_neut,Ba,InAs,-0.336225,-0.09673472031057125,0.07157942991209262
379,II-VI,M_i_A,Cs,CdTe,-0.5612560000000001,-0.427856007414592,0.07664235469668444
380,IV-IV,M_A,Be,SnC,-1.175298,-1.3769182297586098,0.0915178951484471
381,III-V,M_A,Rb,InP,-0.462945,-0.04613464115776296,0.09752087704768471
382,IV-IV,M_i_neut,Rb,GeSn,-0.263549,-0.7408587856191229,0.0645575852353431
383,IV-IV,M_i_B,Zr,GeSn,-0.040132,0.013554157015150309,0.04764456249563275
384,III-V,M_B,Pd,AlP,-0.9958889999999999,-0.8632731966351951,0.07014876391657322
385,II-VI,M_i_B,Si,CdTe,-0.648179,-0.693991098153923,0.060439257086940895
386,II-VI,M_i_A,P,ZnTe,-0.12340699999999999,-0.5062779038449898,0.05654425480349224
387,II-VI,M_A,W,CdTe,-0.51939,-0.37877646055077874,0.04438932186885212
388,II-VI,M_i_A,Si,CdTe,-0.637524,-0.7055262562352016,0.05733698808145765
389,II-VI,M_B,Tl,CdTe,0.45312700000000006,0.14130068848780616,0.08891464803463735
390,IV-IV,M_i_A,Mo,SiSn,-0.380424,-0.6585176839414885,0.05583130716958953
391,II-VI,M_i_neut,Hf,CdTe,0.974356,0.4991144892663133,0.04530850347024814
392,II-VI,M_i_B,Ca,CdTe,-0.563718,-0.2620067472263396,0.0543341594706448
393,II-VI,M_A,Hf,ZnTe,-0.748131,-0.45773588908552104,0.08348636985482116
394,II-VI,M_i_neut,Mg,CdTe,-0.5900989999999999,-0.651850511710924,0.04660947367012492
395,II-VI,M_i_B,I,CdTe,-0.508323,-0.5078123187942002,0.04826452339265289
396,II-VI,M_A,Re,CdTe,-0.370303,-0.36148229902808715,0.0536870148991273
397,IV-IV,M_i_neut,Ru,SiSn,-0.645311,-0.6961082510472296,0.05721182079033599
398,IV-IV,M_i_A,Sn,Ge,-0.327513,-0.3363444348264507,0.042990055164788404
399,II-VI,M_i_A,Sr,CdTe,-0.562824,-0.34715978808507997,0.040635237388298474
400,II-VI,M_i_B,O,CdTe,-0.7297520000000001,-0.6907442035037519,0.04470183769405391
401,IV-IV,M_B,Cl,GeSn,-0.29073499999999997,-0.3973914848287741,0.08525098124298477
402,II-VI,M_i_neut,In,CdTe,-0.196731,-0.13071806323208093,0.044058146211829324
403,II-VI,M_i_neut,P,CdSe,-0.590071,-0.4346599732495074,0.04650374282386233
404,II-VI,M_i_B,Be,CdTe,-0.6189520000000001,-0.7185327883798002,0.05971614707779411
405,II-VI,M_i_neut,Fe,CdTe,-0.737855,-0.3688657203489002,0.04117544106242011
406,IV-IV,M_A,Sr,GeSn,-0.18818,-0.3875489484121653,0.07712308647371607
407,II-VI,M_i_neut,F,ZnO,-1.450012,-1.6285393477747605,0.11455199790317827
408,II-VI,M_A,F,CdTe,-0.804534,-0.8391237459235578,0.07447436841211609
409,IV-IV,M_i_A,Mo,Sn,-0.535326,-0.32071309956298566,0.05261981931679313
410,IV-IV,M_A,Co,SiGe,-0.9063459999999999,-1.1388723025720398,0.08706492870459405
411,II-VI,M_i_neut,Li,CdS,-0.795733,-0.5481845854186963,0.048107154675777336
412,IV-IV,M_i_neut,Si,SiGe,-0.566704,-0.44851408276662086,0.04698559677037303
413,II-VI,M_i_A,Mn,CdTe,-0.651566,-0.8589006694645164,0.033318684230531026
414,IV-IV,M_A,Hf,SiGe,-0.845469,-0.8911968213596403,0.06713167425886725
415,II-VI,M_i_A,Hf,CdTe,0.505779,0.461242100281056,0.04653129102028255
416,III-V,M_B,Li,InAs,-0.15850999999999998,-0.39403621888665474,0.08770235074431032
417,II-VI,M_i_neut,Si,CdTe,-0.29720100000000005,-0.6855828589560331,0.055901594328333165
418,IV-IV,M_i_A,Cl,Si,-0.749659,-0.5719116671075266,0.0692503761518471
419,II-VI,M_i_A,Ni,CdTe,-0.631207,-0.606438744639691,0.04178420166774049
420,II-VI,M_i_B,Al,CdTe,0.584505,0.1838801877872424,0.06898484305153521
421,II-VI,M_i_A,Pb,CdTe,-0.552423,-0.34184250529687965,0.050384281048334006
422,IV-IV,M_A,Ca,SiGe,-0.610117,-0.5361040232424907,0.07329128023530526
423,III-V,M_i_A,Zr,InSb,-0.003783,0.2009474148048363,0.049792976262636596
424,IV-IV,M_i_A,Tc,SiGe,-0.640204,-0.8360843356361274,0.04733449430796783
425,II-VI,M_i_B,Te,CdTe,0.059516,-0.2896343525150729,0.05131450440398323
426,II-VI,M_i_A,Sn,CdTe,-0.580408,-0.17660740461676622,0.045350396840514534
427,IV-IV,M_i_neut,I,Sn,-0.27331500000000003,-0.2716851558331041,0.09636904149837375
428,II-VI,M_i_B,As,CdTe,0.38306799999999996,-0.09082884948409199,0.0616018564636475
429,IV-IV,M_i_neut,Hg,SiGe,-0.516131,-0.5811300005998529,0.08486051482197648
430,III-V,M_i_B,Pt,GaAs,-0.656626,-0.5186970055309137,0.08020755897784548
431,II-VI,M_i_B,S,CdTe,-0.41313999999999995,-0.3556651965114005,0.04530879364271276
432,II-VI,M_i_B,Cl,CdSe,-0.6803239999999999,-0.7246174457926164,0.043548556630720575
433,III-V,M_i_neut,Na,AlSb,-0.651463,-0.5851859446662279,0.10821172810385196
434,II-VI,M_i_A,Al,CdTe,-0.5127430000000001,0.16514548495962278,0.065658381925248
435,II-VI,M_i_neut,Co,CdTe,-0.647594,-0.5579541304494697,0.0809418247609851
436,II-VI,M_i_neut,Hg,ZnSe,-0.784034,-0.7219551565361727,0.07513511403912555
437,II-VI,M_i_A,Ca,CdTe,-0.590208,-0.285662611752693,0.04088559451441446
438,II-VI,M_B,Pt,CdTe,-0.809181,-0.8110716880303043,0.07044357001945487
439,II-VI,M_i_B,Mg,CdO,-0.846852,-0.8598114306111586,0.08853552490880971
440,II-VI,M_i_A,Mg,CdTe,-0.644104,-0.6530404492764955,0.04496402715113793
441,II-VI,M_i_A,Cr,CdTe,-0.609548,-0.2472291733358661,0.045388868293514774
442,II-VI,M_B,Sn,CdTe,-0.5095529999999999,-0.6708027084316619,0.0384043175470177
443,II-VI,M_A,Os,ZnTe,-0.8320649999999999,-0.8829469771035384,0.046231053314165806
444,II-VI,M_i_A,P,CdTe,0.047741000000000006,-0.4082175135777977,0.04055724905748248
445,II-VI,M_i_B,Se,CdTe,-0.102091,-0.30701441190581796,0.03277223766712837
446,II-VI,M_i_B,Rb,CdTe,-0.5827720000000001,-0.6672868408543527,0.06367633829170842
447,II-VI,M_A,Mo,ZnTe,-0.83605,-0.7651424794136734,0.07435544867089951
448,II-VI,M_i_A,Pt,CdTe,-0.61795,-0.3260592409440539,0.05956201307264844
449,II-VI,M_i_B,Ge,CdTe,-0.610977,-0.31272170693478546,0.05806330733902386
450,II-VI,M_A,Ru,CdSe,-0.787199,-0.7463821811483856,0.049277087576623406
451,III-V,M_B,Ru,GaSb,-0.822783,-1.0178989289974925,0.04768957826169077
452,II-VI,M_i_neut,Cd,CdSe,-0.6642279999999999,-0.6267561008537197,0.037346007358303276
453,II-VI,M_i_neut,I,CdTe,-0.307867,-0.5359411377744652,0.0418021288570864
454,II-VI,M_i_A,Ge,CdTe,-0.660226,-0.3291834881211391,0.04192552913090275
455,II-VI,M_B,Si,CdTe,-0.769999,-0.771308195264168,0.04783180014905365
456,II-VI,M_i_neut,Cr,CdTe,-0.603179,-0.24269504451942145,0.044982905316353294
457,II-VI,M_i_B,Se,CdSe,-0.024571,-0.35106387029307895,0.04252881542652196
458,IV-IV,M_i_neut,Ru,GeSn,-0.3845,-0.596868457399068,0.03930498222463586
459,IV-IV,M_A,Y,Ge,-0.507452,-0.17595693293608228,0.08539791260481186
460,II-VI,M_i_A,I,CdTe,-0.564376,-0.5675819490493309,0.03790555432747727
461,II-VI,M_A,Ru,ZnSe,-1.048938,-0.9001014355055383,0.06200142724426687
462,II-VI,M_i_neut,Ge,CdTe,-0.6252800000000001,-0.3218463870828182,0.04623364746020764
463,II-VI,M_B,Pd,CdTe,-0.850418,-0.8382136841277348,0.050266351845177484
464,II-VI,M_A,Os,CdTe,-0.782166,-0.6058194692394938,0.06642976594190556
465,II-VI,M_A,Mo,CdTe,-0.7106939999999999,-0.549483005851006,0.053474648228378205
466,II-VI,M_i_neut,Ga,CdTe,0.245968,-0.19726611149885326,0.0467881965536098
467,II-VI,M_i_neut,P,CdTe,-0.724735,-0.41518133845100474,0.036107433459551655
468,III-V,M_A,Ta,AlAs,-0.818447,-0.7006269142098664,0.09260988036261869
469,II-VI,M_i_B,Mg,CdTe,-0.636239,-0.632075946922368,0.044624131467409255
470,II-VI,M_B,Hg,CdTe,-0.641781,-0.49168097963808605,0.06424485491570647
471,II-VI,M_i_neut,Mn,CdTe,-0.714974,-0.8548011198378452,0.03428538669074608
472,II-VI,M_i_B,Mn,CdTe,-0.669408,-0.8286217189881953,0.040671279952487774
473,III-V,M_i_neut,Se,GaSb,-0.36639299999999997,-0.39941611884662515,0.04433279813103066
474,II-VI,M_A,Cl,CdTe,-0.7062689999999999,-0.8432487099341591,0.05609654873042696
475,II-VI,M_i_neut,K,CdTe,-0.6058899999999999,-0.4676296815778585,0.04921577368604826
476,II-VI,M_i_neut,Tl,ZnTe,-0.670194,-0.5792640066215868,0.055443803129677595
477,II-VI,M_B,Ge,CdTe,-0.660709,-0.8891093795315402,0.03466410377076136
478,II-VI,M_A,Nb,CdTe,-0.19204300000000002,-0.4235147968104374,0.060704121035559645
479,IV-IV,M_i_B,Pt,SiSn,-0.690157,-0.5414310949500051,0.06383002412600644
480,II-VI,M_i_B,Cr,CdTe,-0.45110200000000006,-0.2178337693369523,0.04307442778241936
481,II-VI,M_i_neut,Tl,CdTe,-0.513126,-0.45798188766064685,0.05900742074722059
482,II-VI,M_i_A,Te,CdTe,-0.109056,-0.3301624301248313,0.039501944127049944
483,II-VI,M_A,Ru,CdTe,-0.857583,-0.8402988114796553,0.048967288106323614
484,II-VI,M_i_A,O,ZnO,-1.322406,-1.3694700903894372,0.06357740031429446
485,IV-IV,M_A,Hf,Ge,-0.72677,-0.5828506908637321,0.05402152453475359
486,II-VI,M_i_A,As,CdTe,0.185388,-0.11649535306924672,0.050239901271097474
487,II-VI,M_B,Ag,CdTe,-0.77875,-0.6183445209105596,0.049015324760436955
488,II-VI,M_i_B,Ni,CdTe,-0.6011479999999999,-0.5918389189928709,0.04018298562896826
489,II-VI,M_i_B,Au,ZnSe,-0.8952709999999999,-0.7262146946030119,0.06629355589953385
490,II-VI,M_i_neut,O,CdO,-0.444679,-1.2097493051612127,0.05829397646634862
491,II-VI,M_i_B,Pt,CdTe,-0.591069,-0.2422075366155027,0.05274573827210526
492,II-VI,M_A,Zr,CdTe,-0.750581,-0.36724979059123597,0.07264401243288618
493,II-VI,M_i_neut,Co,CdSe,-0.704282,-0.5640322537532179,0.089918583497831
494,IV-IV,M_B,Ca,SiSn,-0.699819,-0.8327271184882374,0.08145755248577694
495,II-VI,M_i_neut,Zn,CdTe,-0.633899,-0.6672484170934666,0.0344482429242787
496,IV-IV,M_i_A,W,Si,-0.517744,-0.4861336258113006,0.059365325684812495
497,II-VI,M_A,S,CdTe,-0.7075600000000001,-0.6829558142376247,0.05594022451009513
498,IV-IV,M_i_A,Sr,SiSn,-0.457108,-0.5882444756966019,0.05551518148165153
499,III-V,M_i_neut,Sc,GaAs,0.276607,0.4573084154428332,0.1003613808316063
500,II-VI,M_i_B,In,CdTe,0.090272,-0.0959515660558919,0.04074510550770304
501,IV-IV,M_i_neut,Tl,GeSn,0.359298,-0.44921596624905186,0.05866350754081634
502,II-VI,M_i_neut,Cd,CdTe,-0.642526,-0.5826015070053371,0.03372298588318765
503,II-VI,M_i_B,Ti,ZnTe,0.16333,-0.05808411738452237,0.042528547554407034
504,II-VI,M_A,Br,CdTe,-0.67305,-0.7706801208135268,0.058040302924892
505,II-VI,M_i_B,Cd,CdSe,-0.645774,-0.5862721955267799,0.0362210005293267
506,IV-IV,M_A,Li,Si,-0.7022729999999999,-0.6761256889347663,0.08645305230426216
507,II-VI,M_A,Sn,ZnS,-1.1204,-0.8900740923103925,0.08944742479023744
508,III-V,M_B,Au,BAs,-1.297636,-1.1098773749042037,0.06822485860495789
509,III-V,M_i_A,O,InSb,-0.6584180000000001,-0.386662309204062,0.08535214209825355
510,IV-IV,M_i_neut,Fe,SiC,-1.369632,-0.6557340127996,0.05277033779164945
511,II-VI,M_B,Ge,ZnTe,-0.821415,-1.0151942762517787,0.05955177932234005
512,II-VI,M_i_neut,O,CdTe,-0.797347,-0.6940868660583632,0.04461210587953986
513,II-VI,M_i_A,Cd,CdSe,-0.6477430000000001,-0.6453153520197155,0.039216671488750264
514,II-VI,M_i_A,Au,ZnSe,-0.852733,-0.8094674787086718,0.0751448178939242
515,II-VI,M_i_neut,Te,CdTe,-0.558366,-0.3140988098364997,0.03580093254034928
516,II-VI,M_i_B,Br,CdTe,-0.611649,-0.45576295366142655,0.04269523375197738
517,II-VI,M_i_A,S,CdTe,-0.693032,-0.3740142911157863,0.03891920467196168
518,II-VI,M_i_neut,As,CdTe,-0.561008,-0.10511357653966469,0.04709818559537303
519,IV-IV,M_A,Os,GeSn,-0.605306,-0.9158008612598476,0.07192299579880534
520,IV-IV,M_i_neut,K,GeSn,-0.34037399999999995,-0.5267120893921443,0.07888397244945138
521,II-VI,M_A,I,CdTe,-0.9802,-0.8092151753267871,0.04966289817936146
522,II-VI,M_i_A,Se,CdTe,-0.513231,-0.34347259713999045,0.03505108946939995
523,II-VI,M_i_A,Se,CdSe,-0.346792,-0.37228359820365464,0.05010583261975985
524,III-V,M_i_A,Rb,GaSb,-0.48044899999999996,-0.5224347742879308,0.07251152874650571
525,II-VI,M_i_A,O,CdTe,-0.774099,-0.698464189654042,0.0450842867136208
526,IV-IV,M_B,Y,SiSn,-0.747868,-0.7060585414856563,0.1045442212527283
527,II-VI,M_i_A,Rb,CdTe,-0.6059220000000001,-0.7365735446964536,0.0609389460334719
528,II-VI,M_A,Ir,CdTe,-0.569721,-0.6314585975284122,0.0876202065891838
529,IV-IV,M_A,Rb,Sn,-0.316118,0.21609502016082338,0.10785626164559271
530,II-VI,M_A,B,CdO,-1.225014,-1.1548200947494727,0.10340163334317025
531,II-VI,M_i_neut,S,CdTe,-0.613559,-0.3693926187070771,0.04250802136658973
532,IV-IV,M_i_A,K,Ge,-0.580873,-0.44547847269391677,0.05783007570892557
533,IV-IV,M_i_B,Co,GeSn,-0.446967,-0.6306112351018083,0.08256005896507107
534,III-V,M_B,V,BP,-1.434585,-1.1394461775253772,0.10936199511920383
535,II-VI,M_B,N,CdTe,-0.944026,-0.9833837689997775,0.07131166607970099
536,III-V,M_A,Hf,AlP,-0.9735729999999999,-0.6625807925256251,0.0899277003166037
537,II-VI,M_i_neut,Se,CdSe,-0.6279060000000001,-0.3626594263479566,0.04749241813069597
538,II-VI,M_i_neut,Se,CdTe,-0.530748,-0.3281683862421896,0.035447014553688816
539,II-VI,M_A,Se,CdS,-0.7991510000000001,-0.5928703064077744,0.042583690589196574
540,II-VI,M_i_A,In,CdTe,-0.610783,-0.1540755684005371,0.040326371771365985
541,IV-IV,M_i_neut,Ag,Si,-0.747624,-0.7487436762302722,0.04824303445100015
542,II-VI,M_B,Ni,ZnSe,-1.035896,-0.9516661648703444,0.07080813171866965
543,II-VI,M_i_B,Zn,CdTe,-0.633821,-0.6622581884479408,0.03669560091234756
544,III-V,M_i_A,Cu,BAs,-1.2596049999999999,-1.2045721206619393,0.05350952551704465
545,II-VI,M_i_B,Cd,CdTe,-0.596073,-0.5311275697995489,0.03241564867675654
546,IV-IV,M_i_A,P,GeSn,-0.294693,-0.3388114755978206,0.0627839458986666
547,IV-IV,M_A,Ga,GeC,-1.456408,-1.376677507753988,0.1461872118303941
548,III-V,M_i_neut,Ti,GaP,0.21376900000000001,-0.025173934583030366,0.04910667521007052
549,IV-IV,M_i_B,In,SiSn,-0.534084,-0.2961558513889405,0.06413961592617007
550,III-V,M_i_B,Pt,InSb,-0.45328900000000005,-0.34920483411655134,0.06368989525824556
551,II-VI,M_i_neut,Ni,CdTe,-0.672513,-0.6009166884224174,0.04310204362858988
552,II-VI,M_A,Se,CdTe,-0.721934,-0.6295585369183232,0.039413519827095574
553,III-V,M_A,Cd,BSb,-0.5673520000000001,-0.8124523661561899,0.08821525023067496
554,II-VI,M_i_B,Ga,CdTe,0.009437000000000001,-0.19279718194347054,0.05224748020895116
555,II-VI,M_i_B,K,CdTe,-0.626351,-0.4499399713455777,0.042727392008593545
556,IV-IV,M_B,Li,SiSn,-0.874217,-0.6737924735420313,0.12549041071083292
557,II-VI,M_i_B,Cl,CdTe,-0.654626,-0.5358048019544184,0.034746856387446894
558,III-V,M_i_A,Pb,InAs,-0.332306,-0.2985375872443588,0.05867997659882935
559,II-VI,M_B,Au,CdTe,-0.7761100000000001,-0.6966049086376838,0.06851236401362606
560,II-VI,M_i_B,Tl,CdTe,-0.542371,-0.36783874346434825,0.041200511297349786
561,II-VI,M_i_A,Cu,CdTe,-0.738958,-0.6340384553419763,0.04371950610088762
562,III-V,M_A,Hf,GaAs,-0.832153,-0.42514797480590955,0.060650087107459276
563,II-VI,M_i_A,Zn,CdTe,-0.655457,-0.6851161514957388,0.03839344807484955
564,IV-IV,M_i_neut,Sc,SiSn,-0.077059,0.29495256854859525,0.09680307662018957
565,II-VI,M_i_neut,Pt,CdTe,-0.577491,-0.30283505641071234,0.060308024098298364
566,III-V,M_B,Cu,GaP,-0.8254370000000001,-0.7384726880134911,0.058953539524149154
567,II-VI,M_A,La,CdTe,-0.709002,-0.4764032095691503,0.06331322459006918
568,IV-IV,M_i_A,Be,SiGe,-0.59439,-0.9880754700756395,0.060362051561609495
569,IV-IV,M_i_A,Mg,SiGe,-0.553037,-0.8559171303087192,0.04064947921003756
570,II-VI,M_i_A,Cd,CdTe,-0.623599,-0.598302555295787,0.034419387196255466
571,II-VI,M_B,Bi,CdTe,-0.679199,-0.17537493649082042,0.06890826260675986
572,II-VI,M_A,Pt,ZnSe,-0.907343,-1.158327467476229,0.09363615599461071
573,II-VI,M_i_A,Ga,CdTe,-0.698313,-0.22064477817843003,0.04323795364409409
574,II-VI,M_i_neut,Pt,ZnTe,-0.74552,-0.42742285703677857,0.06948576067543318
575,II-VI,M_A,B,CdTe,-0.948893,-1.225268780332683,0.0715777629757003
576,II-VI,M_i_A,Br,CdTe,-0.662561,-0.4907158222745416,0.04812725651775808
577,II-VI,M_i_neut,Br,CdTe,-0.6210479999999999,-0.47524335034560855,0.04592283963700399
578,IV-IV,M_i_B,Cr,SiC,-0.480799,-0.41798146660115004,0.06136074446692177
579,II-VI,M_i_A,Ni,CdO,-0.843116,-0.6966024242271429,0.05604416807542062
580,III-V,M_i_neut,Se,InSb,-0.367514,-0.21634510125743853,0.05560191903405974
581,IV-IV,M_i_A,Be,Si,-0.626434,-0.9999894323481957,0.06212913781396321
582,II-VI,M_i_neut,Cl,CdTe,-0.654257,-0.5370521761645215,0.038558691651389324
583,II-VI,M_A,Rh,CdTe,-0.708125,-0.9327049272648281,0.03855944626326534
584,IV-IV,M_i_B,Al,SiSn,-0.559754,-0.007150239502304386,0.058126944355940326
585,III-V,M_B,Se,BP,-1.436297,-0.6863797365175177,0.07189748136270219
586,III-V,M_i_neut,F,AlSb,0.981406,-0.09131369289064344,0.06795451044451951
587,IV-IV,M_i_neut,Rh,Sn,-0.571364,-0.43522519377529345,0.050568864831842086
588,IV-IV,M_B,Y,GeSn,-0.519092,-0.6580871979008085,0.09345185844558114
589,III-V,M_i_neut,Zn,GaAs,-0.600911,-0.7381953466364648,0.03931832422188009
590,II-VI,M_i_A,K,CdSe,-0.636563,-0.4240537036585158,0.04729963020296779
591,IV-IV,M_i_A,Si,Sn,-0.34765300000000005,-0.5871175446288527,0.11110909841132967
592,II-VI,M_A,B,ZnSe,-1.192503,-1.460050432062793,0.0744632539068284
593,IV-IV,M_i_neut,Bi,Sn,-0.44559,0.04912120236822162,0.07484562718052344
594,III-V,M_B,Zn,InAs,-0.120678,-0.5279304026866359,0.04997101187505382
595,II-VI,M_i_neut,Hg,CdTe,-0.592819,-0.5324876843942647,0.07890827243320316
596,IV-IV,M_i_neut,Sn,Sn,-0.373109,-0.11989565925786887,0.039645285406296416
597,IV-IV,M_i_A,Co,Sn,-0.528615,-0.47366483499867906,0.09933762525360477
598,III-V,M_B,F,InP,-0.5761069999999999,-0.6058908516250099,0.14194316096649137
599,II-VI,M_A,Se,CdSe,-0.759981,-0.6394832896266723,0.04548309277712871
600,II-VI,M_A,Cs,CdTe,-0.42688999999999994,-0.6417752445694413,0.08471640930727894
601,II-VI,M_A,Tc,CdTe,-0.540808,-0.6718722147950015,0.06380638250417797
602,III-V,M_i_A,Li,InN,-0.805227,-0.7217109571614408,0.08979039464343931
603,IV-IV,M_i_neut,Pt,Ge,-0.611368,-0.5609507209244338,0.08376846330273892
604,II-VI,M_i_B,Pd,ZnSe,-0.8410850000000001,-0.8587848247559549,0.04586815490188401
605,II-VI,M_A,Rb,CdO,-0.8726879999999999,-0.6323161981945307,0.09675536498996248
606,III-V,M_A,Se,GaSb,-0.5171439999999999,-0.5020648089901874,0.06241271967526634
607,IV-IV,M_A,Tl,Si,-0.594359,-0.9166043892732734,0.11844375232556643
608,II-VI,M_i_B,Fe,ZnSe,-0.332019,-0.4379979140157369,0.04295254733592011
609,II-VI,M_i_B,Cu,CdTe,-0.7350979999999999,-0.6119184712624018,0.05126782822843043
610,II-VI,M_A,Ta,CdTe,-0.09101000000000001,-0.11369013874671381,0.04755541327594001
611,II-VI,M_i_B,Ag,ZnTe,-0.7484970000000001,-0.690177745931684,0.040265408429925126
612,II-VI,M_A,As,ZnSe,-1.005634,-0.91813939609669,0.053053372884330055
613,III-V,M_B,S,AlSb,-0.809946,-0.6835429024728968,0.07823235324429258
614,II-VI,M_A,Te,CdTe,-0.657679,-0.6815227052300914,0.03216887273255089
615,II-VI,M_i_A,K,CdTe,-0.638992,-0.4774469050003939,0.05102529740703093
616,II-VI,M_i_A,Tl,CdTe,-0.6341720000000001,-0.49778547026255227,0.05796449803885468
617,II-VI,M_A,P,CdTe,-0.782345,-0.695466704288401,0.05952048695947084
618,II-VI,M_A,Pt,CdTe,-0.695045,-0.9856582950470969,0.06994222170292574
619,III-V,M_i_neut,Be,InN,-0.8573370000000001,-0.8466470666007446,0.07082081211411421
620,II-VI,M_B,F,CdTe,-0.8216209999999999,-0.7954907051381918,0.08464108281355257
621,II-VI,M_i_neut,Cu,CdTe,-0.712018,-0.6195361359724603,0.04573468322773132
622,II-VI,M_i_A,Au,CdSe,-0.711541,-0.681604193277939,0.08500461167537084
623,III-V,M_i_B,Ag,GaAs,-0.711249,-0.7503362978181982,0.05186489101185643
624,IV-IV,M_A,S,Ge,-0.559786,-0.5883178218527148,0.06409006686494471
625,III-V,M_i_A,Tl,InAs,-0.48510699999999995,-0.3927772006515113,0.05811799967983996
626,IV-IV,M_A,Ir,GeSn,-0.5764130000000001,-0.8005201624825862,0.07481362182049198
627,II-VI,M_i_B,F,CdTe,-0.811438,-0.5764166769713331,0.08464825157831009
628,IV-IV,M_B,Rh,SiSn,-0.920529,-0.7309430033231157,0.07772524300090847
629,II-VI,M_i_neut,F,CdTe,-0.8070149999999999,-0.591037164264981,0.07939863151563008
630,II-VI,M_i_neut,Na,CdTe,-0.670545,-0.5673596205136872,0.07251040337986683
631,II-VI,M_A,Y,CdTe,-0.724047,-0.5387975245142245,0.07261215705163848
632,II-VI,M_i_A,Pd,CdTe,-0.691651,-0.773188631267697,0.04389170986375101
633,II-VI,M_i_B,Pd,CdSe,-0.652844,-0.718881197313476,0.03677044846692329
634,II-VI,M_i_B,Hg,CdTe,-0.5907,-0.4252708708686484,0.06934184216758016
635,IV-IV,M_i_neut,Ge,Sn,-0.47799200000000003,-0.2582380448176916,0.0465611549741619
636,II-VI,M_i_B,Au,CdTe,-0.684262,-0.5608306564866583,0.074813884747874
637,IV-IV,M_i_neut,Zn,Ge,-0.412128,-0.6625457883290705,0.040901168273715635
638,II-VI,M_i_A,Au,CdTe,-0.7193430000000001,-0.684820142437404,0.057603317025607115
639,II-VI,M_A,Rb,CdTe,-0.525979,-0.4771202458151496,0.0821020714622857
640,IV-IV,M_B,Ag,SiGe,-0.842563,-0.5793881578119071,0.07608755992646951
641,II-VI,M_i_A,Fe,CdSe,-0.49957700000000005,-0.3491129305276427,0.03778307410973252
642,II-VI,M_i_A,Cl,CdTe,-0.747467,-0.5502429686817323,0.0377622857461563
643,IV-IV,M_i_A,Mg,Ge,-0.409493,-0.7604063027786109,0.042624162652995276
644,II-VI,M_A,Ti,CdTe,-0.788614,-0.5426532213089441,0.05502761213239876
645,II-VI,M_i_neut,Au,CdTe,-0.669901,-0.6408131626280086,0.07501037151897418
646,II-VI,M_i_B,Pd,CdTe,-0.6851970000000001,-0.7171640785853429,0.049930104104898614
647,III-V,M_A,Al,BAs,-1.126652,-0.5603202101853064,0.11202150798892788
648,III-V,M_i_A,F,GaAs,-0.9508489999999999,-0.9260667841217358,0.12388566663332512
649,IV-IV,M_i_neut,Pd,SiGe,-0.812501,-1.0097472800255305,0.06074918711162268
650,II-VI,M_i_neut,F,ZnSe,-1.06264,-1.0472568059722378,0.08946809796476617
651,II-VI,M_A,Sc,CdTe,-0.788331,-0.6436924952159628,0.0890855187588568
652,II-VI,M_B,Br,ZnSe,-0.995152,-0.9892129079320933,0.07927487484321855
653,II-VI,M_i_A,Ag,CdTe,-0.7179989999999999,-0.6116678899287287,0.04198842673439871
654,II-VI,M_A,Ni,CdTe,-0.8667889999999999,-1.0183298571294679,0.06144498031045326
655,II-VI,M_i_neut,Ag,CdTe,-0.680988,-0.5897498457931831,0.04237492787889956
656,IV-IV,M_i_A,F,GeSn,-0.646107,-0.399129984459634,0.09843729242975217
657,II-VI,M_i_A,Hg,CdTe,-0.621087,-0.5789122550609076,0.06331233909254078
658,II-VI,M_A,V,CdTe,-0.7179479999999999,-0.6163481271958313,0.04594792435237194
659,III-V,M_i_neut,Li,GaP,-0.920458,-0.5745916639540862,0.0797538301070518
660,II-VI,M_A,Pd,CdTe,-0.806013,-1.1853208224050333,0.06940862622701424
661,IV-IV,M_i_neut,Sc,GeSn,-0.149827,0.3585132286077607,0.09198464480486641
662,II-VI,M_A,In,CdS,-0.8386969999999999,-0.5751426151659162,0.06406535152583669
663,II-VI,M_A,Bi,CdTe,-0.714609,-0.815149719076631,0.054666838027656074
664,II-VI,M_i_B,Ag,CdTe,-0.698997,-0.5517813410828181,0.04116525209852584
665,II-VI,M_i_neut,Pd,CdTe,-0.680736,-0.7630339618974511,0.04128570635859425
666,II-VI,M_A,As,CdTe,-0.786516,-0.7101280612518097,0.04858953137402938
667,II-VI,M_A,K,CdTe,-0.575114,-0.61877631770944,0.07269562885079932
668,II-VI,M_i_B,Na,CdTe,-0.71675,-0.5510076024946203,0.06688655434975416
669,II-VI,M_i_neut,Li,CdTe,-0.674121,-0.5776265909515798,0.06789603804887538
670,III-V,M_B,S,GaSb,-0.660155,-0.8886801933008333,0.07128561938624237
671,II-VI,M_A,V,CdS,-0.319631,-0.30770097991153045,0.0490746365914012
672,IV-IV,M_i_A,Au,GeSn,-0.418972,-0.7249195154191833,0.06379888239429767
673,II-VI,M_i_neut,Ag,CdSe,-0.7427819999999999,-0.6071881046731905,0.04243177912949936
674,II-VI,M_B,P,CdTe,-0.8771370000000001,-0.7390449409418857,0.047208158621977865
675,III-V,M_A,Pd,InSb,-0.697127,-0.7135010416245928,0.09815810991917308
676,II-VI,M_i_A,F,CdSe,-0.8646799999999999,-0.8990033951259135,0.08217017608634505
677,II-VI,M_i_A,Li,CdTe,-0.723716,-0.5758210791340368,0.06446996877319693
678,II-VI,M_i_A,Na,CdTe,-0.690135,-0.5725475030734579,0.07600620209182449
679,II-VI,M_A,Fe,CdTe,-0.8345100000000001,-0.8533251890164848,0.047875375093674656
680,IV-IV,M_A,Sc,SiGe,-0.749536,-0.6204862923819991,0.07118261312236696
681,II-VI,M_B,Cl,CdTe,-0.761442,-0.9295477038923277,0.05315668898973134
682,II-VI,M_B,As,CdTe,-0.8474719999999999,-0.7263285601948283,0.05090676147476893
683,II-VI,M_A,Al,ZnSe,-1.05519,-0.9008985598434677,0.046970680574916726
684,III-V,M_A,Ca,InAs,-0.644072,-0.2941577329479392,0.08745772009562222
685,III-V,M_A,Be,BP,-1.2631430000000001,-1.3940338409763606,0.11571396188321512
686,II-VI,M_A,Cr,CdTe,-0.81706,-0.751036308303333,0.04853661693021512
687,II-VI,M_A,Co,CdTe,-0.9019940000000001,-1.0302925377375212,0.0686433548454517
688,II-VI,M_B,O,CdTe,-0.888426,-0.8677757803871315,0.08177083193516978
689,II-VI,M_B,Br,CdTe,-0.740095,-0.8427014549038141,0.07079398660416406
690,II-VI,M_i_B,Li,CdTe,-0.738332,-0.5693963824953467,0.06415932927356356
691,II-VI,M_B,I,CdS,-0.6753239999999999,-0.45983753925310217,0.10212622718252291
692,IV-IV,M_B,Pt,SiGe,-0.90746,-1.171377033108549,0.09516927632273
693,IV-IV,M_A,Ag,SiSn,-0.665612,-0.9155787952233485,0.06271543460616251
694,II-VI,M_A,Hg,ZnO,-1.375745,-1.159066668789292,0.09044548152909397
695,IV-IV,M_A,Se,Ge,-0.52587,-0.5207385863854581,0.06921759933538818
696,II-VI,M_B,Br,CdS,-0.7457630000000001,-0.87665669096686,0.06850544216300129
697,II-VI,M_A,Ba,CdTe,-0.560497,-0.7217193372957389,0.08238750773397158
698,II-VI,M_B,I,CdTe,-0.729333,-0.48516639763377406,0.06956862504543675
699,IV-IV,M_A,B,SiSn,-0.999705,-1.317490843150145,0.09165747481155792
700,II-VI,M_A,Si,CdTe,-0.80811,-0.785103418439576,0.04731330528310674
701,IV-IV,M_i_B,Ga,GeSn,-0.39447,-0.27491431837115765,0.0507649170441741
702,IV-IV,M_i_A,Ca,Sn,-0.319931,-0.21503432186586066,0.05198041280506349
703,III-V,M_A,Cd,AlP,-0.864949,-0.9388898609303455,0.07112682988758909
704,II-VI,M_i_A,F,CdTe,-0.8242659999999999,-0.5869144749475401,0.07972414922496962
705,IV-IV,M_B,Hg,SiSn,-0.883317,-0.6980408984900934,0.08278049794237077
706,IV-IV,M_B,Ti,SiGe,-0.9267139999999999,-0.8851947834572622,0.0692645095492951
707,IV-IV,M_A,Be,Sn,-0.8375040000000001,-0.7030832387724371,0.10256282741972235
708,IV-IV,M_A,Mn,SiSn,-1.233989,-1.2256945401354014,0.067503168137199
709,III-V,M_A,Bi,InP,-0.5570149999999999,-0.7571176931417458,0.07444217548000236
710,III-V,M_A,Sn,GaP,-0.879655,-0.8636032349323713,0.08186936196473146
711,IV-IV,M_A,Ti,Si,-0.8691409999999999,-0.957051018737879,0.06750803048302541
712,II-VI,M_i_neut,Mn,ZnTe,-0.666745,-0.9595937539814742,0.05561697734146768
713,II-VI,M_A,Sr,CdTe,-0.614703,-0.838257249765668,0.061913061611130325
714,II-VI,M_A,Al,CdTe,-0.835772,-0.7982629684621454,0.05103701246186769
715,II-VI,M_A,Ga,ZnTe,-0.854568,-1.1267752235000708,0.08084914588423141
716,IV-IV,M_i_neut,Mn,Si,-0.6628649999999999,-1.005731850030741,0.0370412460901241
717,II-VI,M_A,Na,CdTe,-0.730111,-0.6003432795247786,0.05224976630029642
718,II-VI,M_A,Sn,CdTe,-0.677025,-0.7997895125552852,0.03971934094573886
719,II-VI,M_A,Ga,CdTe,-0.805002,-0.8951223564448416,0.05997581584441763
720,IV-IV,M_A,Cr,SnC,-1.014677,-0.8522116834520983,0.08686153743185589
721,III-V,M_A,Ag,InSb,-0.709834,-0.6008458129974776,0.08615817168215947
722,IV-IV,M_i_A,Zn,SiSn,-0.578148,-0.6938309612227371,0.058290241753725484
723,II-VI,M_A,In,CdTe,-0.7785880000000001,-0.834920031918311,0.04836254878932427
724,III-V,M_i_A,Cr,AlP,0.085252,-0.3307663275666728,0.0589254398804931
725,II-VI,M_A,Cu,CdTe,-0.917215,-1.0617635271931332,0.057714347519734
726,IV-IV,M_A,Ge,SiC,-1.49653,-1.2740969164217384,0.06604973623501825
727,III-V,M_i_B,Cu,InP,-0.60901,-0.5381160560194356,0.055011682736981364
728,II-VI,M_A,Au,CdTe,-0.85298,-1.04940464270793,0.06666512428049555
729,II-VI,M_A,Pb,CdTe,-0.7189770000000001,-0.901320540012702,0.03788306649702621
730,IV-IV,M_A,Bi,SiSn,-0.704965,-0.6756398869405569,0.0543491797726893
731,IV-IV,M_A,In,SiGe,-0.793445,-0.7554290658236621,0.05377436132931817
732,II-VI,M_A,Tl,CdTe,-0.74317,-0.84317032291021,0.08625298184905475
733,III-V,M_i_B,Cu,AlSb,-0.7060649999999999,-0.6155545533875715,0.03498170696531345
734,II-VI,M_A,Ca,CdTe,-0.692704,-0.8032351281899011,0.06131671022350182
735,III-V,M_A,Si,GaAs,-0.8675370000000001,-0.8905876725381934,0.06122222120663162
736,IV-IV,M_B,B,GeC,-1.29942,-0.8640509477241085,0.09297599096466828
737,II-VI,M_A,Ge,CdTe,-0.732471,-0.9214608155438899,0.039126538118273796
738,IV-IV,M_A,Au,Ge,-0.808649,-0.861198077034284,0.07548292149936205
739,II-VI,M_A,Hf,CdTe,-0.753536,-0.17842643729679827,0.05426496952337305
740,II-VI,M_i_neut,Ni,CdSe,-0.533733,-0.5802393302452271,0.03828374561381028
741,II-VI,M_A,Pb,CdSe,-0.7171890000000001,-0.8799587506444322,0.049029134132077566
742,IV-IV,M_i_B,Ti,GeSn,-0.205553,-0.21920958691083808,0.030803163773390187
743,II-VI,M_A,Li,CdTe,-0.825407,-0.6885752246767487,0.09831757013372824
744,IV-IV,M_i_neut,Cu,Si,-0.79243,-0.7932195651135544,0.04734416767394583
745,II-VI,M_A,Ag,CdTe,-0.844742,-0.8683125645893183,0.05255624001081182
746,II-VI,M_A,Fe,ZnO,-0.44000900000000004,-0.7914212704430441,0.08608274449193094
747,II-VI,M_A,Tl,CdSe,-0.76543,-0.8272422498571368,0.07147761268941134
748,IV-IV,M_A,Sb,SiSn,-0.7366659999999999,-0.7720626023934335,0.06844812661851116
749,IV-IV,M_i_A,Ni,SiSn,-0.721381,-0.7609240110764097,0.06903125409266911
750,II-VI,M_B,S,CdTe,-0.8334719999999999,-0.6556482587384856,0.0545010380097804
751,II-VI,M_A,Be,CdTe,-0.89538,-0.7679941629739602,0.09589880221597338
752,II-VI,M_A,Mn,CdTe,-0.827155,-0.8417322099685848,0.05698660644814164
753,III-V,M_A,Ni,GaP,-1.019036,-1.4803459505717371,0.12721506600978863
754,II-VI,M_B,Se,CdTe,-0.791899,-0.7114496376876747,0.040177709786808145
755,II-VI,M_A,Zn,CdTe,-0.827259,-0.8898998225250387,0.0634169661290258
756,III-V,M_i_neut,Ni,InAs,-0.550642,-0.6126279800579898,0.055697598542404476
757,IV-IV,M_i_A,Cu,GeSn,-0.471155,-0.6737725053146262,0.042377761865163
758,IV-IV,M_A,Sb,Sn,-0.5584100000000001,-0.6818478651921791,0.12913362842526108
759,II-VI,M_A,Hg,CdTe,-0.770613,-0.91892951689945,0.07106501527189034
760,III-V,M_A,Al,InAs,-0.7340899999999999,-0.5411746684092953,0.07087439517923591
761,II-VI,M_A,Mg,CdTe,-0.789373,-0.8458028848506001,0.0768034247153786
762,IV-IV,M_B,Ge,GeSn,-0.561462,-0.8489699382824967,0.06528364248868636
763,III-V,M_B,As,InSb,-0.649744,-0.6727505808467389,0.040511718841183826
764,II-VI,M_B,Se,CdS,-0.796312,-0.533604964194885,0.07323692631302138
765,III-V,M_B,Ge,BSb,-1.299236,-1.3519147762829187,0.10296531164187087
766,IV-IV,M_i_neut,Ni,SiGe,-0.835211,-0.8179741112716536,0.05688127152302934
767,IV-IV,M_A,Cu,GeSn,-0.6461640000000001,-0.7084010856966219,0.08377770385212209
768,II-VI,M_i_A,Cr,ZnTe,-0.642131,-0.3738369277346742,0.04321092948884018
769,III-V,M_A,Al,GaSb,-0.6635449999999999,-0.3590002390073786,0.06412450959741249
770,II-VI,M_A,Cd,CdTe,-0.7768189999999999,-0.9114798418392311,0.04854304515110133
771,II-VI,M_B,Te,CdTe,-0.764848,-0.6508841891328393,0.04452812303849049
772,III-V,M_A,Al,AlSb,-0.778339,-0.48537565874047955,0.07420647264673229
773,IV-IV,M_A,Ge,Si,-0.9522809999999999,-1.087259799423385,0.06239728099292907
774,II-VI,M_B,Se,ZnTe,-0.8996770000000001,-0.8090227239662312,0.04159694064037863
775,II-VI,M_A,Cu,CdSe,-0.910084,-0.9988104448956534,0.054462217578901226
776,III-V,M_A,Fe,AlSb,-0.8654200000000001,-1.0088566855661778,0.07131403815306925
777,IV-IV,M_A,Mn,Sn,-0.706832,-0.8219130507093529,0.0874486811486229
778,IV-IV,M_A,V,SiC,-1.51464,-1.1365527858408941,0.06376765117126074
779,III-V,M_A,Ti,AlAs,-0.913724,-0.9613508628471189,0.0853905386541808
780,II-VI,M_A,Cu,ZnTe,-0.934745,-1.2945559309505887,0.04560383515156791
781,IV-IV,M_i_A,N,Ge,-0.7528100000000001,-0.5813157559553648,0.0808232285684349
782,IV-IV,M_B,V,GeSn,-0.617262,-0.7197845762268298,0.05885506205912432
783,III-V,M_B,N,BAs,-1.5431620000000001,-1.244722071551945,0.08320501573036077
784,IV-IV,M_A,Cr,GeC,-1.363233,-1.159394962671751,0.08755034010687865
785,IV-IV,M_A,Cr,Sn,0.24034499999999998,-0.39244954603172444,0.07659688345611847
786,IV-IV,M_B,N,GeSn,-0.649993,-0.9746338267562166,0.09130325177792564
787,IV-IV,M_i_A,N,Sn,-0.633733,-0.3127536729967259,0.10940503563669285
788,II-VI,M_i_neut,Hf,ZnO,0.58,0.5897580432557128,0.07211248973156811
789,II-VI,M_i_neut,Nb,ZnO,0.49,0.17272182462514474,0.06524936811747009
790,II-VI,M_B,Sr,ZnS,1.09,0.2880394711284648,0.081207397966949
791,II-VI,M_B,Sc,CdO,0.42,0.3519764841624755,0.21493417180600227
792,II-VI,M_i_A,Zn,ZnO,-1.23,-1.008994814895867,0.041854927588504974
793,II-VI,M_i_B,Zn,ZnO,-1.24,-1.0131692465159783,0.04360061737557833
794,II-VI,M_i_neut,Zn,ZnO,-1.32,-1.0029524948848698,0.048686240725374516
795,II-VI,M_i_B,O,ZnO,-1.4,-1.3737898448548385,0.058387466900861974
796,II-VI,M_i_neut,O,ZnO,-1.4,-1.3484620761845072,0.04325670088015059
797,II-VI,M_A,S,ZnS,-1.15,-0.7185452686105422,0.08398185713730238
798,II-VI,M_B,Zn,ZnS,-1.13,-0.9410433619133256,0.08792828841782278
799,II-VI,M_i_B,Zn,ZnS,-1.09,-0.8479641373748326,0.04811328956986485
800,II-VI,M_i_neut,Zn,ZnS,-1.24,-0.8468728316315193,0.04475386139763826
801,II-VI,M_i_A,S,ZnS,-0.88,-0.43467026246029583,0.0786832234837417
802,II-VI,M_i_B,S,ZnS,-1.03,-0.4408998214665094,0.06916747294779653
803,II-VI,M_i_neut,S,ZnS,-1.08,-0.44622113995252893,0.07245668654141695
804,II-VI,M_A,Se,ZnSe,-0.93,-0.827541497548491,0.06432073794493622
805,II-VI,M_B,Zn,ZnSe,-0.96,-0.8779131376634111,0.0705701608072493
806,II-VI,M_i_A,Zn,ZnSe,-0.92,-0.8474838272222763,0.04009855846391299
807,II-VI,M_i_B,Zn,ZnSe,-0.88,-0.8343793990801736,0.03964195000140435
808,II-VI,M_i_neut,Zn,ZnSe,-0.88,-0.83698623682808,0.03533061633010083
809,II-VI,M_i_A,Se,ZnSe,-0.5,-0.4807919105283502,0.04291014749114995
810,II-VI,M_i_B,Se,ZnSe,-0.26,-0.4534821187138359,0.04771572004104793
811,II-VI,M_i_neut,Se,ZnSe,-0.83,-0.46610841782104784,0.051098200305280984
812,II-VI,M_A,Te,ZnTe,-0.67,-0.8845785388299227,0.05737633344557399
813,II-VI,M_i_A,Zn,ZnTe,-0.77,-0.8030153161183516,0.03950353060749365
814,II-VI,M_i_B,Zn,ZnTe,-0.68,-0.7704090821418432,0.038752864014230705
815,II-VI,M_i_neut,Zn,ZnTe,-0.66,-0.7892343978094105,0.03901761888858058
816,II-VI,M_i_A,Te,ZnTe,-0.23,-0.42173879914236656,0.041499683661089914
817,II-VI,M_i_B,Te,ZnTe,0.01,-0.3654683085066738,0.04561470732484046
818,II-VI,M_i_neut,Te,ZnTe,-0.57,-0.40967438222028474,0.04313078624176394
819,II-VI,M_B,Cd,CdO,-0.58,-0.7146944900918234,0.09751717282896401
820,II-VI,M_i_A,Cd,CdO,-0.68,-0.8003863523192706,0.04875169377278886
821,II-VI,M_i_B,Cd,CdO,-0.77,-0.7521144075843205,0.0526234496570239
822,II-VI,M_i_A,O,CdO,-0.85,-1.209943841715819,0.05526932763998047
823,II-VI,M_i_B,O,CdO,-0.95,-1.2213680489007406,0.06790662365531726
824,III-V,M_B,Sr,InN,1.29,0.3859617613299774,0.1419589308193623
825,III-V,M_B,B,BP,-1.55,-1.3944906575996012,0.0888551796821231
826,III-V,M_A,P,BP,-0.97,-0.7844575358357888,0.09413893258890171
827,III-V,M_i_A,B,BP,-1.02,-0.8479888582460049,0.07882373885134362
828,III-V,M_i_B,B,BP,-0.97,-0.8528463278171984,0.08094606107291603
829,III-V,M_i_neut,B,BP,-1.02,-0.8559680881473583,0.07772351062855559
830,III-V,M_i_A,P,BP,0.02,-0.6623605579844771,0.0764574894537155
831,III-V,M_i_B,P,BP,0.12,-0.6534686596496853,0.0692838427269193
832,III-V,M_i_neut,P,BP,-1.37,-0.6791454145646103,0.07502968940891845
833,III-V,M_B,B,BAs,-1.56,-1.5047680586289771,0.06474689439124964
834,III-V,M_A,As,BAs,-0.83,-0.7724211208573817,0.08298899400338716
835,III-V,M_i_A,B,BAs,-1.03,-0.9314482291102972,0.07239335614733047
836,III-V,M_i_B,B,BAs,-1.01,-0.9246707076752365,0.07726260844656294
837,III-V,M_i_neut,B,BAs,-0.92,-0.9228017743789547,0.07585229605184876
838,III-V,M_i_A,As,BAs,0.05,-0.4018334673493186,0.06154134098279122
839,III-V,M_i_B,As,BAs,0.08,-0.37927096824311385,0.05742707422963496
840,III-V,M_i_neut,As,BAs,-1.22,-0.41998336940713993,0.07129397999467946
841,III-V,M_B,B,BSb,-1.38,-1.3357278563422876,0.08973754694117028
842,III-V,M_A,Sb,BSb,-0.46,-0.3537822335682061,0.11082650533156738
843,III-V,M_i_A,B,BSb,-1.08,-0.9004092589153938,0.0784579837609852
844,III-V,M_i_B,B,BSb,-1.02,-0.8970001480899213,0.07994144294082874
845,III-V,M_i_neut,B,BSb,-0.83,-0.8894711749494203,0.04729642447236642
846,III-V,M_i_A,Sb,BSb,0.01,-0.3430669859876454,0.08559513530379906
847,III-V,M_i_B,Sb,BSb,0.3,-0.2653712958860006,0.06786582879087694
848,III-V,M_i_neut,Sb,BSb,-1.17,-0.3547231863614032,0.06603895588891627
849,III-V,M_B,Al,AlP,-0.21,-0.28345441397355736,0.07197162531776029
850,III-V,M_A,P,AlP,-0.94,-0.7411603301040856,0.07091176331887919
851,III-V,M_i_A,Al,AlP,0.05,0.2671195653960736,0.060797770371597906
852,III-V,M_i_B,Al,AlP,0.6,0.2784728235562314,0.06003681178449511
853,III-V,M_i_neut,Al,AlP,0.19,0.26935423247933443,0.061253441026356964
854,III-V,M_i_A,P,AlP,0.23,-0.2123357956459576,0.05808122317253885
855,III-V,M_i_B,P,AlP,0.38,-0.2027544666135169,0.05857666420275787
856,III-V,M_i_neut,P,AlP,-0.88,-0.22389317030486514,0.059338283534558625
857,III-V,M_B,Al,AlAs,-0.41,-0.4459178110761021,0.06965911910695499
858,III-V,M_A,As,AlAs,-0.76,-0.7261843029012989,0.09108565342682366
859,III-V,M_i_A,Al,AlAs,-0.2,0.13659412627614578,0.05793483311853599
860,III-V,M_i_B,Al,AlAs,0.32,0.14071597945981248,0.06424632209867027
861,III-V,M_i_neut,Al,AlAs,0.11,0.14820697155277612,0.06785497157412866
862,III-V,M_i_A,As,AlAs,0.2,0.047193558659001475,0.05860891592150933
863,III-V,M_i_B,As,AlAs,0.29,0.06832609070029286,0.05383148932814056
864,III-V,M_i_neut,As,AlAs,-0.81,0.04302917778017225,0.05107248049922739
865,III-V,M_B,Al,AlSb,-0.77,-0.6782576219022254,0.05855828041307464
866,III-V,M_A,Sb,AlSb,-0.56,-0.42986418033897655,0.066737109827901
867,III-V,M_i_A,Al,AlSb,-0.59,0.0788760475318651,0.05305249780175965
868,III-V,M_i_B,Al,AlSb,-0.33,0.09750200526438198,0.05043109737899563
869,III-V,M_i_neut,Al,AlSb,-0.19,0.09512011845348564,0.05909328065946857
870,III-V,M_i_A,Sb,AlSb,0.14,0.13019118434499183,0.03685598735929522
871,III-V,M_i_B,Sb,AlSb,0.24,0.1795924591299241,0.045549879179736186
872,III-V,M_i_A,Ga,GaN,0.83,-0.09894171065375944,0.06044016744698127
873,III-V,M_i_B,Ga,GaN,1.0,-0.10092729652926007,0.05527054181515055
874,III-V,M_i_neut,Ga,GaN,-0.91,-0.11940815312346564,0.06476341800668801
875,III-V,M_B,Ga,GaP,-0.58,-0.4656088260833215,0.059247693275728174
876,III-V,M_A,P,GaP,-0.85,-0.7576077514367305,0.08077595025057835
877,III-V,M_i_A,Ga,GaP,-0.7,-0.1089406206629038,0.05340403994248051
878,III-V,M_i_B,Ga,GaP,-0.21,-0.10318584004822969,0.04965117345520754
879,III-V,M_i_neut,Ga,GaP,-0.19,-0.10573201403958196,0.05108450255389038
880,III-V,M_i_A,P,GaP,0.09,-0.3464078469985168,0.06544770396203975
881,III-V,M_i_B,P,GaP,0.18,-0.3343301584268351,0.05429593415221133
882,III-V,M_i_neut,P,GaP,-0.69,-0.34250938943192666,0.0673976092766324
883,III-V,M_B,Ga,GaAs,-0.78,-0.6750090080695136,0.06051348207106834
884,III-V,M_A,As,GaAs,-0.7,-0.5543937012262031,0.09795133793389726
885,III-V,M_i_A,Ga,GaAs,-0.66,-0.2551696608896234,0.055727915105239625
886,III-V,M_i_B,Ga,GaAs,-0.42,-0.2454810065214549,0.06009089055036071
887,III-V,M_i_neut,Ga,GaAs,-0.36,-0.23134862031002643,0.05127810679038251
888,III-V,M_i_A,As,GaAs,-0.05,-0.15810863430555594,0.04693214509940881
889,III-V,M_i_B,As,GaAs,0.08,-0.12249132782367296,0.03745619175636582
890,III-V,M_i_neut,As,GaAs,-0.64,-0.15206726113160568,0.03988956466717618
891,III-V,M_B,Ga,GaSb,-0.71,-0.8310855520230686,0.05764670308628457
892,III-V,M_A,Sb,GaSb,-0.39,-0.30854441775839286,0.06443896622926118
893,III-V,M_i_A,Ga,GaSb,-0.59,-0.3080450140353822,0.049139214085139896
894,III-V,M_i_B,Ga,GaSb,-0.55,-0.28325270085300064,0.040983013972985934
895,III-V,M_i_neut,Ga,GaSb,-0.39,-0.2953778190526721,0.05201102510200333
896,III-V,M_i_A,Sb,GaSb,-0.04,-0.04149045727377011,0.042898719056570604
897,III-V,M_i_B,Sb,GaSb,0.1,0.015344394774342443,0.03747374311993929
898,III-V,M_i_neut,Sb,GaSb,-0.38,-0.017619627011122418,0.042455475983297894
899,III-V,M_i_A,In,InN,0.3,0.10658133510167515,0.04581915350197974
900,III-V,M_i_B,In,InN,0.15,0.15084094043561688,0.0564659593045032
901,III-V,M_i_A,N,InN,-0.87,-0.6919243595758829,0.11455492683902979
902,III-V,M_i_B,N,InN,-0.25,-0.6569280265368915,0.08118032637154299
903,III-V,M_i_neut,N,InN,-0.68,-0.6810891924667064,0.10878482901397149
904,III-V,M_B,In,InP,-0.1,-0.16214132476548954,0.060386813305818535
905,III-V,M_A,P,InP,-0.71,-0.7303556044407861,0.07972238856157798
906,III-V,M_i_A,In,InP,-0.17,0.1008580711066596,0.04999143941515766
907,III-V,M_i_B,In,InP,0.19,0.13753093754735696,0.048804536611579505
908,III-V,M_i_neut,In,InP,0.15,0.11650275172913375,0.050159834853473945
909,III-V,M_i_A,P,InP,0.15,-0.2009180137138772,0.06504394190567576
910,III-V,M_i_B,P,InP,0.31,-0.1920434655333107,0.05426369528716858
911,III-V,M_i_neut,P,InP,-0.38,-0.19673167881927073,0.05815432157837635
912,III-V,M_B,In,InAs,-0.26,-0.3439958102881141,0.06379230887210517
913,III-V,M_A,As,InAs,-0.59,-0.7922202405615411,0.07111652809114338
914,III-V,M_i_A,In,InAs,-0.38,-0.018073086133339144,0.045988066482790316
915,III-V,M_i_B,In,InAs,-0.12,0.029130249940468422,0.05377821975464199
916,III-V,M_i_neut,In,InAs,-0.04,-0.0027995627617399903,0.042818248629798786
917,III-V,M_i_A,As,InAs,0.04,0.02430538094104126,0.04910661250667316
918,III-V,M_i_B,As,InAs,0.12,0.04858620899600711,0.045731766713562855
919,III-V,M_i_neut,As,InAs,-0.47,0.02983061106271246,0.047580910805799
920,III-V,M_B,In,InSb,-0.61,-0.5258132599891266,0.06401508768946015
921,III-V,M_A,Sb,InSb,-0.47,-0.46335336521757925,0.08200743062181355
922,III-V,M_i_A,In,InSb,-0.5,-0.07059706409077586,0.03670735942546175
923,III-V,M_i_B,In,InSb,-0.37,-0.016616682629389083,0.04589430471567533
924,III-V,M_i_neut,In,InSb,-0.24,-0.049401525803647026,0.03719583130939002
925,III-V,M_i_A,Sb,InSb,0.02,0.1393143222711882,0.044146605225086656
926,III-V,M_i_B,Sb,InSb,0.1,0.1853988349381043,0.0443086544422816
927,III-V,M_i_neut,Sb,InSb,-0.37,0.15680687694140247,0.04428121248327501
928,IV-IV,M_i_A,In,SiC,0.71,-0.23000057687625466,0.0600832681931571
929,IV-IV,M_i_neut,Br,SiC,-0.07,-0.6022699778582661,0.08338507278319067
930,IV-IV,M_A,Ba,GeC,-1.02,-0.7722696407739276,0.1094859361499025
931,IV-IV,M_i_A,Sn,GeC,0.26,-0.16614843413511968,0.06842081553305544
932,IV-IV,M_i_A,S,GeC,-0.16,-0.03795303233120837,0.06058930245020072
933,IV-IV,M_i_A,Se,GeC,0.35,-0.15747614461283557,0.05931683872832715
934,IV-IV,M_i_neut,Pb,GeC,-0.53,-0.48316108400556973,0.07413367625065405
935,IV-IV,M_i_A,Se,SnC,0.52,-0.07682018106503405,0.05831723418910375
936,IV-IV,M_i_A,Si,Si,-0.61,-0.3468654516545134,0.04565081009281327
937,IV-IV,M_i_neut,Si,Si,-0.64,-0.34011791783346423,0.05755857054272251
938,IV-IV,M_i_A,Ge,Ge,-0.39,-0.49156037359303173,0.037052244408016494
939,IV-IV,M_i_neut,Ge,Ge,-0.48,-0.4802344290379434,0.0424221346641049
940,IV-IV,M_i_A,Sn,Sn,-0.28,-0.13718750689653003,0.038605761800083474
941,IV-IV,M_A,C,SiC,-1.62,-1.6682419752961342,0.09177408975416612
942,IV-IV,M_B,Si,SiC,-0.71,-0.44840140594390004,0.08372281031301655
943,IV-IV,M_i_A,C,SiC,-1.17,-0.8046578168851747,0.06571550055525396
944,IV-IV,M_i_B,C,SiC,-0.11,-0.7950612263939416,0.05239084690889853
945,IV-IV,M_i_neut,C,SiC,-0.58,-0.8004837317405811,0.06833792289113032
946,IV-IV,M_i_A,Si,SiC,0.38,0.4076386121553206,0.06283825846647577
947,IV-IV,M_i_B,Si,SiC,0.71,0.42164288586933285,0.057437653348230484
948,IV-IV,M_i_neut,Si,SiC,0.72,0.423672395642474,0.053711717210485926
949,IV-IV,M_A,C,GeC,-1.55,-1.3733598218134184,0.07888943609146402
950,IV-IV,M_B,Ge,GeC,-0.86,-0.43185541527614024,0.0946081609755325
951,IV-IV,M_i_A,C,GeC,-1.02,-0.7332820615286553,0.0652413148481872
952,IV-IV,M_i_neut,C,GeC,-0.07,-0.7077588269730767,0.051193906013636624
953,IV-IV,M_i_A,Ge,GeC,-0.67,-0.3542178157459167,0.060174169546864456
954,IV-IV,M_i_B,Ge,GeC,0.27,-0.35322034932083485,0.06449209737626309
955,IV-IV,M_i_neut,Ge,GeC,-0.55,-0.34725406736882,0.07425242840081908
956,IV-IV,M_A,C,SnC,-1.15,-1.2649177097018702,0.07954496433741814
957,IV-IV,M_B,Sn,SnC,-0.29,-0.25700122956026855,0.12657477593564156
958,IV-IV,M_i_A,C,SnC,-0.65,-0.6398075561623793,0.0762632759781412
959,IV-IV,M_i_neut,C,SnC,-1.13,-0.6515429730181168,0.07687282481178175
960,IV-IV,M_i_B,Sn,SnC,0.45,0.022965670279353208,0.04993374740337963
961,IV-IV,M_i_neut,Sn,SnC,0.03,-0.010370182809199973,0.06676314414051027
962,IV-IV,M_A,Ge,SiGe,-0.94,-1.1030570909254578,0.05588434603554508
963,IV-IV,M_B,Si,SiGe,-0.97,-0.8608610157800527,0.06626246191423174
964,IV-IV,M_i_A,Ge,SiGe,-0.53,-0.5780531502320285,0.03996069937405669
965,IV-IV,M_i_neut,Ge,SiGe,-0.56,-0.5788451317761218,0.04000011702516828
966,IV-IV,M_i_A,Si,SiGe,-0.56,-0.4619536210932571,0.045893561773280904
967,IV-IV,M_i_B,Si,SiGe,-0.58,-0.4532338752308524,0.04187155299682674
968,IV-IV,M_A,Sn,SiSn,-0.73,-0.6984849710925559,0.06776232471360388
969,IV-IV,M_B,Si,SiSn,-0.91,-0.7558718665608447,0.06514120658534983
970,IV-IV,M_i_A,Sn,SiSn,-0.46,-0.4099711029295324,0.055564857780752167
971,IV-IV,M_i_B,Sn,SiSn,-0.41,-0.3603599863099207,0.057367521630696285
972,IV-IV,M_i_neut,Sn,SiSn,-0.42,-0.3918944691812857,0.05287910941281602
973,IV-IV,M_i_A,Si,SiSn,-0.52,-0.8159947703883599,0.08698053507244394
974,IV-IV,M_i_B,Si,SiSn,-0.49,-0.777919667626478,0.08033932114490544
975,IV-IV,M_i_neut,Si,SiSn,-0.74,-0.8121232872653295,0.08641289899654
976,IV-IV,M_A,Sn,GeSn,-0.47,-0.4090782797982312,0.08157345621944008
977,IV-IV,M_i_A,Sn,GeSn,-0.21,-0.3011030665383626,0.047205650992043297
978,IV-IV,M_i_B,Sn,GeSn,-0.15,-0.270253170546325,0.06044592939920537
979,IV-IV,M_i_neut,Sn,GeSn,-0.12,-0.2798544452078938,0.04734885201901708
980,IV-IV,M_i_A,Ge,GeSn,-0.25,-0.42907971888763663,0.03156712947821619
981,IV-IV,M_i_B,Ge,GeSn,-0.21,-0.3982858007408578,0.04227307438308012
982,IV-IV,M_i_neut,Ge,GeSn,-0.36,-0.41739629217985763,0.03748545154074957
