,Type,Site,Impurity,AB,(-1/-2)_DFT,train_mean,train_std
0,IV-IV,M_i_neut,Cl,GeC,2.707577,2.665181618564331,0.0718828800809841
1,III-V,M_i_neut,Te,BAs,2.062998,1.9586501557347487,0.03179017345699474
2,IV-IV,M_i_B,Cd,GeC,3.164628,2.8818858693005014,0.05481375522998265
3,III-V,M_i_B,Zr,BP,2.073813,2.2356716808794714,0.04925368282004502
4,III-V,M_B,Ag,GaN,3.690092,4.433707550489887,0.07687896922823569
5,III-V,M_i_neut,Bi,BSb,1.6480650000000001,1.7071540397411475,0.04421468374014531
6,II-VI,M_B,Ca,ZnS,3.61211,3.6252485268284618,0.052128249486140456
7,II-VI,M_B,V,CdO,2.1923880000000002,2.439993000749287,0.0520267210425439
8,IV-IV,M_i_neut,S,SnC,2.86475,1.778041099972706,0.03750370747390693
9,II-VI,M_i_neut,Zr,ZnS,3.5415050000000003,3.8137123718487933,0.04011867328625292
10,IV-IV,M_i_neut,Br,SnC,2.036699,2.2203025108869623,0.05107252858526165
11,II-VI,M_i_A,Ta,ZnS,3.568712,3.696151061359082,0.036492471357695844
12,IV-IV,M_i_neut,Cd,SnC,2.320754,2.29207035175875,0.04262595129300322
13,IV-IV,M_i_B,Mg,SnC,2.2532919999999996,2.3123805312885235,0.06266760735311604
14,III-V,M_i_B,Cs,InN,2.605614,2.349516573585052,0.04971195432745659
15,IV-IV,M_i_neut,Re,GeC,1.962578,2.591766000184591,0.05485293994424363
16,II-VI,M_B,Hf,CdSe,1.837506,1.9580122815579428,0.03578965982906474
17,III-V,M_i_B,Ta,BP,1.9695759999999998,2.1695600392183283,0.04980925458808076
18,II-VI,M_i_A,Ta,CdO,2.586034,2.1046824177780943,0.0397899231539885
19,IV-IV,M_B,Nb,GeC,2.704415,2.7434276235616664,0.06615765336968166
20,II-VI,M_i_A,In,ZnO,3.6924099999999997,3.5018345720470547,0.03668852058903436
21,II-VI,M_A,Re,ZnO,3.4579419999999996,3.242010794489795,0.04342519213277731
22,II-VI,M_i_A,Si,CdO,1.893907,2.030945805602305,0.0401072868452962
23,IV-IV,M_i_A,Mo,GeC,3.003737,2.5644160573026675,0.05831010823431002
24,IV-IV,M_A,Rb,SiC,2.545048,2.9717517258458206,0.05343991662390311
25,IV-IV,M_i_A,Sn,SnC,2.378676,2.276440304415356,0.039288177184759486
26,IV-IV,M_B,Sc,SiC,2.9855810000000003,3.2016364739580636,0.034819730976453175
27,III-V,M_i_A,S,BAs,1.516928,1.5089914247115015,0.053823013923462955
28,III-V,M_B,Zr,AlP,2.044565,2.120025096724514,0.04775215873134205
29,IV-IV,M_B,Nb,SnC,1.9833479999999999,2.283874335884815,0.038403176377113706
30,II-VI,M_i_A,Ta,CdS,2.773797,2.8225197043921426,0.027669329269192904
31,II-VI,M_i_A,Y,ZnS,3.7705589999999995,3.887098215166123,0.040553900737145335
32,IV-IV,M_i_B,Ir,SiC,3.186927,2.9720391151204213,0.04200825112288951
33,III-V,M_i_A,Au,BP,2.445282,2.209761883482476,0.04123808297345631
34,IV-IV,M_i_B,Ru,GeC,1.881159,2.593155102376374,0.04581341218688128
35,IV-IV,M_i_B,Ta,SnC,2.117803,2.291861823942774,0.0474827273789575
36,IV-IV,M_i_B,Si,SnC,2.158737,2.18991667030626,0.045380945770487194
37,II-VI,M_i_B,Ga,ZnO,3.698025,3.3541608486717074,0.030692062123470656
38,II-VI,M_B,Na,CdS,2.866694,2.594001214439895,0.05015740665679316
39,II-VI,M_i_A,Mo,CdS,2.579168,2.635083657270247,0.03259547289402855
40,II-VI,M_i_neut,Pb,ZnS,3.750576,3.617568692433313,0.04015178124662709
41,IV-IV,M_B,I,SiC,3.4191870000000004,3.317298743449329,0.048260407642102834
42,II-VI,M_i_neut,La,ZnSe,3.170098,3.1949532541024808,0.05594104677641557
43,II-VI,M_i_A,Tc,CdO,1.781912,1.8583434524877922,0.034264617958433136
44,II-VI,M_B,Zr,CdTe,1.413022,1.8929161471610456,0.018477282711518554
45,II-VI,M_B,La,CdTe,1.933064,1.9375860024192435,0.028212223174114075
46,II-VI,M_B,W,CdTe,0.85,1.3545302645150916,0.034457894712813554
47,IV-IV,M_i_A,Ru,SiC,3.078293,2.867887321833211,0.03191370243531
48,III-V,M_i_neut,Cl,BSb,1.390196,1.6181944384544664,0.09259987115527782
49,II-VI,M_i_B,Al,ZnS,3.743001,3.541792566330945,0.047392926818959555
50,IV-IV,M_i_B,Al,GeC,2.921092,2.7395556965899934,0.05406560405348837
51,III-V,M_i_neut,Pt,BP,2.426616,2.1958640725477543,0.04311848988135465
52,III-V,M_i_neut,Ag,BP,2.572295,2.2677041025043527,0.045924135318856564
53,III-V,M_i_A,Ba,GaP,2.300312,2.4316935629594223,0.07004678896003826
54,II-VI,M_B,Nb,CdTe,1.688604,1.7888686840493075,0.01893220618992212
55,IV-IV,M_i_A,Tc,SiC,3.131756,2.7894920378104415,0.027896116165680173
56,II-VI,M_B,Y,CdTe,1.791618,1.9505072887534634,0.01700061600036841
57,III-V,M_i_B,I,AlP,2.6862630000000003,2.616096227310175,0.04067005631119617
58,II-VI,M_B,Ca,CdSe,2.23885,2.3578232256544025,0.036036804426973865
59,III-V,M_i_A,Be,GaN,4.371647,3.9713230211631503,0.07502906732279213
60,III-V,M_B,I,InN,2.720119,2.869222532440568,0.05795679632244873
61,IV-IV,M_i_A,B,SiC,3.265102,2.845256284341117,0.0388927701466761
62,II-VI,M_B,Co,ZnS,3.185677,3.143212330048115,0.06670978363227352
63,III-V,M_i_A,W,BP,2.226279,2.0367829372572235,0.0434650966441116
64,III-V,M_B,Ba,InP,1.968646,1.5042552786200054,0.053756382276732656
65,III-V,M_B,La,GaAs,1.296742,1.4676036779373338,0.05580971544108711
66,II-VI,M_B,Si,ZnS,1.9715200000000002,3.2022389083781198,0.04160620194838352
67,II-VI,M_i_B,Sn,CdO,2.396583,2.188515607953567,0.030252935605607226
68,III-V,M_i_B,Tc,BAs,1.6639580000000003,1.6820393187571117,0.04131882200713006
69,II-VI,M_B,Os,CdSe,1.8707470000000002,1.7658095838048553,0.03686457980543328
70,II-VI,M_B,Mo,CdTe,1.425733,1.6379634877372902,0.024245011283215243
71,II-VI,M_B,Re,CdTe,1.7442990000000003,1.4824084034615548,0.035882917658231116
72,II-VI,M_i_A,Ba,ZnSe,3.293708,3.362086826249628,0.051955636784830575
73,II-VI,M_B,Ti,CdTe,1.39895,1.8782848437039354,0.020182840093728012
74,II-VI,M_B,Sc,CdTe,1.660697,1.9338122753849045,0.016880431399139927
75,II-VI,M_i_A,Cl,ZnO,2.815788,2.9611280393875967,0.054469585940370074
76,II-VI,M_B,Ta,CdTe,1.4090129999999998,1.596693324712414,0.024180508339873143
77,II-VI,M_B,Ba,CdTe,2.0860689999999997,2.0441008273591814,0.02332075147777541
78,IV-IV,M_i_neut,O,GeC,0.715697,2.1860354772818718,0.04678544004022964
79,II-VI,M_i_A,Sc,ZnS,3.794865,3.7975487389936737,0.03911633603115174
80,II-VI,M_i_neut,Ti,ZnS,3.691995,3.7112086012816854,0.04035882897106666
81,IV-IV,M_B,Sb,SiC,3.225696,3.256010485373845,0.031908696542996454
82,III-V,M_A,Hf,BAs,2.096178,2.003214919620136,0.05315915222370908
83,II-VI,M_i_neut,Cs,CdS,3.0634740000000003,3.02610248142591,0.04073464997773881
84,IV-IV,M_i_B,C,SnC,2.010536,1.868172086686218,0.0454874575603697
85,IV-IV,M_B,Te,SnC,2.454275,2.3166079027569255,0.04251274736947149
86,IV-IV,M_i_B,F,GeC,2.683869,2.4911757254478197,0.09058175554236993
87,II-VI,M_i_neut,Cs,ZnSe,3.317415,3.453405972179266,0.0629632319632151
88,IV-IV,M_A,Pb,SnC,2.179812,1.9263995387217878,0.058750569860775544
89,II-VI,M_i_B,Ir,CdS,2.265716,2.691526060769763,0.0311635605913768
90,II-VI,M_i_B,Bi,ZnSe,2.6872580000000004,2.7400626871346105,0.03956958986163574
91,II-VI,M_i_B,Mg,ZnS,4.208352,3.7186218057180596,0.04364500279007724
92,II-VI,M_B,Sr,CdTe,1.985532,2.058210112675872,0.019756683230897507
93,II-VI,M_i_neut,Na,ZnO,3.5529800000000002,3.529354170670845,0.04442895256008199
94,IV-IV,M_i_neut,Zn,SiC,3.174117,3.1124456236985067,0.031042053097965844
95,IV-IV,M_i_B,Al,SiC,3.130156,3.079435952127012,0.0377565028877738
96,II-VI,M_B,I,ZnO,3.777396,3.6203437882501293,0.0843396533379187
97,IV-IV,M_A,Rh,GeC,2.2193009999999997,2.335825254572561,0.060268724892773774
98,II-VI,M_B,Ca,CdTe,1.848559,2.084464602521669,0.0194925079349343
99,II-VI,M_i_neut,Ir,ZnS,3.4895660000000004,3.4481795597823073,0.040385715616961616
100,IV-IV,M_i_B,C,SiGe,0.756983,0.9625949830791211,0.033166661727852174
101,IV-IV,M_B,Re,SnC,2.026084,2.0284633916240424,0.04042250548459115
102,III-V,M_i_B,C,AlAs,1.698216,1.7533033508919416,0.05626292673556721
103,III-V,M_A,Te,BP,2.347328,2.589088894397605,0.0604494161464035
104,II-VI,M_i_B,C,CdTe,1.8858990000000002,1.5409432193857555,0.026603709455355975
105,III-V,M_i_neut,Pb,AlP,2.607391,2.6200678405513953,0.03830742946766328
106,IV-IV,M_B,Li,GeC,1.8387470000000001,2.6362037148449207,0.07485959429307526
107,II-VI,M_i_B,Y,CdO,2.420577,2.2714695369121,0.03052292003837305
108,II-VI,M_i_A,C,CdTe,1.616738,1.5348614483263114,0.027455356486596753
109,II-VI,M_i_A,W,CdTe,1.986989,1.8780940597914644,0.021316781444833906
110,IV-IV,M_A,As,SnC,2.046465,1.9047766586493218,0.054712525044066956
111,III-V,M_i_B,Pb,GaP,2.4351700000000003,2.3511378967057026,0.05535969552613189
112,IV-IV,M_i_neut,W,SnC,2.16598,2.027877857473198,0.04584747589815867
113,II-VI,M_i_A,C,ZnTe,1.350499,1.474728088716675,0.0664639674475945
114,II-VI,M_i_neut,W,ZnTe,2.258779,2.1364175644174175,0.0317294919586786
115,II-VI,M_i_neut,In,CdO,2.2540259999999996,2.152522028145012,0.027984183579150473
116,II-VI,M_i_B,Sb,CdTe,1.7494459999999998,2.0196492721219483,0.018490095887116795
117,II-VI,M_i_A,Re,CdTe,1.8364779999999998,1.9808759207042992,0.023171764263455644
118,II-VI,M_B,Os,CdTe,1.463419,1.4004501846786797,0.030162018806374067
119,II-VI,M_i_neut,C,CdTe,1.886039,1.5359379301900002,0.028362310555171133
120,IV-IV,M_B,Bi,GeC,2.9441919999999997,2.6763358699156425,0.049538590622845456
121,II-VI,M_i_B,Re,CdTe,1.77777,1.9963070755238057,0.028623864769587382
122,II-VI,M_B,Ru,CdTe,1.4358950000000001,1.5888716240839074,0.024817160174695405
123,II-VI,M_A,O,CdS,2.07995,1.8939168169667178,0.04060977071326532
124,II-VI,M_i_A,Al,CdS,3.0340740000000004,2.7912964806746423,0.03702529907143099
125,II-VI,M_A,Ru,CdO,2.07777,1.8586403230245996,0.040112102011497924
126,II-VI,M_i_A,Pb,CdO,2.4126279999999998,2.17315493735872,0.03734773876473803
127,II-VI,M_B,Tc,CdTe,1.7526830000000002,1.5836900532812943,0.02092068664661052
128,II-VI,M_B,V,CdTe,1.733701,1.783395467284798,0.019780473516075515
129,II-VI,M_B,Rh,CdTe,1.730015,1.5615992958665896,0.02207761622330821
130,II-VI,M_i_B,Zr,CdTe,2.196184,2.1752989813387034,0.013149931742728143
131,II-VI,M_i_B,W,CdTe,2.092259,1.8932249551115163,0.02680997109708895
132,IV-IV,M_i_neut,Sr,Si,1.44038,1.3918142782481588,0.04054503453407102
133,II-VI,M_i_A,Be,CdS,2.6483220000000003,2.6769514376744055,0.0409537770418928
134,II-VI,M_i_neut,La,CdTe,2.249895,2.261402654353934,0.031418421944615825
135,IV-IV,M_i_A,C,Si,0.904148,1.050109989756542,0.026570666225128842
136,II-VI,M_i_A,Sb,CdTe,1.8009279999999999,2.011278797403626,0.01797257305543243
137,II-VI,M_i_neut,W,CdTe,2.031557,1.880192634354512,0.019443158117745645
138,II-VI,M_i_neut,Sb,CdTe,2.0124009999999997,2.0147024416491077,0.016187319221014018
139,III-V,M_i_A,Tc,InP,1.665057,1.5588664046482694,0.02572905008264276
140,IV-IV,M_B,Au,GeC,2.615014,2.5189822654677436,0.061202722371450975
141,III-V,M_i_B,Ti,BAs,1.894653,1.8232731533084212,0.04290634199409254
142,II-VI,M_i_B,La,CdSe,2.7344310000000003,2.5026042584698103,0.032324399122405006
143,III-V,M_i_B,Mg,GaN,4.5119739999999995,4.2245620668853325,0.08329127120939532
144,II-VI,M_i_neut,Zr,CdTe,2.089487,2.1676399256098113,0.012531368362625996
145,II-VI,M_B,Cd,CdS,2.3993919999999997,2.6101319681356006,0.034376041254227586
146,II-VI,M_i_A,Sn,CdS,3.025235,2.766074797874576,0.02540948573874602
147,II-VI,M_B,Hf,CdTe,1.3888479999999999,1.656505757599032,0.02258370021285838
148,II-VI,M_i_B,Rb,CdS,3.2276599999999998,3.0973253123598976,0.03915056613249613
149,II-VI,M_i_B,Os,CdTe,1.9197950000000001,1.951557589135323,0.021257878983763304
150,II-VI,M_i_neut,Y,CdTe,2.193402,2.1976956837212476,0.01594640135687224
151,II-VI,M_B,Zn,CdS,2.232239,2.6074454019464683,0.02954882725218733
152,II-VI,M_i_B,Be,ZnO,3.507357,3.150547945160687,0.04942362728429271
153,II-VI,M_i_neut,Nb,CdTe,2.097759,2.077630227818085,0.011241898544410574
154,IV-IV,M_i_A,Pb,Si,1.50406,1.465190311817808,0.026129903911129824
155,II-VI,M_B,C,CdTe,0.322891,1.332353984435543,0.031078235789030642
156,II-VI,M_i_A,Mo,CdTe,2.0893650000000004,1.907909884895379,0.019185100064195295
157,II-VI,M_B,Rh,ZnSe,2.5822599999999998,2.420861857027924,0.03984561292971769
158,II-VI,M_i_B,Nb,CdTe,2.03383,2.0842171995310914,0.013123399843950173
159,III-V,M_i_neut,Sr,AlAs,2.440962,1.9915093111386803,0.06723055220837028
160,IV-IV,M_i_A,Fe,SnC,2.23248,2.103766569733113,0.04442771774028049
161,II-VI,M_i_neut,Re,CdTe,1.9064709999999998,1.9831266655481532,0.02435242205797688
162,II-VI,M_i_B,La,CdTe,2.4052029999999998,2.283472517978374,0.03125734282621312
163,II-VI,M_B,C,ZnSe,0.6326390000000001,1.9238758781281309,0.04332317909866783
164,II-VI,M_i_A,Os,CdTe,1.908196,1.9366233175477596,0.018751765953995355
165,IV-IV,M_i_neut,Ta,SiGe,2.0,1.1484534244913884,0.029043263514835355
166,II-VI,M_i_B,Ag,ZnO,3.5569129999999998,3.320904820362901,0.037879458097317534
167,II-VI,M_i_B,Sr,CdO,2.383832,2.3427370423605,0.028999596077484095
168,III-V,M_i_B,Hf,InP,1.915879,1.787134953551195,0.04326109908842884
169,II-VI,M_i_B,Ta,CdTe,1.994363,2.118082749724521,0.01593678666658233
170,II-VI,M_B,Cr,CdTe,1.590006,1.813972761414523,0.01835652122388206
171,IV-IV,M_B,Pd,SiC,3.1794700000000002,2.980125028619803,0.03425579476749067
172,III-V,M_i_B,B,AlP,2.525787,2.3114311068908253,0.04284486539526139
173,II-VI,M_i_A,Nb,CdTe,2.204728,2.07544389883355,0.011439740868070014
174,III-V,M_i_B,Ta,InAs,1.450297,1.308242315212566,0.03646396430600058
175,III-V,M_i_B,W,InAs,1.340062,1.2104177090631008,0.028087628220987145
176,III-V,M_i_A,Te,AlAs,1.738936,2.088274837712541,0.03802548718931015
177,II-VI,M_i_B,Ti,CdS,3.065039,2.878774767126226,0.029081781563511575
178,II-VI,M_i_A,Zr,ZnTe,2.288992,2.4637116290338246,0.03565131153649907
179,II-VI,M_i_A,Zr,CdTe,2.1457040000000003,2.1660387462111954,0.012330328296681084
180,III-V,M_i_neut,Mo,AlP,2.095523,2.307244895417545,0.025476452430118143
181,III-V,M_B,Mg,GaP,1.6075700000000002,2.0333643272616104,0.05875952999184902
182,II-VI,M_A,Sb,ZnO,3.4947239999999997,3.3151676103483227,0.04429511959432084
183,II-VI,M_B,Rb,CdTe,2.287602,2.1156518347160422,0.026338156797803776
184,II-VI,M_A,Ir,CdO,1.9678259999999999,1.8561684366360793,0.03978907231648589
185,II-VI,M_i_B,Rh,CdS,2.3031349999999997,2.6247077723568077,0.03504742763667117
186,II-VI,M_i_neut,Ta,CdTe,2.092156,2.1090822998549017,0.020370857380987335
187,IV-IV,M_A,Bi,SiC,3.207871,3.1214389424335396,0.049033121767598095
188,II-VI,M_i_neut,Sc,CdTe,2.163615,2.1522436968206904,0.018025360843329105
189,II-VI,M_B,Fe,CdTe,1.657574,1.7552273401485803,0.021792148453734634
190,II-VI,M_i_B,As,ZnSe,2.281319,2.4499649986298784,0.03414567768347515
191,II-VI,M_B,Co,CdTe,1.587807,1.6593212247526594,0.02080925825917264
192,II-VI,M_i_neut,Ga,CdS,2.991164,2.7114562604658814,0.024250051677439908
193,II-VI,M_i_neut,Mo,CdTe,2.0051509999999997,1.9092652661720133,0.018550551186025624
194,II-VI,M_i_neut,Co,CdO,2.139425,1.9207709701452433,0.025540799416190155
195,II-VI,M_B,K,CdTe,2.213833,2.0764676770813724,0.019694511612371835
196,II-VI,M_i_B,Y,CdTe,2.4414830000000003,2.2077952243909658,0.01746347338894707
197,II-VI,M_i_A,Te,ZnSe,2.06412,2.516117520716631,0.033684027325893026
198,II-VI,M_B,B,CdTe,0.660665,1.503135213450577,0.028839258155649118
199,II-VI,M_B,Be,CdTe,1.123679,1.7048745692554985,0.03510932642217017
200,III-V,M_i_neut,W,GaSb,0.820047,0.8742251685794731,0.059480120341513364
201,II-VI,M_i_A,Zn,ZnS,3.809917,3.564463283054903,0.040311685561528254
202,II-VI,M_A,Zr,CdS,2.7500709999999997,2.8766965758803305,0.030233769988850065
203,II-VI,M_B,Li,ZnTe,1.739409,2.062900689644964,0.07117507987634615
204,II-VI,M_i_neut,Ba,CdTe,2.326003,2.3511472340978705,0.021388098693963013
205,II-VI,M_i_neut,As,CdS,2.487714,2.590132941229299,0.028454170067553967
206,III-V,M_B,Hf,InSb,0.7883939999999999,0.5363517551737451,0.0611546858495709
207,II-VI,M_i_B,Mo,CdTe,2.157433,1.9186529740133664,0.019852795350724612
208,II-VI,M_i_A,Ta,CdTe,2.2714090000000002,2.1069571680592203,0.018178978560833933
209,III-V,M_i_A,Cl,GaP,2.1246709999999998,1.9403523057214636,0.05697907126685004
210,IV-IV,M_i_neut,La,Ge,0.8784120000000001,0.9511719436518178,0.041496134357241796
211,II-VI,M_B,Mg,CdTe,1.5605069999999999,1.9631165873314942,0.031446761348243334
212,II-VI,M_B,Mn,CdTe,1.576849,1.7886736364159777,0.019047297762948116
213,II-VI,M_i_B,B,CdSe,2.524871,1.9443670554761332,0.028965326626358867
214,IV-IV,M_B,Rh,SiC,3.0842099999999997,2.9659057207532955,0.03588931562280635
215,II-VI,M_i_A,La,CdTe,2.261479,2.259660463480622,0.030963658155773253
216,II-VI,M_i_neut,Os,CdTe,1.9694630000000002,1.9400599199486819,0.019900215019487286
217,IV-IV,M_B,Rb,SiGe,0.736234,1.0863251209968865,0.03861115630234597
218,II-VI,M_B,Cs,CdTe,1.797447,1.9762162313281286,0.032211978773224514
219,III-V,M_i_B,Zr,InN,2.462416,2.399206952313953,0.04177665957846827
220,II-VI,M_B,Si,CdSe,1.068368,2.115975147457385,0.04080096849618082
221,II-VI,M_B,Ir,CdTe,1.7183549999999999,1.3856272071002258,0.033781381937244115
222,II-VI,M_i_B,Ti,CdTe,2.193137,2.105088548868191,0.012539326468332803
223,II-VI,M_i_A,B,CdTe,1.658986,1.7082362981603176,0.027737593543889404
224,III-V,M_i_neut,Ir,InP,1.7039830000000002,1.6407713628657419,0.029453605653788836
225,II-VI,M_i_B,Ru,CdTe,2.031489,1.9002951828128871,0.01776588775457366
226,II-VI,M_i_neut,I,ZnSe,2.907334,2.6080100439782745,0.038074199738242574
227,IV-IV,M_i_neut,Zr,Ge,0.870302,0.8837748944921593,0.025323677327136116
228,II-VI,M_i_A,Y,CdTe,2.26021,2.197803163703186,0.0171009423584087
229,II-VI,M_i_B,Sc,CdTe,2.335259,2.1580533585649553,0.016290429104871783
230,III-V,M_i_B,In,AlAs,2.38089,2.1335065280527594,0.042776101238837745
231,II-VI,M_i_neut,B,CdTe,2.0074110000000003,1.708385505184325,0.02817082821660347
232,III-V,M_i_B,Os,GaSb,0.613161,0.907066638762873,0.045470448948359714
233,II-VI,M_i_neut,Ti,CdTe,2.157861,2.1021398385544243,0.011936828991409876
234,II-VI,M_B,Tl,ZnSe,2.341133,2.434233640577278,0.03907471083185282
235,IV-IV,M_i_neut,Rb,SiSn,1.2,1.0742637367038808,0.0374619622835532
236,II-VI,M_i_neut,Cd,CdS,2.7628220000000003,2.850761839506884,0.027054023851377843
237,IV-IV,M_i_B,As,SiGe,1.038329,1.207319555055482,0.02248315613884872
238,II-VI,M_A,C,CdSe,1.911994,1.735949001060289,0.02987032528056531
239,III-V,M_i_B,Zn,BSb,1.7222119999999999,1.5177089997443143,0.05098868248146617
240,II-VI,M_i_neut,Sr,CdTe,2.322479,2.2723042107897866,0.02011166665237605
241,II-VI,M_i_A,Bi,CdSe,2.214091,2.2685473486604395,0.030234289152426538
242,II-VI,M_i_neut,K,CdO,2.28612,2.2686632666744084,0.032804087909424885
243,II-VI,M_i_A,Sc,CdTe,2.152307,2.1494402026587185,0.016306480550458382
244,II-VI,M_i_B,Ba,CdTe,2.532009,2.3647893451276287,0.02419708230396782
245,II-VI,M_B,Li,CdTe,1.6473080000000002,1.7736562052870135,0.05011969272638077
246,II-VI,M_i_B,Rh,CdTe,1.858803,1.8747331451629758,0.016529876120036556
247,IV-IV,M_i_B,P,SiGe,0.910092,0.9455504643623843,0.02665171274797647
248,II-VI,M_i_A,Cu,ZnO,3.5214160000000003,3.1743403760337876,0.03431657865481797
249,II-VI,M_i_neut,Se,ZnS,2.6660169999999996,3.0387692049472896,0.047412417057005274
250,II-VI,M_i_A,Rh,CdTe,1.8526759999999998,1.8636726537437718,0.013619434741003824
251,II-VI,M_i_B,Br,CdO,1.6670049999999998,1.994711310745134,0.039106337179011734
252,II-VI,M_i_B,B,CdTe,2.099068,1.7149120295772562,0.027009474523925756
253,IV-IV,M_i_B,N,GeC,2.5,2.2605123717681903,0.08839685415078935
254,II-VI,M_i_neut,Ru,CdTe,1.9779220000000002,1.896188180418953,0.015367438386704896
255,II-VI,M_i_A,Ru,CdTe,1.9908029999999999,1.8937002454568492,0.016514392009716668
256,IV-IV,M_i_A,Tl,SiGe,1.4393799999999999,1.2967516387682008,0.025389951539360297
257,II-VI,M_i_B,Te,CdS,2.091758,2.638289069537939,0.03221629038479681
258,II-VI,M_i_B,Tc,CdTe,1.9521669999999998,1.8628916718467692,0.018721544688333487
259,II-VI,M_A,C,CdTe,1.776847,1.516721584016333,0.026791371527235937
260,II-VI,M_i_A,Tc,CdTe,1.9330470000000002,1.8525742626119004,0.015915562136605298
261,III-V,M_i_B,Cd,GaP,2.374029,2.29698382589534,0.04160973247161368
262,II-VI,M_B,Na,CdTe,2.0032799999999997,1.9295903390451727,0.03203883680720456
263,II-VI,M_i_A,Li,ZnS,3.9243580000000002,3.5595835690865223,0.054316774508542005
264,III-V,M_i_B,B,AlSb,1.615912,1.5287336219649759,0.06777809690185661
265,II-VI,M_i_B,Mn,ZnS,3.720425,3.5507209712733863,0.038759809706931145
266,III-V,M_B,Os,AlSb,1.307776,1.099225677573905,0.07229445926088707
267,III-V,M_i_neut,In,InN,2.454529,2.4720297045381456,0.04674008694483579
268,III-V,M_i_A,Mn,BSb,1.355128,1.3451556965394134,0.03731016754325611
269,II-VI,M_i_A,Cd,CdS,2.7898169999999998,2.8572212893159845,0.0265322426973088
270,II-VI,M_B,Al,CdTe,1.1859879999999998,1.8123672188559703,0.027847557405727964
271,II-VI,M_i_A,Ti,CdTe,2.1382380000000003,2.1015769557844863,0.012909889686204793
272,II-VI,M_i_B,S,ZnTe,0.904,1.3966526664456715,0.040674789571811004
273,IV-IV,M_i_B,O,SiSn,0.20850900000000003,0.7038050830371126,0.053605592401459644
274,II-VI,M_i_B,Cd,CdS,2.745788,2.8915035020700075,0.032426284553558685
275,III-V,M_i_A,S,InP,0.8451049999999999,1.2759990747607244,0.03472143972825344
276,II-VI,M_i_A,Ir,CdTe,1.819777,1.931750003911779,0.015354519015331705
277,II-VI,M_B,Cd,CdSe,2.002148,2.1863200740497577,0.029833597615984052
278,II-VI,M_B,Ni,CdTe,1.600273,1.6542702175525321,0.019133971381183303
279,II-VI,M_A,Rh,CdO,1.692304,1.8230201505974413,0.03764753818556478
280,II-VI,M_i_neut,Pt,CdS,2.5384290000000003,2.673128760129973,0.028355059010158886
281,II-VI,M_i_neut,Sb,ZnTe,2.106929,2.158508197154879,0.03910419897324624
282,II-VI,M_i_A,Ca,ZnTe,2.476969,2.5786188204480025,0.04068550305893663
283,II-VI,M_i_B,Na,ZnTe,2.531431,2.395197119315045,0.04340910658111986
284,II-VI,M_i_B,Bi,CdTe,1.8749939999999998,2.091080492647081,0.02512181968939445
285,II-VI,M_i_B,S,CdS,1.563124,2.1432984405736084,0.03853782474874964
286,II-VI,M_i_B,Ir,CdTe,1.7172479999999999,1.94377603905668,0.022392297542495665
287,II-VI,M_i_neut,Rh,CdTe,1.8906150000000002,1.8659454341805286,0.011870054773269252
288,III-V,M_i_neut,Br,InP,1.748793,1.6955544145740222,0.03864026801536108
289,IV-IV,M_i_A,Os,GeSn,0.525704,0.668749172845582,0.02696223392109806
290,II-VI,M_A,P,ZnS,3.5464279999999997,2.939401114280297,0.05645931872018591
291,II-VI,M_B,Sb,CdTe,1.8309360000000001,1.6982144637733185,0.027031718080594073
292,II-VI,M_i_neut,Ca,CdSe,2.668965,2.4716708950462283,0.025890633423943422
293,IV-IV,M_i_neut,Mn,GeC,2.565387,2.6060995781590854,0.06427130389922274
294,II-VI,M_i_neut,Ca,CdTe,2.2987439999999997,2.2410097911378606,0.017027573258564313
295,II-VI,M_B,Zn,CdTe,1.420383,1.8405513330920844,0.022909755545159775
296,IV-IV,M_A,W,GeC,2.7212549999999998,2.341092763692261,0.06529050812314142
297,III-V,M_i_A,Pd,InN,1.9481130000000002,2.186032033102393,0.036089269949724466
298,II-VI,M_i_B,N,CdTe,1.9865849999999998,1.3699640851077644,0.035288298731362765
299,III-V,M_i_B,Nb,InSb,1.04582,0.9563836208905189,0.028835158688599455
300,II-VI,M_i_B,Cs,CdTe,2.379696,2.3021876337145435,0.03889819970854809
301,IV-IV,M_i_A,Ta,Ge,0.727521,0.8253254328636513,0.02657609483412951
302,II-VI,M_i_A,K,ZnSe,3.153177,3.2681877184677903,0.06071500219997644
303,II-VI,M_i_neut,Cd,CdO,2.205752,2.1618466806628214,0.02567423008663763
304,II-VI,M_A,Sb,CdTe,2.124484,1.7910900904060085,0.020307976189084673
305,II-VI,M_i_neut,N,CdTe,1.836097,1.3692572842844606,0.03540224035640655
306,II-VI,M_i_B,Hf,CdTe,2.214798,2.1580825745599626,0.019146739424991344
307,III-V,M_i_B,La,GaSb,1.201765,1.0495088926537164,0.060078306764368525
308,II-VI,M_i_A,V,CdTe,2.571429,1.9858687235059829,0.011287818430493804
309,II-VI,M_i_B,Sr,CdSe,2.773493,2.510306529562241,0.027367609635214778
310,II-VI,M_i_B,V,CdTe,2.047152,1.9887071644065386,0.013557827957112556
311,IV-IV,M_A,Na,GeSn,0.543848,0.556611595492875,0.045453123412442814
312,II-VI,M_i_neut,Tc,CdTe,2.03892,1.8550298119989783,0.015331889799577685
313,IV-IV,M_A,Os,SiC,2.774253,2.7337671967840755,0.04693989497067679
314,IV-IV,M_i_B,As,SiSn,0.9960829999999999,0.9792452403708525,0.02658852740780228
315,III-V,M_B,Hg,BSb,0.8238989999999999,0.9765590412910357,0.049739109554182426
316,II-VI,M_i_neut,Pb,CdTe,2.1179959999999998,2.1001835423572155,0.02067027064570479
317,III-V,M_i_A,La,AlSb,1.670816,1.6265860402300931,0.06008041023793466
318,II-VI,M_i_A,N,CdTe,0.9942049999999999,1.3566567216338805,0.0354422716255906
319,II-VI,M_i_B,Sr,CdTe,2.496732,2.2792943177468943,0.021837748873558032
320,II-VI,M_B,Ge,CdSe,1.179907,2.073915697913951,0.03655209084162062
321,II-VI,M_i_A,Ba,CdTe,2.32077,2.351524327484873,0.01950166673385708
322,II-VI,M_i_neut,V,CdTe,2.075056,1.9825331983770773,0.01166767667537128
323,IV-IV,M_B,I,SiGe,1.2722040000000001,1.2348398679552954,0.03599075374285143
324,III-V,M_i_neut,Ru,AlAs,1.421945,1.9281697126501705,0.04154998142955287
325,II-VI,M_A,Ba,ZnS,3.938879,4.281077011320994,0.06280864662079343
326,II-VI,M_i_neut,Al,CdTe,2.145388,2.0223335040555006,0.022596227753767205
327,II-VI,M_i_A,Fe,CdTe,1.9878349999999998,1.988826063129693,0.01324041437403191
328,III-V,M_i_A,Cl,AlAs,2.2258560000000003,2.066402346670384,0.07423794950726949
329,II-VI,M_i_B,Be,ZnTe,2.397903,1.9816846400288721,0.05198833546181921
330,II-VI,M_B,Zn,ZnTe,1.552527,2.0129544215103525,0.04893902797250388
331,III-V,M_B,O,AlAs,1.9815,1.5370861902108715,0.12790570046143557
332,II-VI,M_i_A,S,CdS,1.4735530000000001,2.1272497887857957,0.036575912263327896
333,II-VI,M_i_A,Bi,CdTe,1.9109450000000001,2.075611253697013,0.01919290155419136
334,IV-IV,M_i_neut,Tl,SiSn,1.2603600000000001,1.0827079221959572,0.027428004157219864
335,III-V,M_i_A,Ir,GaSb,0.6639149999999999,0.9228351308769751,0.045963544290375406
336,II-VI,M_A,Bi,ZnS,3.243818,3.480943614864768,0.05002344675006145
337,IV-IV,M_i_B,K,SiGe,1.349976,1.2044663594408136,0.03696962521731909
338,II-VI,M_i_neut,Be,CdTe,2.085016,1.906672226927838,0.030915215542789337
339,IV-IV,M_i_B,Hf,GeSn,0.846367,0.7480312963028528,0.025891843708952426
340,IV-IV,M_i_A,Zr,SiGe,1.093556,1.1719348629836213,0.03181239822391627
341,IV-IV,M_i_neut,As,Si,1.368455,1.2928446233191724,0.017374858249072395
342,III-V,M_i_A,Rh,AlP,2.3758220000000003,2.3194948885142024,0.029505137232243597
343,III-V,M_i_A,Tc,GaAs,1.288813,1.2813392728920916,0.03274867141350653
344,II-VI,M_i_B,Fe,CdTe,2.178436,1.9939625694937344,0.01103864364175641
345,III-V,M_B,Tl,AlAs,1.535001,1.8077186596292403,0.054290754397261026
346,II-VI,M_A,S,CdS,2.295716,1.95968516531352,0.047854780575127084
347,II-VI,M_B,Ga,CdTe,1.193709,1.7126988898801812,0.021298630453154246
348,IV-IV,M_i_B,V,SiC,2.855563,2.9225036111551903,0.027277427260619352
349,IV-IV,M_A,O,Si,1.0670680000000001,1.0650219178587332,0.06182114716413927
350,IV-IV,M_i_neut,K,SiSn,1.2,1.0228544132058108,0.03561015040939069
351,II-VI,M_B,Cu,CdTe,1.605621,1.6749401106829516,0.02331119831990978
352,II-VI,M_B,Cd,CdTe,1.580131,1.8143256014008902,0.02141032228971938
353,II-VI,M_B,In,CdTe,1.390677,1.7596684597520635,0.020039124640276754
354,II-VI,M_i_neut,Bi,CdTe,2.115048,2.0783822398641467,0.02355310043402196
355,III-V,M_A,Cr,BSb,1.8536549999999998,1.5854465633419257,0.04703651917441711
356,II-VI,M_i_A,Be,CdTe,2.009173,1.90726951342524,0.031553738301638636
357,II-VI,M_i_B,Pb,CdTe,2.260149,2.1166900888866116,0.023572108194204095
358,IV-IV,M_i_A,Tc,SiSn,0.762659,0.7470991554026394,0.027953189210057097
359,II-VI,M_i_A,Co,CdTe,2.0178409999999998,1.8950634063069258,0.014141958976820464
360,IV-IV,M_i_B,Ge,SiGe,1.208022,1.2211668491444811,0.02041989752393283
361,III-V,M_i_A,W,AlSb,1.586614,1.5896816340365647,0.07917704654791267
362,II-VI,M_A,N,CdTe,0.930174,1.1898363834072732,0.04098139739591459
363,II-VI,M_i_B,Pd,ZnS,3.748472,3.4226935036512556,0.03467242549562874
364,II-VI,M_i_neut,S,CdS,1.9171880000000001,2.1319725584919045,0.04093305839565158
365,II-VI,M_i_neut,Rb,CdTe,2.279505,2.316551866349103,0.02634192761723828
366,II-VI,M_A,O,CdTe,0.767245,1.1663959805589923,0.03726420022030915
367,II-VI,M_i_B,Sn,CdTe,2.109454,2.045351974758414,0.014976157819049443
368,II-VI,M_i_B,Co,CdTe,2.0074229999999997,1.9026927960757476,0.013171008236641338
369,II-VI,M_i_neut,Sn,CdTe,2.1362669999999997,2.033174532020793,0.015369845696941534
370,II-VI,M_B,Pb,CdTe,1.096125,1.49200126179339,0.044908353420692416
371,IV-IV,M_i_neut,Na,Ge,0.9416110000000001,0.8125577330753838,0.03615088748563798
372,II-VI,M_i_A,Cl,ZnSe,2.747538,2.2596529128673724,0.05986712759264109
373,II-VI,M_A,La,ZnO,3.601068,3.9036888634885245,0.049755243316377706
374,II-VI,M_i_B,P,CdTe,1.489551,1.5693972656138193,0.027201342236149485
375,III-V,M_i_neut,Y,InSb,1.1925379999999999,0.9833003231987945,0.044645236686491584
376,II-VI,M_i_neut,Cs,CdTe,2.326716,2.291548798405446,0.03500828889690987
377,II-VI,M_i_neut,Ir,CdTe,1.8972759999999997,1.9338284999736195,0.01755841846599811
378,III-V,M_i_neut,Ba,InAs,1.614666,1.3945006918384053,0.04104744771639507
379,II-VI,M_i_A,Cs,CdTe,2.283196,2.2917152751685324,0.03217175455042912
380,IV-IV,M_A,Be,SnC,0.42181,1.5723244123300018,0.039904332640383816
381,III-V,M_A,Rb,InP,0.9060370000000001,1.5201289921367338,0.05051658858874753
382,IV-IV,M_i_neut,Rb,GeSn,0.9,0.9896316284584102,0.03974530146976122
383,IV-IV,M_i_B,Zr,GeSn,0.842601,0.7914900796001891,0.023315622027995975
384,III-V,M_B,Pd,AlP,2.359235,1.9786244126489543,0.046225752259190504
385,II-VI,M_i_B,Si,CdTe,2.194375,1.9283705712086132,0.01893488926125196
386,II-VI,M_i_A,P,ZnTe,1.504405,1.6098108222250276,0.04155303216435316
387,II-VI,M_A,W,CdTe,1.7440669999999998,1.7127574374727856,0.025899091908326746
388,II-VI,M_i_A,Si,CdTe,1.850334,1.9224619670991068,0.021677005540665352
389,II-VI,M_B,Tl,CdTe,1.507279,1.507068125299949,0.0336893741482911
390,IV-IV,M_i_A,Mo,SiSn,0.859512,0.825825454413371,0.027175102580952522
391,II-VI,M_i_neut,Hf,CdTe,2.162297,2.1460515007699668,0.01864494094135224
392,II-VI,M_i_B,Ca,CdTe,2.472889,2.2450562842846713,0.01788852077400657
393,II-VI,M_A,Hf,ZnTe,2.4294540000000002,2.514131152797485,0.03751476878225631
394,II-VI,M_i_neut,Mg,CdTe,2.3093630000000003,2.146397524337535,0.02266510755521451
395,II-VI,M_i_B,I,CdTe,1.995175,2.0233592574899015,0.02786995765566536
396,II-VI,M_A,Re,CdTe,1.813909,1.7429786263093476,0.02489047651342219
397,IV-IV,M_i_neut,Ru,SiSn,0.564851,0.8298170262456432,0.03111800760448039
398,IV-IV,M_i_A,Sn,Ge,0.996557,0.9621961905510888,0.01912046932571543
399,II-VI,M_i_A,Sr,CdTe,2.27386,2.267030948931299,0.021134176123118156
400,II-VI,M_i_B,O,CdTe,1.516286,1.3547137862207639,0.04065354273204197
401,IV-IV,M_B,Cl,GeSn,0.6173569999999999,0.552082837440777,0.0391510559359689
402,II-VI,M_i_neut,In,CdTe,2.2007779999999997,2.0869659018953093,0.011967636097884232
403,II-VI,M_i_neut,P,CdSe,2.060892,1.7886721966251329,0.034185931339782774
404,II-VI,M_i_B,Be,CdTe,2.023548,1.9085947043604166,0.031062334033140362
405,II-VI,M_i_neut,Fe,CdTe,2.320502,1.9899762474467877,0.012438591549324376
406,IV-IV,M_A,Sr,GeSn,0.70865,0.718280651808009,0.05239936361336563
407,II-VI,M_i_neut,F,ZnO,2.5624540000000002,2.7335289080121674,0.06693380206318626
408,II-VI,M_A,F,CdTe,0.9705299999999999,1.4844364790833868,0.05848578566128371
409,IV-IV,M_i_A,Mo,Sn,0.5577810000000001,0.44217273907576155,0.03015813002133225
410,IV-IV,M_A,Co,SiGe,0.529133,0.8678768476055767,0.031438843112884106
411,II-VI,M_i_neut,Li,CdS,3.011588,2.6986164164087016,0.0500296392552358
412,IV-IV,M_i_neut,Si,SiGe,1.201956,1.2119474337569975,0.0202818167839907
413,II-VI,M_i_A,Mn,CdTe,2.1074330000000003,1.997789497704672,0.01590502089680222
414,IV-IV,M_A,Hf,SiGe,1.173378,0.9563571676450389,0.039214259768249736
415,II-VI,M_i_A,Hf,CdTe,2.147929,2.1412156053597577,0.015526813662418633
416,III-V,M_B,Li,InAs,0.8719120000000001,0.9938315659865381,0.06155809642343081
417,II-VI,M_i_neut,Si,CdTe,2.019596,1.922753180909313,0.02283591556717005
418,IV-IV,M_i_A,Cl,Si,1.121951,1.3764822991870218,0.042992799028628605
419,II-VI,M_i_A,Ni,CdTe,1.909144,1.895035620989993,0.011512051634743631
420,II-VI,M_i_B,Al,CdTe,2.234723,2.025588701241441,0.02171097345677656
421,II-VI,M_i_A,Pb,CdTe,2.18245,2.094786214448841,0.01973921571409048
422,IV-IV,M_A,Ca,SiGe,0.762152,1.0820185039433006,0.044171018385643857
423,III-V,M_i_A,Zr,InSb,1.049397,0.9483477879314295,0.04596026075333065
424,IV-IV,M_i_A,Tc,SiGe,1.038969,0.9488928452462876,0.026325638608746166
425,II-VI,M_i_B,Te,CdTe,1.3560379999999999,1.9062186942640857,0.023086217351933707
426,II-VI,M_i_A,Sn,CdTe,2.135155,2.033237724015497,0.014535571114580498
427,IV-IV,M_i_neut,I,Sn,0.564707,0.7938524944666455,0.038231516280912356
428,II-VI,M_i_B,As,CdTe,1.609082,1.8508730449862214,0.01870381760266295
429,IV-IV,M_i_neut,Hg,SiGe,1.3166790000000002,1.3595820200894777,0.03235854705412416
430,III-V,M_i_B,Pt,GaAs,1.3963510000000001,1.47119014075382,0.031981260527904856
431,II-VI,M_i_B,S,CdTe,0.9883059999999999,1.39950376846414,0.0329218472943828
432,II-VI,M_i_B,Cl,CdSe,1.906628,1.9593362554333076,0.03846648422899483
433,III-V,M_i_neut,Na,AlSb,1.810429,1.4209840261362028,0.05872058155800085
434,II-VI,M_i_A,Al,CdTe,2.1324389999999998,2.0230479504589995,0.021431977996174526
435,II-VI,M_i_neut,Co,CdTe,1.9834200000000002,1.896872910075253,0.01113868132363487
436,II-VI,M_i_neut,Hg,ZnSe,3.043416,2.831649266589914,0.03416254228841661
437,II-VI,M_i_A,Ca,CdTe,2.2385669999999998,2.2382925899371022,0.01733815806859153
438,II-VI,M_B,Pt,CdTe,1.7412560000000001,1.4167427312775953,0.03444245047391206
439,II-VI,M_i_B,Mg,CdO,2.2120919999999997,2.228701551750897,0.03357948863592509
440,II-VI,M_i_A,Mg,CdTe,2.202959,2.1429170086981313,0.022039815292066528
441,II-VI,M_i_A,Cr,CdTe,2.113597,2.042893287042836,0.013791345306870192
442,II-VI,M_B,Sn,CdTe,0.9641959999999999,1.719146837770151,0.024823547831153512
443,II-VI,M_A,Os,ZnTe,1.976286,2.214204759154421,0.04139563631349444
444,II-VI,M_i_A,P,CdTe,1.421602,1.5649615716963978,0.02563365293392696
445,II-VI,M_i_B,Se,CdTe,1.128763,1.6706905449964204,0.023997242084581104
446,II-VI,M_i_B,Rb,CdTe,2.329046,2.325080663919173,0.028802508081990072
447,II-VI,M_A,Mo,ZnTe,1.896497,2.0922517038762067,0.0371640964839775
448,II-VI,M_i_A,Pt,CdTe,1.7679189999999998,1.9678612987857875,0.018483884143643145
449,II-VI,M_i_B,Ge,CdTe,2.1971700000000003,1.9320906769444477,0.014115634452011874
450,II-VI,M_A,Ru,CdSe,1.7687950000000001,2.033536588161718,0.02969486906152795
451,III-V,M_B,Ru,GaSb,0.5620350000000001,0.6310374060144027,0.051879074791840944
452,II-VI,M_i_neut,Cd,CdSe,2.321161,2.3214771448881377,0.022168197038028154
453,II-VI,M_i_neut,I,CdTe,2.0141869999999997,2.018719716125252,0.027260389937532017
454,II-VI,M_i_A,Ge,CdTe,1.904826,1.9262641651664971,0.01268718441331521
455,II-VI,M_B,Si,CdTe,0.653243,1.7371456933539657,0.030954669520233798
456,II-VI,M_i_neut,Cr,CdTe,2.138387,2.041929396413666,0.014340480652379351
457,II-VI,M_i_B,Se,CdSe,1.426086,1.8773652769829212,0.035708094946725416
458,IV-IV,M_i_neut,Ru,GeSn,0.49447299999999994,0.6249241416982265,0.025659069263745345
459,IV-IV,M_A,Y,Ge,0.5115569999999999,0.706172496227258,0.03662226058852475
460,II-VI,M_i_A,I,CdTe,1.947957,2.0143311741872885,0.026414257332873576
461,II-VI,M_A,Ru,ZnSe,2.5848869999999997,2.7030810693746465,0.04343911484914133
462,II-VI,M_i_neut,Ge,CdTe,2.071096,1.9250135571124687,0.013940718722330249
463,II-VI,M_B,Pd,CdTe,1.723787,1.5615888270991896,0.024784309850774573
464,II-VI,M_A,Os,CdTe,1.6526319999999999,1.840654180671978,0.02511162082197268
465,II-VI,M_A,Mo,CdTe,1.8985560000000001,1.7001837138806064,0.019619725322397905
466,II-VI,M_i_neut,Ga,CdTe,2.160693,1.9636382112851372,0.01413278708594595
467,II-VI,M_i_neut,P,CdTe,1.750419,1.5683733030545652,0.02449831728195579
468,III-V,M_A,Ta,AlAs,2.240702,2.0293188687867,0.05626261759629321
469,II-VI,M_i_B,Mg,CdTe,2.230063,2.144673098930487,0.024662776047829994
470,II-VI,M_B,Hg,CdTe,1.621135,1.5703776971954544,0.036167861320452056
471,II-VI,M_i_neut,Mn,CdTe,2.0247,1.9986716614636761,0.015041418013198537
472,II-VI,M_i_B,Mn,CdTe,2.202383,2.0043505901399308,0.013191939636992637
473,III-V,M_i_neut,Se,GaSb,0.725999,0.7609050540095282,0.058981728543455327
474,II-VI,M_A,Cl,CdTe,1.4601819999999999,1.5770496496004673,0.032885330653631924
475,II-VI,M_i_neut,K,CdTe,2.243639,2.231345058982067,0.019572808379147086
476,II-VI,M_i_neut,Tl,ZnTe,2.5580580000000004,2.378580484690496,0.039957578274232394
477,II-VI,M_B,Ge,CdTe,0.749626,1.697520841755654,0.024512238324221933
478,II-VI,M_A,Nb,CdTe,2.034328,1.9627025267610871,0.010543798298168306
479,IV-IV,M_i_B,Pt,SiSn,0.819728,0.8836598651656449,0.043221256495970146
480,II-VI,M_i_B,Cr,CdTe,2.132415,2.045734740496564,0.014032540709383435
481,II-VI,M_i_neut,Tl,CdTe,2.22895,2.09441734930311,0.020899675748712362
482,II-VI,M_i_A,Te,CdTe,1.359988,1.8952783456631663,0.018442046861454092
483,II-VI,M_A,Ru,CdTe,1.634019,1.8325872047960488,0.02286841460992642
484,II-VI,M_i_A,O,ZnO,1.754702,2.431208758672713,0.06170818236564761
485,IV-IV,M_A,Hf,Ge,0.748167,0.6294892147651447,0.04143543301427397
486,II-VI,M_i_A,As,CdTe,1.570928,1.8440573829796993,0.018935461176641594
487,II-VI,M_B,Ag,CdTe,1.788877,1.6687411158976133,0.020758537073154643
488,II-VI,M_i_B,Ni,CdTe,1.998577,1.8994226646808179,0.014241005878796863
489,II-VI,M_i_B,Au,ZnSe,2.85269,2.6610825709376007,0.03300722830066473
490,II-VI,M_i_neut,O,CdO,1.5600690000000002,1.4714962389039674,0.04695905727960239
491,II-VI,M_i_B,Pt,CdTe,1.7782759999999997,1.9817805875710348,0.022312488517044503
492,II-VI,M_A,Zr,CdTe,2.11922,2.1215516302174766,0.01317305558165504
493,II-VI,M_i_neut,Co,CdSe,2.558497,2.1163078229504984,0.01673454340127645
494,IV-IV,M_B,Ca,SiSn,0.46425200000000005,0.8210864609887054,0.03807384926303212
495,II-VI,M_i_neut,Zn,CdTe,2.0816169999999996,2.062485038077508,0.01890081639305715
496,IV-IV,M_i_A,W,Si,1.215999,1.1124998971057283,0.024708370188472932
497,II-VI,M_A,S,CdTe,1.10723,1.218475324485797,0.04129519407985864
498,IV-IV,M_i_A,Sr,SiSn,1.25504,1.0842843442504475,0.03724402884608888
499,III-V,M_i_neut,Sc,GaAs,1.543762,1.4119442658806567,0.044294127283439504
500,II-VI,M_i_B,In,CdTe,2.305966,2.0953635057732902,0.017134697778773543
501,IV-IV,M_i_neut,Tl,GeSn,0.881885,0.89682609203852,0.026407785752171512
502,II-VI,M_i_neut,Cd,CdTe,2.136543,2.1154042556428494,0.01736076899738747
503,II-VI,M_i_B,Ti,ZnTe,2.315482,2.3428703578103542,0.031076649735580456
504,II-VI,M_A,Br,CdTe,1.604909,1.6366310332893867,0.03424653364346536
505,II-VI,M_i_B,Cd,CdSe,2.291182,2.343526097972572,0.02491822697303495
506,IV-IV,M_A,Li,Si,0.7044189999999999,0.903700259046189,0.059447084366323656
507,II-VI,M_A,Sn,ZnS,3.8786629999999995,3.508622302167036,0.0395379784631373
508,III-V,M_B,Au,BAs,1.656037,1.5379057716384135,0.05005523998702339
509,III-V,M_i_A,O,InSb,0.13148900000000002,0.6918332212377973,0.1434634735942712
510,IV-IV,M_i_neut,Fe,SiC,2.159709,2.942963268504016,0.022238828352977354
511,II-VI,M_B,Ge,ZnTe,0.7621859999999999,1.8442693455859118,0.03986485761046356
512,II-VI,M_i_neut,O,CdTe,0.485166,1.3448034019211454,0.04313532799775595
513,II-VI,M_i_A,Cd,CdSe,2.311489,2.326878534022419,0.024011596072505314
514,II-VI,M_i_A,Au,ZnSe,2.933948,2.6702827642290208,0.028502132372542868
515,II-VI,M_i_neut,Te,CdTe,1.700511,1.8966756850992739,0.01878502911751391
516,II-VI,M_i_B,Br,CdTe,1.92662,1.8512916514067157,0.03566323326099992
517,II-VI,M_i_A,S,CdTe,0.810571,1.3949153764714874,0.03239743427332643
518,II-VI,M_i_neut,As,CdTe,1.867361,1.8451555034569087,0.018257053077368034
519,IV-IV,M_A,Os,GeSn,0.373714,0.3847455612666183,0.03549358295127218
520,IV-IV,M_i_neut,K,GeSn,0.896216,0.918396876790925,0.03775880573182106
521,II-VI,M_A,I,CdTe,1.7764220000000002,1.7963584831874506,0.024238141292785
522,II-VI,M_i_A,Se,CdTe,1.034873,1.666189539655162,0.02343700310800432
523,II-VI,M_i_A,Se,CdSe,1.372501,1.8595374647408438,0.03079099003084117
524,III-V,M_i_A,Rb,GaSb,1.182818,1.115882462636127,0.06236454189501029
525,II-VI,M_i_A,O,CdTe,0.33471300000000004,1.3346719544040329,0.028091482257639244
526,IV-IV,M_B,Y,SiSn,0.877108,0.702443576848941,0.038695266273546636
527,II-VI,M_i_A,Rb,CdTe,2.236657,2.314312115268563,0.025039371517019102
528,II-VI,M_A,Ir,CdTe,1.469015,1.83546364261928,0.02599301607465135
529,IV-IV,M_A,Rb,Sn,0.614784,0.31009600027235307,0.04332150039366383
530,II-VI,M_A,B,CdO,1.833967,1.7620592811879703,0.037774460091073325
531,II-VI,M_i_neut,S,CdTe,1.319074,1.3978265069638867,0.03076728395914512
532,IV-IV,M_i_A,K,Ge,0.9859629999999999,0.9792244368934847,0.03232644133496265
533,IV-IV,M_i_B,Co,GeSn,0.759983,0.6121968047941181,0.022348212313956534
534,III-V,M_B,V,BP,1.778286,1.9523132658718834,0.0554071695130309
535,II-VI,M_B,N,CdTe,1.469542,1.1946714424496097,0.03570888505264234
536,III-V,M_A,Hf,AlP,2.54917,2.472633434439576,0.05697681442123351
537,II-VI,M_i_neut,Se,CdSe,1.793162,1.8634419813467331,0.03387046645865545
538,II-VI,M_i_neut,Se,CdTe,1.502311,1.668623172553144,0.022321661381426907
539,II-VI,M_A,Se,CdS,2.333304,2.1958099422700483,0.04428345561011539
540,II-VI,M_i_A,In,CdTe,2.159146,2.08426171748988,0.013566085813704344
541,IV-IV,M_i_neut,Ag,Si,1.361897,1.2595577361575239,0.027927459900083208
542,II-VI,M_B,Ni,ZnSe,2.456721,2.4769614887704696,0.042222106608567615
543,II-VI,M_i_B,Zn,CdTe,2.049778,2.070357592125659,0.01691560444179591
544,III-V,M_i_A,Cu,BAs,2.15897,1.8570330695177275,0.04207183406054051
545,II-VI,M_i_B,Cd,CdTe,2.1173919999999997,2.1244652714782752,0.017630135400806133
546,IV-IV,M_i_A,P,GeSn,0.5744279999999999,0.4708620039458603,0.03313312248700119
547,IV-IV,M_A,Ga,GeC,2.595097,2.4714458225060114,0.06301782693590713
548,III-V,M_i_neut,Ti,GaP,2.078878,2.1596467095470184,0.04844870449121728
549,IV-IV,M_i_B,In,SiSn,1.217551,1.0206863465758675,0.02188918174307914
550,III-V,M_i_B,Pt,InSb,0.921061,1.0882492486187327,0.04636065462625534
551,II-VI,M_i_neut,Ni,CdTe,1.998576,1.8936663979385961,0.012448236395586114
552,II-VI,M_A,Se,CdTe,1.874711,1.470462028925386,0.029205226170763942
553,III-V,M_A,Cd,BSb,1.446657,1.772489946900602,0.03808964392474291
554,II-VI,M_i_B,Ga,CdTe,2.25697,1.9715218151027376,0.016946737846229375
555,II-VI,M_i_B,K,CdTe,2.297516,2.23563768703726,0.021836755210470224
556,IV-IV,M_B,Li,SiSn,0.16476400000000002,0.5333475354773457,0.04576902724531761
557,II-VI,M_i_B,Cl,CdTe,1.912653,1.765344537750082,0.03370017325621704
558,III-V,M_i_A,Pb,InAs,1.544873,1.5139703223869647,0.019081739810588565
559,II-VI,M_B,Au,CdTe,1.779841,1.4117374482348908,0.03922534948039138
560,II-VI,M_i_B,Tl,CdTe,2.2934360000000003,2.10958910196137,0.02599212276422691
561,II-VI,M_i_A,Cu,CdTe,2.051042,1.9186091911650436,0.016739681123580544
562,III-V,M_A,Hf,GaAs,1.4979149999999999,1.4176790439077496,0.04318071682190348
563,II-VI,M_i_A,Zn,CdTe,2.062764,2.0631767501137013,0.019375380614120526
564,IV-IV,M_i_neut,Sc,SiSn,1.062776,0.9849343461466897,0.03484492894514989
565,II-VI,M_i_neut,Pt,CdTe,2.012648,1.9716839995035151,0.018484730072167888
566,III-V,M_B,Cu,GaP,1.473968,1.7286343873532766,0.05820852747161491
567,II-VI,M_A,La,CdTe,2.252621,2.250399075600614,0.03407978047850028
568,IV-IV,M_i_A,Be,SiGe,1.216954,1.0995341574525705,0.03882634261149747
569,IV-IV,M_i_A,Mg,SiGe,1.3257510000000001,1.2883039451404645,0.03046886654606602
570,II-VI,M_i_A,Cd,CdTe,2.10379,2.1160099342145338,0.017005162701310708
571,II-VI,M_B,Bi,CdTe,1.835043,1.500683205950369,0.032871704062615116
572,II-VI,M_A,Pt,ZnSe,1.967772,2.651894738487991,0.040043450651295893
573,II-VI,M_i_A,Ga,CdTe,2.116227,1.9634512697606978,0.015656749678219107
574,II-VI,M_i_neut,Pt,ZnTe,2.178172,2.178494335023248,0.03674836488254005
575,II-VI,M_A,B,CdTe,1.8963430000000001,1.6886907815890944,0.031141501993872
576,II-VI,M_i_A,Br,CdTe,1.900764,1.8449417336808094,0.03454481102063758
577,II-VI,M_i_neut,Br,CdTe,1.9410319999999999,1.8398778335559107,0.03424085430327616
578,IV-IV,M_i_B,Cr,SiC,2.715114,2.985002604842321,0.02599859559238743
579,II-VI,M_i_A,Ni,CdO,2.118321,1.9148746506958552,0.02904895767297506
580,III-V,M_i_neut,Se,InSb,0.47137299999999993,0.9023950143678195,0.052888679679834225
581,IV-IV,M_i_A,Be,Si,1.3113709999999998,1.1965318962990297,0.04509782913491782
582,II-VI,M_i_neut,Cl,CdTe,1.910004,1.758596410244575,0.03723351637373398
583,II-VI,M_A,Rh,CdTe,1.449898,1.8041038166321708,0.01966320923793645
584,IV-IV,M_i_B,Al,SiSn,1.156627,1.0272355353137108,0.027429686792331456
585,III-V,M_B,Se,BP,2.2104060000000003,1.9806762535305755,0.05811680630775704
586,III-V,M_i_neut,F,AlSb,3.3588769999999997,2.0179439098405116,0.10373844180942043
587,IV-IV,M_i_neut,Rh,Sn,0.326751,0.4303383537467238,0.028134050954609115
588,IV-IV,M_B,Y,GeSn,0.41841999999999996,0.613091400378728,0.044511330097744925
589,III-V,M_i_neut,Zn,GaAs,1.577183,1.4744425341902165,0.03084950336057295
590,II-VI,M_i_A,K,CdSe,2.621136,2.4638685851416255,0.02573505124714638
591,IV-IV,M_i_A,Si,Sn,0.564706,0.5758940560830231,0.029166570130452683
592,II-VI,M_A,B,ZnSe,2.802891,2.396802161692198,0.06925632839771699
593,IV-IV,M_i_neut,Bi,Sn,0.687918,0.7574141659666345,0.030268451028908936
594,III-V,M_B,Zn,InAs,0.755877,1.1984332733302452,0.03233831779134515
595,II-VI,M_i_neut,Hg,CdTe,2.127165,2.1299512478951352,0.021754346174423195
596,IV-IV,M_i_neut,Sn,Sn,0.5478069999999999,0.6778693578456074,0.028139948797784614
597,IV-IV,M_i_A,Co,Sn,0.503077,0.432471975970212,0.026743786944234838
598,III-V,M_B,F,InP,1.617291,1.3110397211807037,0.08002368443460774
599,II-VI,M_A,Se,CdSe,1.9350470000000002,1.6615243595433138,0.037802970516756185
600,II-VI,M_A,Cs,CdTe,1.998127,2.172582338664202,0.03130633974497471
601,II-VI,M_A,Tc,CdTe,1.7676020000000001,1.643171550967248,0.02077638220421993
602,III-V,M_i_A,Li,InN,2.369284,1.9369831407356402,0.05769799186743871
603,IV-IV,M_i_neut,Pt,Ge,0.8468479999999999,0.8522738220289146,0.032513314968196504
604,II-VI,M_i_B,Pd,ZnSe,2.8697939999999997,2.583621664345463,0.027989683424190278
605,II-VI,M_A,Rb,CdO,1.4829700000000001,2.252855907207962,0.030533572092620333
606,III-V,M_A,Se,GaSb,1.023635,0.8022898916776766,0.057251773497496196
607,IV-IV,M_A,Tl,Si,1.1091799999999998,1.192777960076869,0.04197562863008112
608,II-VI,M_i_B,Fe,ZnSe,2.83115,2.6863590783922993,0.0291499178582601
609,II-VI,M_i_B,Cu,CdTe,2.060731,1.918206617601046,0.01821125954766118
610,II-VI,M_A,Ta,CdTe,2.0995939999999997,2.0199384358536814,0.0220748247662773
611,II-VI,M_i_B,Ag,ZnTe,2.415926,2.171850551036825,0.029418090897388477
612,II-VI,M_A,As,ZnSe,2.958217,2.407173639268097,0.03649695339827221
613,III-V,M_B,S,AlSb,1.560057,0.9889814978856514,0.08725334548120152
614,II-VI,M_A,Te,CdTe,1.984675,1.6804746063945608,0.021642358497281463
615,II-VI,M_i_A,K,CdTe,2.205584,2.231668884499441,0.01793387690930589
616,II-VI,M_i_A,Tl,CdTe,2.166784,2.092324613493955,0.020918358481413903
617,II-VI,M_A,P,CdTe,1.9771869999999998,1.3903525390236646,0.03206937264018571
618,II-VI,M_A,Pt,CdTe,1.1527020000000001,1.8136517744284784,0.021425045802008463
619,III-V,M_i_neut,Be,InN,2.3376040000000002,2.2608994843798897,0.056234111687959186
620,II-VI,M_B,F,CdTe,1.815639,1.4899003591524635,0.06647817927996334
621,II-VI,M_i_neut,Cu,CdTe,2.1081060000000003,1.914289690969365,0.020532273952730745
622,II-VI,M_i_A,Au,CdSe,2.229717,2.1558990034231433,0.02418757568952163
623,III-V,M_i_B,Ag,GaAs,1.612594,1.4686626052342053,0.03667077278724438
624,IV-IV,M_A,S,Ge,0.777856,0.5123196568910913,0.03264879718982872
625,III-V,M_i_A,Tl,InAs,1.466,1.4606188362852557,0.024107027635572913
626,IV-IV,M_A,Ir,GeSn,0.341762,0.4028133766768212,0.034561001065568704
627,II-VI,M_i_B,F,CdTe,1.824254,1.668488953741009,0.05373507379024824
628,IV-IV,M_B,Rh,SiSn,0.43494499999999997,0.4962313705208553,0.03617192354153268
629,II-VI,M_i_neut,F,CdTe,1.808586,1.6649180740693246,0.06608865296213075
630,II-VI,M_i_neut,Na,CdTe,2.20499,2.0705851948327716,0.03532451929618089
631,II-VI,M_A,Y,CdTe,2.2054970000000003,2.1749689809648665,0.01914838983980764
632,II-VI,M_i_A,Pd,CdTe,1.969991,1.8699867519540576,0.02051242685942033
633,II-VI,M_i_B,Pd,CdSe,2.059559,2.0903439773843906,0.02969164620074077
634,II-VI,M_i_B,Hg,CdTe,2.14752,2.1435337206738723,0.025191837265989298
635,IV-IV,M_i_neut,Ge,Sn,0.5745859999999999,0.5843224152974749,0.026064861961673392
636,II-VI,M_i_B,Au,CdTe,1.936923,1.9911742498046627,0.022363666080309246
637,IV-IV,M_i_neut,Zn,Ge,0.8463790000000001,0.9033715217301793,0.021039874153136604
638,II-VI,M_i_A,Au,CdTe,2.013646,1.9735410144926147,0.01781672592263804
639,II-VI,M_A,Rb,CdTe,1.993738,2.227281795175851,0.03359039047226826
640,IV-IV,M_B,Ag,SiGe,0.697468,0.9695215056021201,0.02833598594205366
641,II-VI,M_i_A,Fe,CdSe,2.2904009999999997,2.2079453376024722,0.01975857339074981
642,II-VI,M_i_A,Cl,CdTe,1.8817110000000001,1.7633784617889439,0.03315156343522233
643,IV-IV,M_i_A,Mg,Ge,0.9304459999999999,0.9499111125625092,0.03143156068166839
644,II-VI,M_A,Ti,CdTe,1.9667709999999998,1.9413045455136326,0.013662426602135326
645,II-VI,M_i_neut,Au,CdTe,2.070493,1.975460077022042,0.018622084622335094
646,II-VI,M_i_B,Pd,CdTe,2.006526,1.8822385864941418,0.02476002764974661
647,III-V,M_A,Al,BAs,2.177192,2.152260205734502,0.05208469825460252
648,III-V,M_i_A,F,GaAs,1.114957,1.1990089615236728,0.11673211951928002
649,IV-IV,M_i_neut,Pd,SiGe,1.175725,1.076642095632615,0.02618746412381358
650,II-VI,M_i_neut,F,ZnSe,2.648551,2.0415197995976024,0.05742688634638331
651,II-VI,M_A,Sc,CdTe,2.096854,2.059410357785032,0.01805802623127281
652,II-VI,M_B,Br,ZnSe,3.043979,2.290138662113606,0.0603314609375017
653,II-VI,M_i_A,Ag,CdTe,2.1152729999999997,1.9864920023482564,0.020571381027419976
654,II-VI,M_A,Ni,CdTe,1.281424,1.850664729217187,0.01775070970423784
655,II-VI,M_i_neut,Ag,CdTe,2.168417,1.9880982778755367,0.022178877633497192
656,IV-IV,M_i_A,F,GeSn,0.345622,0.6165481391950525,0.07373075074561533
657,II-VI,M_i_A,Hg,CdTe,2.0860990000000004,2.1240287831536273,0.023599734088664694
658,II-VI,M_A,V,CdTe,1.931157,1.7959428336135688,0.015244236470026368
659,III-V,M_i_neut,Li,GaP,2.294327,1.9342664076766691,0.05782029552890777
660,II-VI,M_A,Pd,CdTe,1.0566389999999999,1.806780859449109,0.02490863812338864
661,IV-IV,M_i_neut,Sc,GeSn,1.349983,0.806711405906652,0.02705674215369725
662,II-VI,M_A,In,CdS,2.8401099999999997,2.617708464432269,0.03246767091597967
663,II-VI,M_A,Bi,CdTe,2.1495830000000002,1.8308190951526555,0.02397043582277321
664,II-VI,M_i_B,Ag,CdTe,2.116431,1.9996258984885498,0.021501298113063567
665,II-VI,M_i_neut,Pd,CdTe,2.0275790000000002,1.8763096913945212,0.016321299149511456
666,II-VI,M_A,As,CdTe,2.016887,1.6447319460015617,0.023438559470998238
667,II-VI,M_A,K,CdTe,1.9300669999999998,2.1699980215163164,0.025483505455111476
668,II-VI,M_i_B,Na,CdTe,2.177402,2.07424379235098,0.03502958608333917
669,II-VI,M_i_neut,Li,CdTe,2.178852,1.9102252061090141,0.04421935890778153
670,III-V,M_B,S,GaSb,0.906327,0.1821957356727531,0.058822966205791256
671,II-VI,M_A,V,CdS,2.485817,2.5508343690169797,0.030199859823031975
672,IV-IV,M_i_A,Au,GeSn,0.6655340000000001,0.80015096217933,0.03348445496873133
673,II-VI,M_i_neut,Ag,CdSe,2.559519,2.198517457566677,0.02596992037050008
674,II-VI,M_B,P,CdTe,1.7642229999999999,1.3842247415548914,0.02870679382565745
675,III-V,M_A,Pd,InSb,0.352052,0.5697513755147874,0.03904025418359014
676,II-VI,M_i_A,F,CdSe,1.7893430000000001,1.8497251737579616,0.06246828160679473
677,II-VI,M_i_A,Li,CdTe,2.128879,1.9122635083940083,0.048263427501937614
678,II-VI,M_i_A,Na,CdTe,2.168864,2.0678772570943282,0.035740433030743424
679,II-VI,M_A,Fe,CdTe,1.7800209999999999,1.8754398357385462,0.015319594867852912
680,IV-IV,M_A,Sc,SiGe,1.040273,0.9911221700437698,0.0440605645744851
681,II-VI,M_B,Cl,CdTe,2.063452,1.5825414768028367,0.03855138851494568
682,II-VI,M_B,As,CdTe,1.766919,1.613007060330831,0.02535701492374336
683,II-VI,M_A,Al,ZnSe,2.987904,2.7104151891288573,0.04312122718936843
684,III-V,M_A,Ca,InAs,1.136983,0.971933277536763,0.05808523229777787
685,III-V,M_A,Be,BP,1.955486,2.42529545097266,0.049226013502620694
686,II-VI,M_A,Cr,CdTe,1.858629,1.9208242310461334,0.013162281735773669
687,II-VI,M_A,Co,CdTe,1.696764,1.8530396957380753,0.017064407187469075
688,II-VI,M_B,O,CdTe,1.3968479999999999,1.1734392908080487,0.038227966842535016
689,II-VI,M_B,Br,CdTe,2.10567,1.6101948791743261,0.03350845855970039
690,II-VI,M_i_B,Li,CdTe,2.140189,1.9164919893572414,0.04812215936550788
691,II-VI,M_B,I,CdS,3.148222,2.4261609668109076,0.04377040015663075
692,IV-IV,M_B,Pt,SiGe,0.806613,0.7344433507849117,0.038243571314986714
693,IV-IV,M_A,Ag,SiSn,0.595783,0.7421341527501154,0.03638601022552934
694,II-VI,M_A,Hg,ZnO,2.843956,3.3671105774798007,0.04617689425980177
695,IV-IV,M_A,Se,Ge,0.813442,0.7695634374908918,0.031127898529611432
696,II-VI,M_B,Br,CdS,3.097139,2.355487354868346,0.05179602327587437
697,II-VI,M_A,Ba,CdTe,2.1945099999999997,2.2714615811363905,0.023896174172283173
698,II-VI,M_B,I,CdTe,2.148986,1.6792868904356097,0.03396093073109216
699,IV-IV,M_A,B,SiSn,0.703476,0.6568745837308585,0.03935361442456019
700,II-VI,M_A,Si,CdTe,2.008134,1.7413829950832849,0.02251263523084662
701,IV-IV,M_i_B,Ga,GeSn,0.866352,0.7423515070552187,0.018692227827504317
702,IV-IV,M_i_A,Ca,Sn,0.6787350000000001,0.7158308631996032,0.04119003338028631
703,III-V,M_A,Cd,AlP,2.418505,2.6546749707146127,0.035648796861647104
704,II-VI,M_i_A,F,CdTe,1.7968990000000002,1.6588855713824195,0.06589797849937452
705,IV-IV,M_B,Hg,SiSn,0.386865,0.5308877006451235,0.03528098461639001
706,IV-IV,M_B,Ti,SiGe,0.964675,1.0303261273968438,0.02581997499798868
707,IV-IV,M_A,Be,Sn,0.008017,0.0466624664728366,0.05701276221357477
708,IV-IV,M_A,Mn,SiSn,0.706022,0.8296132144519841,0.03240610775891062
709,III-V,M_A,Bi,InP,1.8933520000000001,1.6370234614537886,0.048322034820184656
710,III-V,M_A,Sn,GaP,2.2787580000000003,2.3212673878840584,0.06515515079559028
711,IV-IV,M_A,Ti,Si,1.151157,1.1043228766841096,0.03804256732939757
712,II-VI,M_i_neut,Mn,ZnTe,2.390404,2.192124002269272,0.02766533484113532
713,II-VI,M_A,Sr,CdTe,2.1402919999999996,2.1539621210695223,0.024853553702862546
714,II-VI,M_A,Al,CdTe,2.049521,1.8869939816781638,0.024027040061496065
715,II-VI,M_A,Ga,ZnTe,2.309304,2.134470468397203,0.03509085733798031
716,IV-IV,M_i_neut,Mn,Si,1.190788,1.1906195343808654,0.026827897624461684
717,II-VI,M_A,Na,CdTe,1.8823330000000003,2.0355470167992142,0.035307404367427284
718,II-VI,M_A,Sn,CdTe,2.113219,1.817773133256369,0.01862527942279479
719,II-VI,M_A,Ga,CdTe,1.957704,1.7732364772476075,0.021565252554344737
720,IV-IV,M_A,Cr,SnC,1.734077,1.6871334930392348,0.06599907192319537
721,III-V,M_A,Ag,InSb,0.26544,0.6511765123611089,0.05221812233173895
722,IV-IV,M_i_A,Zn,SiSn,1.011202,1.0702745834844716,0.028299088782212014
723,II-VI,M_A,In,CdTe,2.0590580000000003,1.8637686104045408,0.017377139437069446
724,III-V,M_i_A,Cr,AlP,2.525417,2.4166392085812047,0.0329951032744133
725,II-VI,M_A,Cu,CdTe,1.779005,1.8718977474597325,0.020709490594093
726,IV-IV,M_A,Ge,SiC,2.994338,2.911737733683122,0.03226352828307791
727,III-V,M_i_B,Cu,InP,1.8349349999999998,1.7175309966227004,0.028917834105467118
728,II-VI,M_A,Au,CdTe,1.8082639999999999,1.8188777973632217,0.023967149586715402
729,II-VI,M_A,Pb,CdTe,2.114435,1.9203430875526333,0.022742863374175224
730,IV-IV,M_A,Bi,SiSn,1.118266,0.9879100430948153,0.03343885766778427
731,IV-IV,M_A,In,SiGe,1.024201,1.0902747285195535,0.03131107724659402
732,II-VI,M_A,Tl,CdTe,2.0129189999999997,1.995363490181172,0.020511531252046
733,III-V,M_i_B,Cu,AlSb,1.6339110000000001,1.5991857345293086,0.05491202237647565
734,II-VI,M_A,Ca,CdTe,2.091395,2.1541187656603236,0.022766499936786148
735,III-V,M_A,Si,GaAs,1.470764,1.4793012679589588,0.04280223088192993
736,IV-IV,M_B,B,GeC,2.596053,2.58649087608986,0.06599855490835042
737,II-VI,M_A,Ge,CdTe,2.03915,1.7284023217009807,0.015531281783924595
738,IV-IV,M_A,Au,Ge,0.380782,0.6676837941295999,0.04283597442586388
739,II-VI,M_A,Hf,CdTe,2.012188,2.071102187343935,0.02044578172717338
740,II-VI,M_i_neut,Ni,CdSe,2.10359,2.1071618577733005,0.018290143978914587
741,II-VI,M_A,Pb,CdSe,2.1564509999999997,2.101177582864139,0.03442702684880432
742,IV-IV,M_i_B,Ti,GeSn,0.817371,0.7578774154497865,0.022113342693413585
743,II-VI,M_A,Li,CdTe,1.800729,1.9409218224815272,0.048574826624179744
744,IV-IV,M_i_neut,Cu,Si,1.274151,1.1968793226373642,0.028027859544926443
745,II-VI,M_A,Ag,CdTe,1.820284,1.9246082347085178,0.022027072122654142
746,II-VI,M_A,Fe,ZnO,2.9912970000000003,3.3060102566137415,0.045008326085829914
747,II-VI,M_A,Tl,CdSe,2.046051,2.1806544846244487,0.03525538171782887
748,IV-IV,M_A,Sb,SiSn,1.1643620000000001,0.9903945899896772,0.025864429130298006
749,IV-IV,M_i_A,Ni,SiSn,0.872876,0.8736588845380002,0.02708958100770083
750,II-VI,M_B,S,CdTe,1.8841459999999999,1.2215879341022717,0.03246241652736636
751,II-VI,M_A,Be,CdTe,1.864559,1.8879719885459374,0.029924974675817957
752,II-VI,M_A,Mn,CdTe,2.022207,1.8097530220439861,0.014586989432318809
753,III-V,M_A,Ni,GaP,1.011672,2.021822371001055,0.03727480762915737
754,II-VI,M_B,Se,CdTe,1.942882,1.4383158577813044,0.030873490225420963
755,II-VI,M_A,Zn,CdTe,1.9378119999999999,1.8649409491145743,0.01806963153229044
756,III-V,M_i_neut,Ni,InAs,1.2452290000000001,1.1906500704540242,0.024567202286362888
757,IV-IV,M_i_A,Cu,GeSn,0.729491,0.6823291992682718,0.02826743223014437
758,IV-IV,M_A,Sb,Sn,0.556446,0.300751637910427,0.041011428090726394
759,II-VI,M_A,Hg,CdTe,1.995527,1.8792208689670702,0.02110859458138176
760,III-V,M_A,Al,InAs,1.192688,1.0176918827380372,0.052539149122373265
761,II-VI,M_A,Mg,CdTe,2.097571,1.9792909428828296,0.03001403534908767
762,IV-IV,M_B,Ge,GeSn,0.676743,0.6005764685376234,0.0314692760606593
763,III-V,M_B,As,InSb,0.9266639999999999,0.6196320124163434,0.046102917882898685
764,II-VI,M_B,Se,CdS,2.500934,2.465467308616637,0.04663797322009071
765,III-V,M_B,Ge,BSb,1.18821,1.1711517540546506,0.05584624653790259
766,IV-IV,M_i_neut,Ni,SiGe,1.119256,1.0699310273284695,0.02416125613396953
767,IV-IV,M_A,Cu,GeSn,0.23003099999999999,0.45567803129724477,0.03486223777587372
768,II-VI,M_i_A,Cr,ZnTe,2.405541,2.245346867138701,0.03254206160693227
769,III-V,M_A,Al,GaSb,1.063233,0.9088006643987386,0.054450412686965835
770,II-VI,M_A,Cd,CdTe,2.012994,1.9012301345645888,0.017564504128183476
771,II-VI,M_B,Te,CdTe,2.018414,1.5734424407177148,0.027243794005527212
772,III-V,M_A,Al,AlSb,1.6806240000000001,1.7618495686569713,0.054147018489126286
773,IV-IV,M_A,Ge,Si,1.219466,1.1652997482202607,0.024991613894535802
774,II-VI,M_B,Se,ZnTe,2.285841,1.5361684881882023,0.05660277038010026
775,II-VI,M_A,Cu,CdSe,1.7581830000000003,2.0818452078231515,0.02299278826507118
776,III-V,M_A,Fe,AlSb,1.078752,1.6423705122982888,0.05750775859326871
777,IV-IV,M_A,Mn,Sn,0.10055499999999999,0.158390271709495,0.04068428718469027
778,IV-IV,M_A,V,SiC,2.694101,2.8142986336024194,0.03698766018320078
779,III-V,M_A,Ti,AlAs,2.148271,2.0429318751029237,0.047598763828258776
780,II-VI,M_A,Cu,ZnTe,2.185827,2.1555500245009886,0.03599646645402152
781,IV-IV,M_i_A,N,Ge,0.115784,0.4386223267325772,0.055302105046486465
782,IV-IV,M_B,V,GeSn,0.5,0.49916557130541384,0.04261433652643926
783,III-V,M_B,N,BAs,1.8808799999999999,1.4020651607259844,0.06574074371647749
784,IV-IV,M_A,Cr,GeC,2.412816,2.440307277938563,0.06164254298960307
785,IV-IV,M_A,Cr,Sn,0.035204,0.06843940017863012,0.0349303681438504
786,IV-IV,M_B,N,GeSn,0.246982,0.15315148314569393,0.04913787260364837
787,IV-IV,M_i_A,N,Sn,-0.002604,0.18814343229577551,0.06025692319375093
788,II-VI,M_i_neut,Hf,ZnO,3.75,3.520599118266874,0.04459242538211529
789,II-VI,M_i_neut,Nb,ZnO,3.67,3.4453122325045014,0.03398856753975035
790,II-VI,M_B,Sr,ZnS,3.72,3.6548025847623764,0.0575546305808079
791,II-VI,M_B,Sc,CdO,2.27,2.6594374855844825,0.05028430383945869
792,II-VI,M_i_A,Zn,ZnO,3.57,3.3493022541363104,0.036772803623264946
793,II-VI,M_i_B,Zn,ZnO,3.58,3.371703622557598,0.03750208877532007
794,II-VI,M_i_neut,Zn,ZnO,3.47,3.3460203484395334,0.03611407635457417
795,II-VI,M_i_B,O,ZnO,2.19,2.4791658510626755,0.061609670875660195
796,II-VI,M_i_neut,O,ZnO,1.74,2.4598266415884478,0.0644837061489813
797,II-VI,M_A,S,ZnS,2.65,2.7311078032405742,0.05544215288522878
798,II-VI,M_B,Zn,ZnS,3.06,3.303674242542968,0.06844750491704284
799,II-VI,M_i_B,Zn,ZnS,3.82,3.576240851802106,0.04396371084950598
800,II-VI,M_i_neut,Zn,ZnS,3.84,3.5584199563353125,0.0451900127689602
801,II-VI,M_i_A,S,ZnS,1.93,2.75946719143097,0.047320186601891134
802,II-VI,M_i_B,S,ZnS,3.6,2.784024310823844,0.04448777588036393
803,II-VI,M_i_neut,S,ZnS,2.29,2.7643355164961134,0.05626527822861801
804,II-VI,M_A,Se,ZnSe,2.76,2.200018118127884,0.04262800457548123
805,II-VI,M_B,Zn,ZnSe,2.26,2.646951447059789,0.043707602974252434
806,II-VI,M_i_A,Zn,ZnSe,2.94,2.737742410371154,0.028541041069460774
807,II-VI,M_i_B,Zn,ZnSe,2.99,2.7324355797875257,0.024955155251588822
808,II-VI,M_i_neut,Zn,ZnSe,2.98,2.7324043121093444,0.027183715247408518
809,II-VI,M_i_A,Se,ZnSe,1.69,2.235026420811529,0.037582993827447335
810,II-VI,M_i_B,Se,ZnSe,1.73,2.231243787810845,0.04080080310919343
811,II-VI,M_i_neut,Se,ZnSe,2.11,2.238704333228217,0.03964719408234548
812,II-VI,M_A,Te,ZnTe,2.35,1.9585154850827415,0.03707040609430077
813,II-VI,M_i_A,Zn,ZnTe,2.4,2.2023358030365037,0.034486579753084445
814,II-VI,M_i_B,Zn,ZnTe,2.48,2.1915157769441267,0.03248323073527822
815,II-VI,M_i_neut,Zn,ZnTe,2.45,2.2032621382400412,0.032384373701148494
816,II-VI,M_i_A,Te,ZnTe,1.47,2.0105213951968217,0.03179972427594213
817,II-VI,M_i_B,Te,ZnTe,1.48,1.9977640185254824,0.03486223460142499
818,II-VI,M_i_neut,Te,ZnTe,1.82,2.0153764339334166,0.0336888731573794
819,II-VI,M_B,Cd,CdO,2.33,2.521913199811906,0.043706746363547475
820,II-VI,M_i_A,Cd,CdO,2.26,2.1626192730466087,0.026839178104603654
821,II-VI,M_i_B,Cd,CdO,2.27,2.2241407737177754,0.018941600748209542
822,II-VI,M_i_A,O,CdO,1.23,1.4718709366851008,0.045723278891744656
823,II-VI,M_i_B,O,CdO,1.68,1.4886799469410426,0.040898241080006864
824,III-V,M_B,Sr,InN,2.69,2.6539575329632954,0.06441816478606069
825,III-V,M_B,B,BP,0.76,1.7818733319543736,0.04098224629672349
826,III-V,M_A,P,BP,2.28,2.3399800166517797,0.06696295277447581
827,III-V,M_i_A,B,BP,2.26,2.1025821775327698,0.06027206894326891
828,III-V,M_i_B,B,BP,2.28,2.103638436885859,0.05773806502661292
829,III-V,M_i_neut,B,BP,2.08,2.0999657342089706,0.061676193905272333
830,III-V,M_i_A,P,BP,2.26,2.0031276901683164,0.04700964427772314
831,III-V,M_i_B,P,BP,2.17,2.000802343892272,0.048417101326248914
832,III-V,M_i_neut,P,BP,2.12,2.003880730983742,0.05441259687036427
833,III-V,M_B,B,BAs,0.53,1.7363931525289313,0.0434496440019175
834,III-V,M_A,As,BAs,2.17,2.2143856383648397,0.03772393339939709
835,III-V,M_i_A,B,BAs,1.97,1.724825549892259,0.05744427943655713
836,III-V,M_i_B,B,BAs,2.14,1.720599580657885,0.05783318473224341
837,III-V,M_i_neut,B,BAs,1.88,1.7271045376120573,0.05921549282430114
838,III-V,M_i_A,As,BAs,2.08,1.9043274486779773,0.03570020194006523
839,III-V,M_i_B,As,BAs,1.96,1.8938158220016021,0.03818580392227924
840,III-V,M_i_neut,As,BAs,2.0,1.9089789021955723,0.03925339808451003
841,III-V,M_B,B,BSb,0.33,1.1582875983917897,0.05335920321297796
842,III-V,M_A,Sb,BSb,1.85,1.8934573907222192,0.04371028203781919
843,III-V,M_i_A,B,BSb,1.43,1.3173840202975147,0.07287671336012498
844,III-V,M_i_B,B,BSb,1.68,1.3226487747448714,0.06862193483613353
845,III-V,M_i_neut,B,BSb,1.44,1.3293252492053989,0.0680475004446265
846,III-V,M_i_A,Sb,BSb,1.66,1.653482276806325,0.039518315522676616
847,III-V,M_i_B,Sb,BSb,1.57,1.6009874988265735,0.03612018850787984
848,III-V,M_i_neut,Sb,BSb,1.53,1.6507538745521955,0.03754830995174462
849,III-V,M_B,Al,AlP,1.73,2.2562933051711918,0.036752367837665625
850,III-V,M_A,P,AlP,2.51,2.2572684558907197,0.04691937804399458
851,III-V,M_i_A,Al,AlP,2.7,2.530153495479117,0.04025348346768239
852,III-V,M_i_B,Al,AlP,2.61,2.520945004240944,0.04098977491484241
853,III-V,M_i_neut,Al,AlP,2.52,2.515430050783505,0.04324869818887113
854,III-V,M_i_A,P,AlP,2.13,2.209090124814202,0.04430578313637284
855,III-V,M_i_B,P,AlP,1.88,2.1860099146655365,0.033914732548155586
856,III-V,M_i_neut,P,AlP,2.27,2.203042016257178,0.04677375804057081
857,III-V,M_B,Al,AlAs,1.24,1.9651611813295318,0.04670098929200448
858,III-V,M_A,As,AlAs,2.33,2.09570535243408,0.051942256231627584
859,III-V,M_i_A,Al,AlAs,2.39,2.049854257181827,0.046801184729048845
860,III-V,M_i_B,Al,AlAs,2.29,2.048056048606566,0.04280519860329409
861,III-V,M_i_neut,Al,AlAs,1.97,2.0461013829938155,0.042096433270548975
862,III-V,M_i_A,As,AlAs,1.86,2.0467388562084645,0.044392746510487566
863,III-V,M_i_B,As,AlAs,1.61,2.036841710655127,0.03542858909401551
864,III-V,M_i_neut,As,AlAs,1.97,2.047895725485327,0.04186503119758648
865,III-V,M_B,Al,AlSb,0.56,1.3630037902241596,0.05282112787967258
866,III-V,M_A,Sb,AlSb,1.73,1.884444290716629,0.07261659420390278
867,III-V,M_i_A,Al,AlSb,1.77,1.6618405932013598,0.042431704189042754
868,III-V,M_i_B,Al,AlSb,1.76,1.6561053520112534,0.03976908757527596
869,III-V,M_i_neut,Al,AlSb,1.68,1.6591427983862537,0.04322341439413537
870,III-V,M_i_A,Sb,AlSb,1.49,1.8508640942350407,0.06446485504037333
871,III-V,M_i_B,Sb,AlSb,1.23,1.8173285220703463,0.05609744124703307
872,III-V,M_i_A,Ga,GaN,4.36,4.124413043218404,0.08143666340305455
873,III-V,M_i_B,Ga,GaN,4.28,4.121846037383563,0.0978747129628231
874,III-V,M_i_neut,Ga,GaN,4.26,4.100997603298483,0.0994636567299724
875,III-V,M_B,Ga,GaP,0.97,1.8396957151987343,0.040111562759634505
876,III-V,M_A,P,GaP,2.16,1.8562048539026215,0.0649194970600617
877,III-V,M_i_A,Ga,GaP,2.36,2.1910681738121425,0.04160380454715967
878,III-V,M_i_B,Ga,GaP,2.38,2.1947431639595463,0.03985293157794137
879,III-V,M_i_neut,Ga,GaP,2.21,2.1880882417701484,0.045105584511817176
880,III-V,M_i_A,P,GaP,1.75,1.7688570011011457,0.04326738524977555
881,III-V,M_i_B,P,GaP,2.07,1.7813046829493948,0.04041925117408803
882,III-V,M_i_neut,P,GaP,2.04,1.775313317759298,0.04268600922481177
883,III-V,M_B,Ga,GaAs,0.4,1.2780687853892085,0.03968067670161077
884,III-V,M_A,As,GaAs,1.52,1.4328018851525317,0.03242224140557535
885,III-V,M_i_A,Ga,GaAs,1.57,1.4712208644432725,0.03986915484888412
886,III-V,M_i_B,Ga,GaAs,1.63,1.4797517302590344,0.04190010203794675
887,III-V,M_i_neut,Ga,GaAs,1.54,1.4693568316457852,0.03397616497297887
888,III-V,M_i_A,As,GaAs,1.22,1.356721841671351,0.027531881434215602
889,III-V,M_i_B,As,GaAs,1.25,1.3729460571157819,0.03192453349365308
890,III-V,M_i_neut,As,GaAs,1.44,1.3659407772436098,0.029126777724452275
891,III-V,M_B,Ga,GaSb,0.2,0.5992245809357051,0.041522626240053456
892,III-V,M_A,Sb,GaSb,1.13,1.0908768672783347,0.046718079723618564
893,III-V,M_i_A,Ga,GaSb,1.09,0.9585536172510256,0.04021437572550376
894,III-V,M_i_B,Ga,GaSb,1.18,0.9553743627072441,0.03806872433316398
895,III-V,M_i_neut,Ga,GaSb,1.09,0.9613919969654017,0.03560633455727066
896,III-V,M_i_A,Sb,GaSb,1.04,1.0639397241273496,0.027017537365877604
897,III-V,M_i_B,Sb,GaSb,1.17,1.0576944654138396,0.03181367057084645
898,III-V,M_i_neut,Sb,GaSb,1.09,1.0666571775685472,0.03067534575584846
899,III-V,M_i_A,In,InN,2.53,2.474391711553725,0.04675359101612593
900,III-V,M_i_B,In,InN,2.49,2.5325410760987284,0.049618356331039434
901,III-V,M_i_A,N,InN,1.55,1.795826883243021,0.042599080942478475
902,III-V,M_i_B,N,InN,1.52,1.8055954114755024,0.05537281880386007
903,III-V,M_i_neut,N,InN,1.24,1.7841752178751584,0.03208629820203051
904,III-V,M_B,In,InP,1.01,1.4965443273779737,0.041275042235231374
905,III-V,M_A,P,InP,1.72,1.1901652110548162,0.04502930146786779
906,III-V,M_i_A,In,InP,1.97,1.8906242094193455,0.02823194440202368
907,III-V,M_i_B,In,InP,1.98,1.9292440554224797,0.032052347939939975
908,III-V,M_i_neut,In,InP,1.93,1.8890323051258697,0.024427424086103038
909,III-V,M_i_A,P,InP,1.48,1.437342680321003,0.032636178621920316
910,III-V,M_i_B,P,InP,1.76,1.447699352390903,0.03458114111637217
911,III-V,M_i_neut,P,InP,1.85,1.4379535072201228,0.032969097552070205
912,III-V,M_B,In,InAs,0.68,1.1682516140958192,0.03579456718317813
913,III-V,M_A,As,InAs,1.23,1.0028338968348183,0.043748939301210425
914,III-V,M_i_A,In,InAs,1.44,1.4358063850506797,0.025215738973845925
915,III-V,M_i_B,In,InAs,1.4,1.469957018320819,0.028652262199215853
916,III-V,M_i_neut,In,InAs,1.41,1.4403572722811995,0.02526902865498637
917,III-V,M_i_A,As,InAs,1.21,1.269489963683919,0.026141078042906878
918,III-V,M_i_B,As,InAs,1.35,1.2986979798074487,0.027551225328361607
919,III-V,M_i_neut,As,InAs,1.35,1.2762522036752635,0.02310941432598321
920,III-V,M_B,In,InSb,0.34,0.6792660210161088,0.03477997532197906
921,III-V,M_A,Sb,InSb,1.03,0.8463132250861903,0.04325358761473572
922,III-V,M_i_A,In,InSb,1.17,1.1504105214587543,0.023192805445502916
923,III-V,M_i_B,In,InSb,1.18,1.1646421556942572,0.028045727763285042
924,III-V,M_i_neut,In,InSb,1.16,1.149072907814806,0.022726733652637953
925,III-V,M_i_A,Sb,InSb,1.0,1.16332064598222,0.025955985066121456
926,III-V,M_i_B,Sb,InSb,1.15,1.1812135065115823,0.025806787750535326
927,III-V,M_i_neut,Sb,InSb,1.12,1.1712447274157918,0.026942956681132713
928,IV-IV,M_i_A,In,SiC,3.43,3.105606522934514,0.030902407218561495
929,IV-IV,M_i_neut,Br,SiC,2.84,3.122785242318231,0.05219076221388298
930,IV-IV,M_A,Ba,GeC,1.72,2.7450516999629677,0.06918834760750887
931,IV-IV,M_i_A,Sn,GeC,2.91,2.800989567532711,0.0527035503929547
932,IV-IV,M_i_A,S,GeC,2.15,2.2568263304847305,0.060987971438689864
933,IV-IV,M_i_A,Se,GeC,2.55,2.5157458825453682,0.053159690483316265
934,IV-IV,M_i_neut,Pb,GeC,2.95,2.894978350656937,0.05621445187531751
935,IV-IV,M_i_A,Se,SnC,1.85,2.0139352003236795,0.03740421731634539
936,IV-IV,M_i_A,Si,Si,1.28,1.2936857253276188,0.024588949899526192
937,IV-IV,M_i_neut,Si,Si,1.31,1.2948299306136648,0.027964064933777236
938,IV-IV,M_i_A,Ge,Ge,0.9,0.8572338372439205,0.02397040083898773
939,IV-IV,M_i_neut,Ge,Ge,0.89,0.8579615637460047,0.024590932741505363
940,IV-IV,M_i_A,Sn,Sn,0.67,0.6833049155277988,0.027717266033115
941,IV-IV,M_A,C,SiC,2.89,2.6026015515451455,0.04394520335238948
942,IV-IV,M_B,Si,SiC,3.16,3.248303665700245,0.029036500585269093
943,IV-IV,M_i_A,C,SiC,2.69,2.771798323414268,0.04773713019390538
944,IV-IV,M_i_B,C,SiC,2.33,2.768488314380414,0.0405892007918932
945,IV-IV,M_i_neut,C,SiC,3.08,2.7796693096011764,0.04715826924259118
946,IV-IV,M_i_A,Si,SiC,3.16,3.0489177111308705,0.03023444079507385
947,IV-IV,M_i_B,Si,SiC,3.05,3.053747921795754,0.03222703840632654
948,IV-IV,M_i_neut,Si,SiC,2.96,3.0472226452651965,0.030888341816323397
949,IV-IV,M_A,C,GeC,2.74,2.146996392462065,0.054215874009479754
950,IV-IV,M_B,Ge,GeC,2.95,2.813201324771559,0.055766107246678104
951,IV-IV,M_i_A,C,GeC,2.43,2.343443824559821,0.06857445895414377
952,IV-IV,M_i_neut,C,GeC,2.95,2.356960885331625,0.06252863830724716
953,IV-IV,M_i_A,Ge,GeC,2.98,2.6969916715506534,0.04987836198410072
954,IV-IV,M_i_B,Ge,GeC,3.05,2.7401892010500455,0.050638158493304636
955,IV-IV,M_i_neut,Ge,GeC,2.96,2.6994989545981944,0.05130798995635851
956,IV-IV,M_A,C,SnC,1.6,1.398131673586191,0.06182935241134893
957,IV-IV,M_B,Sn,SnC,2.18,2.40307095958046,0.03768979170515027
958,IV-IV,M_i_A,C,SnC,1.77,1.847257516089854,0.05443547901659081
959,IV-IV,M_i_neut,C,SnC,2.13,1.8595769978863559,0.048590096281765464
960,IV-IV,M_i_B,Sn,SnC,2.36,2.365720433952901,0.03970817047350338
961,IV-IV,M_i_neut,Sn,SnC,2.21,2.2818413770496457,0.038101443975669294
962,IV-IV,M_A,Ge,SiGe,1.15,1.0744066896660525,0.025655055720534708
963,IV-IV,M_B,Si,SiGe,1.11,1.1316124817516642,0.021255654294085793
964,IV-IV,M_i_A,Ge,SiGe,1.35,1.2227116827853735,0.0184921724086299
965,IV-IV,M_i_neut,Ge,SiGe,1.23,1.2210037208193074,0.017778406586066994
966,IV-IV,M_i_A,Si,SiGe,1.31,1.2107363464710665,0.022313248913537292
967,IV-IV,M_i_B,Si,SiGe,1.12,1.2069625108039073,0.022085477719475256
968,IV-IV,M_A,Sn,SiSn,1.01,0.9343470032969957,0.026318056601290826
969,IV-IV,M_B,Si,SiSn,0.85,0.8022604912998187,0.036481817525815585
970,IV-IV,M_i_A,Sn,SiSn,1.22,1.1017073824999315,0.01849819611761606
971,IV-IV,M_i_B,Sn,SiSn,1.18,1.0514830958379047,0.024260775735913804
972,IV-IV,M_i_neut,Sn,SiSn,1.14,1.0959714269501692,0.021252067607022446
973,IV-IV,M_i_A,Si,SiSn,1.03,1.0199182822129067,0.028900125693193876
974,IV-IV,M_i_B,Si,SiSn,1.11,1.0055831540564337,0.02959532504137224
975,IV-IV,M_i_neut,Si,SiSn,0.97,1.0156903383728357,0.03036945177511928
976,IV-IV,M_A,Sn,GeSn,0.78,0.6954392779274201,0.03016779458347632
977,IV-IV,M_i_A,Sn,GeSn,0.88,0.8809916483924832,0.015042106553258786
978,IV-IV,M_i_B,Sn,GeSn,0.92,0.8601884816739179,0.017248873093811647
979,IV-IV,M_i_neut,Sn,GeSn,0.83,0.8759764280022759,0.017630540892437433
980,IV-IV,M_i_A,Ge,GeSn,0.8,0.7775954909422133,0.02048861856264809
981,IV-IV,M_i_B,Ge,GeSn,0.83,0.7632206900947536,0.019755184206162325
982,IV-IV,M_i_neut,Ge,GeSn,0.79,0.7763302598456336,0.020836700657243978
