,Type,Site,Impurity,AB,(0/-1)_DFT,train_mean,train_std
0,IV-IV,M_i_neut,Cl,GeC,0.9301159999999999,1.1219095264912482,0.06925632906242839
1,III-V,M_i_neut,Te,BAs,1.635775,1.4697338497563188,0.048376135906626726
2,IV-IV,M_i_B,Cd,GeC,2.676245,2.271645452967667,0.0522451063262626
3,III-V,M_i_B,Zr,BP,1.54461,1.7511206562275636,0.04856966392879236
4,III-V,M_B,Ag,GaN,3.1144950000000002,3.02451543344999,0.09296865200301659
5,III-V,M_i_neut,Bi,BSb,1.342698,1.2675041535321188,0.051300732847621926
6,II-VI,M_B,Ca,ZnS,2.954588,2.9157861535989333,0.07407128523336473
7,II-VI,M_B,V,CdO,1.722594,1.8403811927011624,0.04238120875747393
8,IV-IV,M_i_neut,S,SnC,0.7117760000000001,1.2132320662628668,0.039709589101296905
9,II-VI,M_i_neut,Zr,ZnS,2.66033,3.1563993515312285,0.04253361592968484
10,IV-IV,M_i_neut,Br,SnC,0.814702,0.9691113288084441,0.061768799308470554
11,II-VI,M_i_A,Ta,ZnS,2.990046,3.1277280962092666,0.04199895777125638
12,IV-IV,M_i_neut,Cd,SnC,1.987075,1.9009694020701038,0.04153868197326691
13,IV-IV,M_i_B,Mg,SnC,1.9281810000000001,1.8233965912360968,0.05701104096933908
14,III-V,M_i_B,Cs,InN,1.6920540000000002,1.767978617459698,0.05530058073801287
15,IV-IV,M_i_neut,Re,GeC,1.7627689999999998,2.072396056595992,0.045838011072450634
16,II-VI,M_B,Hf,CdSe,1.533533,1.5542321922365714,0.04260377165760272
17,III-V,M_i_B,Ta,BP,1.335429,1.7539371172930562,0.04993753351151654
18,II-VI,M_i_A,Ta,CdO,1.923344,1.865818791659222,0.05102645649449344
19,IV-IV,M_B,Nb,GeC,1.582389,1.9668328834719553,0.05390376663339639
20,II-VI,M_i_A,In,ZnO,2.969446,2.7067651676404485,0.03004912194222425
21,II-VI,M_A,Re,ZnO,2.620436,2.1737318670070764,0.06091998291008373
22,II-VI,M_i_A,Si,CdO,1.8101880000000001,1.5598639549468782,0.042148694062008364
23,IV-IV,M_i_A,Mo,GeC,2.216497,1.9046452876827753,0.04984585719283127
24,IV-IV,M_A,Rb,SiC,1.7736020000000001,2.3206648424191445,0.08005640258298094
25,IV-IV,M_i_A,Sn,SnC,2.066277,1.7967963829233156,0.03535273409719029
26,IV-IV,M_B,Sc,SiC,2.3746099999999997,2.474709271884561,0.05815735744284904
27,III-V,M_i_A,S,BAs,1.055577,1.2101984245202924,0.05150286577969599
28,III-V,M_B,Zr,AlP,1.9170919999999998,1.7700680480636202,0.07665572681729585
29,IV-IV,M_B,Nb,SnC,1.1050870000000002,1.6068281674056437,0.05453178475820384
30,II-VI,M_i_A,Ta,CdS,2.580036,2.541744496417656,0.0334296381183386
31,II-VI,M_i_A,Y,ZnS,3.243525,3.2736792830589665,0.04455157299388706
32,IV-IV,M_i_B,Ir,SiC,1.185547,2.249875870476228,0.05495695962425592
33,III-V,M_i_A,Au,BP,1.964091,1.3109972520581503,0.058031408517146506
34,IV-IV,M_i_B,Ru,GeC,1.255775,1.9013314204420682,0.03985480280385841
35,IV-IV,M_i_B,Ta,SnC,1.677245,1.8316333813385346,0.04813737963123744
36,IV-IV,M_i_B,Si,SnC,1.8177880000000002,1.6447410440486205,0.03754641586885457
37,II-VI,M_i_B,Ga,ZnO,2.815665,2.6179616089120157,0.03633322492368678
38,II-VI,M_B,Na,CdS,2.232453,2.265705267055625,0.06812800580476816
39,II-VI,M_i_A,Mo,CdS,2.238149,2.1557919736796665,0.029188738996603934
40,II-VI,M_i_neut,Pb,ZnS,3.098862,2.94674369610759,0.046578238611871756
41,IV-IV,M_B,I,SiC,2.868532,2.621988219325691,0.06731960629084045
42,II-VI,M_i_neut,La,ZnSe,2.689452,2.569462371926988,0.03672951572950622
43,II-VI,M_i_A,Tc,CdO,2.21627,1.6345465613450123,0.02777636296810933
44,II-VI,M_B,Zr,CdTe,1.079579,1.4355559012682644,0.03623897883441028
45,II-VI,M_B,La,CdTe,1.499935,1.3202095358750072,0.040507023465526475
46,II-VI,M_B,W,CdTe,0.85,0.688251728942334,0.04056346162917159
47,IV-IV,M_i_A,Ru,SiC,2.4715599999999998,2.279676804216926,0.050504507934272774
48,III-V,M_i_neut,Cl,BSb,0.266452,0.1351630139342198,0.05380822552066264
49,II-VI,M_i_B,Al,ZnS,3.303928,2.951705671458387,0.04988480953809399
50,IV-IV,M_i_B,Al,GeC,2.462675,2.215483547650666,0.062136525567940915
51,III-V,M_i_neut,Pt,BP,1.7580200000000001,1.3020033425390478,0.05550835693148441
52,III-V,M_i_neut,Ag,BP,2.075352,1.5515122985559877,0.0551112715074056
53,III-V,M_i_A,Ba,GaP,1.9809700000000001,1.8042093495484295,0.05581506152686417
54,II-VI,M_B,Nb,CdTe,1.24947,1.3250668346388834,0.03918111763178766
55,IV-IV,M_i_A,Tc,SiC,2.536449,2.357960593345772,0.03779846793749233
56,II-VI,M_B,Y,CdTe,1.332087,1.466672303649149,0.03429785579281779
57,III-V,M_i_B,I,AlP,1.2009729999999998,1.4771914158201005,0.05157917620749094
58,II-VI,M_B,Ca,CdSe,1.940261,1.9617402969885855,0.038246257763174446
59,III-V,M_i_A,Be,GaN,3.5914089999999996,3.4281485100912734,0.05617511719806739
60,III-V,M_B,I,InN,2.370551,1.728005445570473,0.07154479097792486
61,IV-IV,M_i_A,B,SiC,2.5361130000000003,2.1501247346548213,0.042984873618642616
62,II-VI,M_B,Co,ZnS,2.548916,2.378055433064886,0.0775300122836856
63,III-V,M_i_A,W,BP,1.548965,1.4590866803474072,0.04828711996698621
64,III-V,M_B,Ba,InP,1.7002849999999998,1.5665817098558399,0.09337359350339698
65,III-V,M_B,La,GaAs,1.0067110000000001,0.8072733687322137,0.060050061359111076
66,II-VI,M_B,Si,ZnS,1.152018,2.505238697792952,0.05983328670664508
67,II-VI,M_i_B,Sn,CdO,1.9365560000000002,1.795469915111677,0.02715363048657226
68,III-V,M_i_B,Tc,BAs,1.12348,1.3644967733556777,0.05063385368091404
69,II-VI,M_B,Os,CdSe,1.401893,1.0491274749025743,0.05302489239880756
70,II-VI,M_B,Mo,CdTe,1.090997,1.0642184546465985,0.03184490839648742
71,II-VI,M_B,Re,CdTe,0.635196,0.44382952923171326,0.04661369008142679
72,II-VI,M_i_A,Ba,ZnSe,2.7487369999999998,2.518175245509529,0.035363604531503626
73,II-VI,M_B,Ti,CdTe,1.1933280000000002,1.3416048489639714,0.02894972189188087
74,II-VI,M_B,Sc,CdTe,1.2214,1.466798499328032,0.02920808572577321
75,II-VI,M_i_A,Cl,ZnO,0.975318,1.401871179570394,0.04519719781816102
76,II-VI,M_B,Ta,CdTe,1.184412,0.9660688177163216,0.04486510701796648
77,II-VI,M_B,Ba,CdTe,1.746675,1.5009687749522158,0.054418143757454136
78,IV-IV,M_i_neut,O,GeC,0.21099600000000002,1.119471985631894,0.05757630539079629
79,II-VI,M_i_A,Sc,ZnS,3.2268939999999997,3.2045693346985344,0.0447251968663336
80,II-VI,M_i_neut,Ti,ZnS,3.083972,3.0715209812637396,0.05154951911133105
81,IV-IV,M_B,Sb,SiC,2.58313,2.6972326068919776,0.05467172794463788
82,III-V,M_A,Hf,BAs,1.599742,1.4363683779388432,0.054500667499681105
83,II-VI,M_i_neut,Cs,CdS,2.31922,2.4300445461409588,0.05874134908116763
84,IV-IV,M_i_B,C,SnC,1.246668,1.209827504470618,0.06147029397691567
85,IV-IV,M_B,Te,SnC,1.920151,2.026848040754758,0.0527515338153981
86,IV-IV,M_i_B,F,GeC,0.25097600000000003,0.8900615816930607,0.09545672714492166
87,II-VI,M_i_neut,Cs,ZnSe,2.667926,2.295167945352472,0.06245801261934386
88,IV-IV,M_A,Pb,SnC,1.525382,1.5340576359198244,0.079504515498786
89,II-VI,M_i_B,Ir,CdS,1.7520900000000001,2.077938272204224,0.04142346763941184
90,II-VI,M_i_B,Bi,ZnSe,2.2173689999999997,2.3968489566002256,0.03471480699598171
91,II-VI,M_i_B,Mg,ZnS,3.5037160000000003,2.98769318320183,0.04530696376500656
92,II-VI,M_B,Sr,CdTe,1.7013220000000002,1.507766724865536,0.04870023609443556
93,II-VI,M_i_neut,Na,ZnO,2.377708,2.4439436603815468,0.043511069761885374
94,IV-IV,M_i_neut,Zn,SiC,2.544964,2.5746454848279674,0.049096793790742284
95,IV-IV,M_i_B,Al,SiC,2.4607419999999998,2.589792093525985,0.045327508160632045
96,II-VI,M_B,I,ZnO,2.641058,2.7314556436547237,0.06702209358486023
97,IV-IV,M_A,Rh,GeC,1.536491,1.4023979249048182,0.08045385616690327
98,II-VI,M_B,Ca,CdTe,1.469262,1.4829114625841704,0.049426515154629945
99,II-VI,M_i_neut,Ir,ZnS,1.9009330000000002,2.641318295215187,0.03816103931776212
100,IV-IV,M_i_B,C,SiGe,0.756983,0.4994646765447575,0.055229903958953545
101,IV-IV,M_B,Re,SnC,0.964124,1.0258475695755718,0.06607024497517547
102,III-V,M_i_B,C,AlAs,1.237414,1.3739951801294166,0.07274778925767875
103,III-V,M_A,Te,BP,1.908332,1.4768927683081892,0.09683648000143422
104,II-VI,M_i_B,C,CdTe,1.386496,1.0143625926777016,0.044590731515024386
105,III-V,M_i_neut,Pb,AlP,2.1579509999999997,1.9739387666797477,0.0549053251345213
106,IV-IV,M_B,Li,GeC,1.796947,1.7007199097940648,0.10101300230721404
107,II-VI,M_i_B,Y,CdO,1.9703389999999998,1.9377491932101791,0.04131840189595821
108,II-VI,M_i_A,C,CdTe,0.503099,0.9977167339553766,0.04564678003601192
109,II-VI,M_i_A,W,CdTe,1.566194,1.48865117389485,0.02185869417349056
110,IV-IV,M_A,As,SnC,1.635578,1.0746714905675838,0.059048567853931186
111,III-V,M_i_B,Pb,GaP,2.125354,1.718713189263435,0.04876027445349369
112,IV-IV,M_i_neut,W,SnC,1.6542270000000001,1.60099350446396,0.05335193985726315
113,II-VI,M_i_A,C,ZnTe,0.532802,1.1366503049356236,0.0575519677084501
114,II-VI,M_i_neut,W,ZnTe,1.5595,1.5622986755522097,0.04159731189585965
115,II-VI,M_i_neut,In,CdO,1.666309,1.85564188905663,0.030098689604766134
116,II-VI,M_i_B,Sb,CdTe,1.478928,1.695107529487951,0.02156756601089551
117,II-VI,M_i_A,Re,CdTe,1.6619830000000002,1.5630630682196693,0.0201545501894537
118,II-VI,M_B,Os,CdTe,0.9963850000000001,0.6468695692470029,0.03743241079267032
119,II-VI,M_i_neut,C,CdTe,1.209,1.004376583887434,0.04550573328406656
120,IV-IV,M_B,Bi,GeC,2.4382330000000003,2.2115027732012433,0.057416448600146275
121,II-VI,M_i_B,Re,CdTe,1.709065,1.5793363093933779,0.023856093001450158
122,II-VI,M_B,Ru,CdTe,0.974518,1.0235605746478253,0.035044731875124205
123,II-VI,M_A,O,CdS,0.43849,0.9253720633570651,0.05213344967786508
124,II-VI,M_i_A,Al,CdS,2.380537,2.3414614103061493,0.03474206988511512
125,II-VI,M_A,Ru,CdO,0.910234,0.9011544546903041,0.049447138569438415
126,II-VI,M_i_A,Pb,CdO,2.0273369999999997,1.8295275566601543,0.03533169648631521
127,II-VI,M_B,Tc,CdTe,0.648452,1.0428928210843829,0.023348114049987927
128,II-VI,M_B,V,CdTe,1.27786,1.2353003517117647,0.02694223110040786
129,II-VI,M_B,Rh,CdTe,0.275046,0.9533841655652587,0.03428679216005198
130,II-VI,M_i_B,Zr,CdTe,1.861207,1.9800824111079247,0.025315743381190397
131,II-VI,M_i_B,W,CdTe,1.7098919999999997,1.514405061010392,0.0266432457763
132,IV-IV,M_i_neut,Sr,Si,1.0935030000000001,1.0618590111987642,0.039684758276247
133,II-VI,M_i_A,Be,CdS,2.244068,2.1278260370784956,0.04977424300795979
134,II-VI,M_i_neut,La,CdTe,1.9012740000000001,2.0032065525744445,0.023867990041961232
135,IV-IV,M_i_A,C,Si,0.532674,0.5978788874085417,0.05490068535039922
136,II-VI,M_i_A,Sb,CdTe,1.4150790000000002,1.6612116579465348,0.016503499416739356
137,II-VI,M_i_neut,W,CdTe,1.670023,1.4422070191661494,0.021421466924727278
138,II-VI,M_i_neut,Sb,CdTe,1.6317700000000002,1.6514987331121618,0.017883567365705885
139,III-V,M_i_A,Tc,InP,1.4574,1.3151960777825669,0.04767438804273956
140,IV-IV,M_B,Au,GeC,2.032842,2.0857741730700936,0.058219864812649944
141,III-V,M_i_B,Ti,BAs,1.518734,1.5234161785597926,0.05948471227108014
142,II-VI,M_i_B,La,CdSe,2.336767,2.2169608549378568,0.03337970808230749
143,III-V,M_i_B,Mg,GaN,3.717064,3.5132439974612923,0.04532297424612608
144,II-VI,M_i_neut,Zr,CdTe,1.7986360000000001,1.9456793872116023,0.022595505746296218
145,II-VI,M_B,Cd,CdS,2.089155,1.8729132720720323,0.05193330463457379
146,II-VI,M_i_A,Sn,CdS,2.647543,2.277021734953067,0.028892336900178815
147,II-VI,M_B,Hf,CdTe,1.046959,1.0572378229887092,0.0378999576793279
148,II-VI,M_i_B,Rb,CdS,2.349135,2.391816160505365,0.055247547436215357
149,II-VI,M_i_B,Os,CdTe,1.601214,1.5336533632516047,0.019676689747328616
150,II-VI,M_i_neut,Y,CdTe,1.8418189999999999,1.9869707220306736,0.01821844506192297
151,II-VI,M_B,Zn,CdS,1.8133569999999999,1.7719868196400554,0.045694546631194356
152,II-VI,M_i_B,Be,ZnO,2.842622,2.4894384202262274,0.053658491727414194
153,II-VI,M_i_neut,Nb,CdTe,1.6853349999999998,1.735765091889276,0.0236751984527711
154,IV-IV,M_i_A,Pb,Si,1.214774,1.2620238504620054,0.05861191860082593
155,II-VI,M_B,C,CdTe,-0.00675,0.7409896612495936,0.06699986337390477
156,II-VI,M_i_A,Mo,CdTe,1.334938,1.5391043930532817,0.0195280005330801
157,II-VI,M_B,Rh,ZnSe,0.629409,1.720241500081416,0.05035374278332642
158,II-VI,M_i_B,Nb,CdTe,1.659325,1.7720893016592008,0.02315255342242311
159,III-V,M_i_neut,Sr,AlAs,2.1293919999999997,1.5984810311584838,0.04823107670381777
160,IV-IV,M_i_A,Fe,SnC,1.6266770000000002,1.712287404878634,0.037799548753691375
161,II-VI,M_i_neut,Re,CdTe,1.53568,1.5043696239843087,0.020071005605231416
162,II-VI,M_i_B,La,CdTe,2.117337,2.060412074211405,0.026246564341579393
163,II-VI,M_B,C,ZnSe,0.142583,1.4043173721967914,0.058753562739952386
164,II-VI,M_i_A,Os,CdTe,1.4355129999999998,1.486101023494386,0.020370406673204198
165,IV-IV,M_i_neut,Ta,SiGe,1.515896,0.8758897263382511,0.02798140797738195
166,II-VI,M_i_B,Ag,ZnO,2.3704509999999996,2.457352477375828,0.03160728707812414
167,II-VI,M_i_B,Sr,CdO,1.961322,1.797160056435818,0.03796625192348942
168,III-V,M_i_B,Hf,InP,1.693799,1.6268484507528078,0.05701866378780094
169,II-VI,M_i_B,Ta,CdTe,1.671212,1.8630453203381294,0.030371701387512128
170,II-VI,M_B,Cr,CdTe,1.30972,1.1963408984785573,0.02724510228889905
171,IV-IV,M_B,Pd,SiC,2.491248,2.383627609630872,0.052735113517263
172,III-V,M_i_B,B,AlP,2.129932,1.7712973773609442,0.05609154636496031
173,II-VI,M_i_A,Nb,CdTe,1.7684959999999998,1.7467387547652666,0.022318646199530206
174,III-V,M_i_B,Ta,InAs,1.1800329999999999,1.1066566523992887,0.05111545699920814
175,III-V,M_i_B,W,InAs,1.0079719999999999,0.839136939369167,0.03781814198212652
176,III-V,M_i_A,Te,AlAs,1.3604,1.6655862327591264,0.053228689750289084
177,II-VI,M_i_B,Ti,CdS,2.641885,2.473318585333141,0.027672460637565784
178,II-VI,M_i_A,Zr,ZnTe,1.944973,2.09734358124682,0.042453930731006145
179,II-VI,M_i_A,Zr,CdTe,1.788138,1.9636082965997907,0.026753474461244885
180,III-V,M_i_neut,Mo,AlP,1.6684330000000003,1.661529301069369,0.033207474625065285
181,III-V,M_B,Mg,GaP,1.134533,1.6301814083717925,0.0793217074739994
182,II-VI,M_A,Sb,ZnO,2.438171,2.1323354667664676,0.042512906502744
183,II-VI,M_B,Rb,CdTe,1.91445,1.6819859472763217,0.049204564095777205
184,II-VI,M_A,Ir,CdO,1.381333,1.1237261276045556,0.04758671812257293
185,II-VI,M_i_B,Rh,CdS,1.7226849999999998,1.9905483346409134,0.04113602492829393
186,II-VI,M_i_neut,Ta,CdTe,1.75899,1.7923095091629335,0.028976279830984757
187,IV-IV,M_A,Bi,SiC,2.4907340000000002,2.4515476917147927,0.06620203405302763
188,II-VI,M_i_neut,Sc,CdTe,1.78875,1.983211729229195,0.01955726142607077
189,II-VI,M_B,Fe,CdTe,1.197783,1.0487312978873522,0.023826299938275144
190,II-VI,M_i_B,As,ZnSe,1.856695,2.0087162222615844,0.03595035113859224
191,II-VI,M_B,Co,CdTe,0.94586,1.026058273281262,0.02997619591832273
192,II-VI,M_i_neut,Ga,CdS,2.287927,2.304959191790818,0.04055053065212656
193,II-VI,M_i_neut,Mo,CdTe,1.6917349999999998,1.5261889140649783,0.019201024776159585
194,II-VI,M_i_neut,Co,CdO,1.320365,1.6045334671991145,0.028090046016251632
195,II-VI,M_B,K,CdTe,1.801796,1.4329235802359364,0.04111009466451979
196,II-VI,M_i_B,Y,CdTe,2.1170430000000002,2.025147610766818,0.01842726346459505
197,II-VI,M_i_A,Te,ZnSe,1.5739809999999999,1.954078530566779,0.035539853027846756
198,II-VI,M_B,B,CdTe,0.259137,0.6665926060989222,0.05277956929704159
199,II-VI,M_B,Be,CdTe,0.598637,0.9929489990827876,0.07089183944077718
200,III-V,M_i_neut,W,GaSb,0.5540510000000001,0.49563028383279767,0.0341580908276681
201,II-VI,M_i_A,Zn,ZnS,3.198714,2.88122538382918,0.046671103074689115
202,II-VI,M_A,Zr,CdS,2.205005,2.035489973026157,0.03979065075638688
203,II-VI,M_B,Li,ZnTe,1.484677,1.272955601488779,0.08390208271702462
204,II-VI,M_i_neut,Ba,CdTe,1.9466720000000002,1.939867215288094,0.02736822026401762
205,II-VI,M_i_neut,As,CdS,2.1955419999999997,2.0560825847204027,0.03264277470381777
206,III-V,M_B,Hf,InSb,0.086656,-0.11497259136200437,0.05857450098444043
207,II-VI,M_i_B,Mo,CdTe,1.7596919999999998,1.5620284012277903,0.014986359663391628
208,II-VI,M_i_A,Ta,CdTe,1.778918,1.8451144344624677,0.02834092898932769
209,III-V,M_i_A,Cl,GaP,0.241457,0.7425470800993846,0.07164751636292581
210,IV-IV,M_i_neut,La,Ge,0.725529,0.8105911856567429,0.03370204163221979
211,II-VI,M_B,Mg,CdTe,1.183375,1.235794343364276,0.06169477361269128
212,II-VI,M_B,Mn,CdTe,0.983294,1.1249937191443755,0.023203529290134417
213,II-VI,M_i_B,B,CdSe,1.764662,1.3478658226678657,0.05580825942089261
214,IV-IV,M_B,Rh,SiC,2.506597,2.296601440540681,0.054897508135081464
215,II-VI,M_i_A,La,CdTe,1.952708,2.0371010651782924,0.0192941033330156
216,II-VI,M_i_neut,Os,CdTe,1.503257,1.4656196951716218,0.020431623987638422
217,IV-IV,M_B,Rb,SiGe,0.5558960000000001,0.6290063741264588,0.045127835059945665
218,II-VI,M_B,Cs,CdTe,1.741729,1.7551924047266918,0.07250266636332621
219,III-V,M_i_B,Zr,InN,2.09197,1.9405304772795986,0.043296037208748334
220,II-VI,M_B,Si,CdSe,0.671369,1.6325057739957394,0.06099531665104573
221,II-VI,M_B,Ir,CdTe,0.305657,0.6163625322525711,0.04191252369751443
222,II-VI,M_i_B,Ti,CdTe,1.760211,1.8644545386875713,0.019882614510435714
223,II-VI,M_i_A,B,CdTe,1.3995600000000001,1.2648963781820424,0.03864463827793769
224,III-V,M_i_neut,Ir,InP,0.988635,1.1492253020146932,0.058406541919461596
225,II-VI,M_i_B,Ru,CdTe,1.571022,1.5045663210921316,0.016913082202961175
226,II-VI,M_i_neut,I,ZnSe,1.448495,1.5070986269553568,0.050211705634969454
227,IV-IV,M_i_neut,Zr,Ge,0.612105,0.7314986147307279,0.020849785475232308
228,II-VI,M_i_A,Y,CdTe,1.884782,2.008258253894952,0.01980776741306139
229,II-VI,M_i_B,Sc,CdTe,1.9417360000000001,2.0044870446892835,0.018947792313447606
230,III-V,M_i_B,In,AlAs,2.058288,1.7568907932732025,0.035374827488016805
231,II-VI,M_i_neut,B,CdTe,1.6068,1.2560720385135804,0.034585553955417576
232,III-V,M_i_B,Os,GaSb,0.43795500000000004,0.65047082733208,0.02749064197763644
233,II-VI,M_i_neut,Ti,CdTe,1.766509,1.845578728217502,0.019668937484889123
234,II-VI,M_B,Tl,ZnSe,1.776863,1.9730851344429223,0.056596847921281
235,IV-IV,M_i_neut,Rb,SiSn,0.7475569999999999,0.6279544420402106,0.04110983677143516
236,II-VI,M_i_neut,Cd,CdS,2.3836,2.3855042192726956,0.030515670431662686
237,IV-IV,M_i_B,As,SiGe,0.803847,0.9158601324714215,0.015518670525318468
238,II-VI,M_A,C,CdSe,1.479061,0.8247525791089018,0.05986533202619686
239,III-V,M_i_B,Zn,BSb,1.235434,1.1325903506444777,0.04074685714819713
240,II-VI,M_i_neut,Sr,CdTe,1.928489,1.8478107622480409,0.029005922775969924
241,II-VI,M_i_A,Bi,CdSe,1.7755439999999998,1.9308975326233522,0.029558398746449707
242,II-VI,M_i_neut,K,CdO,1.457682,1.6108990688898246,0.03911658730100676
243,II-VI,M_i_A,Sc,CdTe,1.812675,1.9974679471400343,0.021924135708027127
244,II-VI,M_i_B,Ba,CdTe,2.0509009999999996,1.990160107703518,0.02567221648646556
245,II-VI,M_B,Li,CdTe,1.292829,1.130363752191781,0.07107659934008881
246,II-VI,M_i_B,Rh,CdTe,1.142659,1.3929655017824545,0.018196981747813385
247,IV-IV,M_i_B,P,SiGe,0.732334,0.8254436228743607,0.026617969533474055
248,II-VI,M_i_A,Cu,ZnO,2.340316,2.3568562774773687,0.03433146937234022
249,II-VI,M_i_neut,Se,ZnS,1.9839639999999998,2.315969958319857,0.04097953244754431
250,II-VI,M_i_A,Rh,CdTe,1.33744,1.371516973507175,0.01854381550268398
251,II-VI,M_i_B,Br,CdO,0.95329,0.7845202899648385,0.054385829905450295
252,II-VI,M_i_B,B,CdTe,1.60701,1.2677237486428905,0.03805853106250973
253,IV-IV,M_i_B,N,GeC,1.6048069999999999,1.464678434448921,0.08400072967075291
254,II-VI,M_i_neut,Ru,CdTe,1.380811,1.4671325434872462,0.01645873623538489
255,II-VI,M_i_A,Ru,CdTe,1.535596,1.486163484269159,0.01750750032665492
256,IV-IV,M_i_A,Tl,SiGe,1.1293,0.9645392476441377,0.04025247244917302
257,II-VI,M_i_B,Te,CdS,1.617791,2.0398009819352945,0.03335439494069419
258,II-VI,M_i_B,Tc,CdTe,1.602884,1.6393212525083876,0.016990531455243374
259,II-VI,M_A,C,CdTe,1.410817,0.7365432800993525,0.055079078673682606
260,II-VI,M_i_A,Tc,CdTe,1.5020040000000001,1.6164922260786583,0.01818914982731536
261,III-V,M_i_B,Cd,GaP,1.9437400000000002,1.816959073996432,0.04119036316441134
262,II-VI,M_B,Na,CdTe,1.556239,1.3741221394970005,0.0427311432773125
263,II-VI,M_i_A,Li,ZnS,3.255855,2.854786394286294,0.0551079895423752
264,III-V,M_i_B,B,AlSb,1.302994,1.258462760652109,0.06620337406599339
265,II-VI,M_i_B,Mn,ZnS,3.07258,2.880320129137016,0.04366219615168306
266,III-V,M_B,Os,AlSb,-0.024637,0.2900987842098701,0.0675130246245484
267,III-V,M_i_neut,In,InN,1.976466,1.9995308655868365,0.036509654454758365
268,III-V,M_i_A,Mn,BSb,0.794746,0.9702403845804352,0.046988854148399734
269,II-VI,M_i_A,Cd,CdS,2.412209,2.401125154138197,0.02941438079245022
270,II-VI,M_B,Al,CdTe,0.8040069999999999,1.1955297640096982,0.03247980199245887
271,II-VI,M_i_A,Ti,CdTe,1.7639340000000001,1.8630235443842718,0.022653262145403665
272,II-VI,M_i_B,S,ZnTe,0.904,1.1602762916974974,0.04035747054149261
273,IV-IV,M_i_B,O,SiSn,-0.137924,0.11598868403535186,0.06983271844476432
274,II-VI,M_i_B,Cd,CdS,2.3701849999999998,2.401513086587806,0.034283494399909464
275,III-V,M_i_A,S,InP,0.561632,1.018897336757626,0.07450204455150582
276,II-VI,M_i_A,Ir,CdTe,1.362539,1.4069484708002182,0.023148666564648795
277,II-VI,M_B,Cd,CdSe,1.7057060000000002,1.516003820180042,0.051324158472833385
278,II-VI,M_B,Ni,CdTe,1.231834,1.0469897636359713,0.035237197884437174
279,II-VI,M_A,Rh,CdO,1.071787,0.9185838940543232,0.040257936487093623
280,II-VI,M_i_neut,Pt,CdS,1.9542389999999998,1.9194888932236787,0.035525006663376074
281,II-VI,M_i_neut,Sb,ZnTe,1.6789049999999999,1.7952546937687544,0.03809456099833672
282,II-VI,M_i_A,Ca,ZnTe,2.138,2.038333377591635,0.0491956901175495
283,II-VI,M_i_B,Na,ZnTe,2.140171,1.956233781996442,0.0484606273621784
284,II-VI,M_i_B,Bi,CdTe,1.49527,1.880299136094942,0.031214394387167697
285,II-VI,M_i_B,S,CdS,1.100529,1.5683884708590636,0.04060823581590611
286,II-VI,M_i_B,Ir,CdTe,1.165672,1.4377294173630288,0.025949347961927684
287,II-VI,M_i_neut,Rh,CdTe,1.058618,1.3535942004081185,0.018157008893633867
288,III-V,M_i_neut,Br,InP,0.208011,0.7008815779735464,0.0807926376740184
289,IV-IV,M_i_A,Os,GeSn,0.206195,0.49841733964517765,0.035078565609331175
290,II-VI,M_A,P,ZnS,2.107054,2.1862924757304363,0.07032934107602166
291,II-VI,M_B,Sb,CdTe,0.206551,1.1488774192393998,0.023386686601838926
292,II-VI,M_i_neut,Ca,CdSe,2.297032,2.025856651248083,0.031481307291944614
293,IV-IV,M_i_neut,Mn,GeC,1.9164169999999998,2.063375603835305,0.05510131926480087
294,II-VI,M_i_neut,Ca,CdTe,1.88828,1.9006027701905945,0.023133566035728
295,II-VI,M_B,Zn,CdTe,1.0481989999999999,1.0314004658396299,0.030591784418045734
296,IV-IV,M_A,W,GeC,2.007422,1.535808408449056,0.0634673413407688
297,III-V,M_i_A,Pd,InN,1.413114,1.6493614393255847,0.036722895630706825
298,II-VI,M_i_B,N,CdTe,1.436345,0.8380573267511956,0.039642560619444794
299,III-V,M_i_B,Nb,InSb,0.771596,0.7515604529851988,0.03031878697193065
300,II-VI,M_i_B,Cs,CdTe,1.946552,1.8046561791971087,0.055951020133307154
301,IV-IV,M_i_A,Ta,Ge,0.5320159999999999,0.7168481472290414,0.030565811610831675
302,II-VI,M_i_A,K,ZnSe,2.600635,2.289354621236697,0.03889698126267386
303,II-VI,M_i_neut,Cd,CdO,1.746161,1.9094393106050838,0.02621638373415421
304,II-VI,M_A,Sb,CdTe,1.7537650000000002,1.2456247978564865,0.03414855025411546
305,II-VI,M_i_neut,N,CdTe,1.337782,0.8295078864187575,0.04105149108257964
306,II-VI,M_i_B,Hf,CdTe,1.8650630000000001,1.9748670389775334,0.03369843609887114
307,III-V,M_i_B,La,GaSb,1.016825,1.0003370029385557,0.04254166503785651
308,II-VI,M_i_A,V,CdTe,2.571429,1.7237670497925819,0.018180762660821227
309,II-VI,M_i_B,Sr,CdSe,2.378172,2.0238426169779586,0.02874617247086507
310,II-VI,M_i_B,V,CdTe,1.71833,1.7318631875626607,0.020660981337633725
311,IV-IV,M_A,Na,GeSn,0.347298,0.2638058279747417,0.07240084973343877
312,II-VI,M_i_neut,Tc,CdTe,1.553844,1.601976127683134,0.019614125870435723
313,IV-IV,M_A,Os,SiC,1.916245,2.052203415662047,0.05905837828990211
314,IV-IV,M_i_B,As,SiSn,0.700873,0.8357519616876832,0.025192056950966
315,III-V,M_B,Hg,BSb,0.339262,0.358960827260587,0.060966524571266036
316,II-VI,M_i_neut,Pb,CdTe,1.8255599999999998,1.7107399091908362,0.025790688353595048
317,III-V,M_i_A,La,AlSb,1.354481,1.4866201945285522,0.07212988790249972
318,II-VI,M_i_A,N,CdTe,0.7571060000000001,0.8252072282350402,0.041637350323724114
319,II-VI,M_i_B,Sr,CdTe,2.008769,1.8876127883294178,0.026426842039656305
320,II-VI,M_B,Ge,CdSe,0.7790819999999999,1.5557244161895132,0.06380882023009943
321,II-VI,M_i_A,Ba,CdTe,1.9698349999999998,1.9725286020115746,0.02512865860560566
322,II-VI,M_i_neut,V,CdTe,1.708655,1.7075396469894968,0.01998884493302362
323,IV-IV,M_B,I,SiGe,0.9791209999999999,0.9501303141111253,0.06329554611514676
324,III-V,M_i_neut,Ru,AlAs,1.0753030000000001,1.4492286288864829,0.045675668359741725
325,II-VI,M_A,Ba,ZnS,3.2140470000000003,3.1605785974971403,0.06757895923040695
326,II-VI,M_i_neut,Al,CdTe,1.7946419999999998,1.7670444467547575,0.019953522447921652
327,II-VI,M_i_A,Fe,CdTe,1.608174,1.5921700298126975,0.017796880570183783
328,III-V,M_i_A,Cl,AlAs,0.253145,0.8779263108170724,0.07305125346752181
329,II-VI,M_i_B,Be,ZnTe,1.9888029999999999,1.732092124944165,0.05879174788812072
330,II-VI,M_B,Zn,ZnTe,1.074327,1.1726718972652281,0.05165085602490029
331,III-V,M_B,O,AlAs,1.17303,0.6747358005961763,0.0796589351488906
332,II-VI,M_i_A,S,CdS,0.995384,1.5606303439144198,0.03482538949312662
333,II-VI,M_i_A,Bi,CdTe,1.505536,1.8257195843101137,0.02373634454132067
334,IV-IV,M_i_neut,Tl,SiSn,0.737875,0.7861803428885914,0.037531656191129865
335,III-V,M_i_A,Ir,GaSb,0.387849,0.5484642262121624,0.036313705064775714
336,II-VI,M_A,Bi,ZnS,2.672657,2.614186031004111,0.06983871491324257
337,IV-IV,M_i_B,K,SiGe,1.0391489999999999,0.7574910749841827,0.036619385803630417
338,II-VI,M_i_neut,Be,CdTe,1.771791,1.5721168253705564,0.040578764749229695
339,IV-IV,M_i_B,Hf,GeSn,0.665804,0.7286458815861827,0.03326077857443325
340,IV-IV,M_i_A,Zr,SiGe,0.81881,0.9294433238721096,0.02521736638520457
341,IV-IV,M_i_neut,As,Si,1.043857,1.0082677739290005,0.03631542487462575
342,III-V,M_i_A,Rh,AlP,1.60735,1.588189597972685,0.042919845945506
343,III-V,M_i_A,Tc,GaAs,1.005187,1.0325747624704342,0.032431557164163384
344,II-VI,M_i_B,Fe,CdTe,1.5890360000000001,1.5984481494832417,0.016863559803518956
345,III-V,M_B,Tl,AlAs,1.128107,1.3020281946181191,0.05679027743054908
346,II-VI,M_A,S,CdS,1.295927,1.3031752021598138,0.04772603424987505
347,II-VI,M_B,Ga,CdTe,0.8243540000000001,1.104913148277682,0.03128523658169055
348,IV-IV,M_i_B,V,SiC,2.113858,2.403568984116619,0.04056327993870362
349,IV-IV,M_A,O,Si,0.715314,-0.12065568918996365,0.07356935476825457
350,IV-IV,M_i_neut,K,SiSn,0.909066,0.6779755221244319,0.027925409852078434
351,II-VI,M_B,Cu,CdTe,1.186036,1.0338401370581718,0.03880971225235718
352,II-VI,M_B,Cd,CdTe,1.243495,1.0529860709798868,0.026238752313565365
353,II-VI,M_B,In,CdTe,0.990399,1.2187539949095492,0.026741854980813825
354,II-VI,M_i_neut,Bi,CdTe,1.7153919999999998,1.8096528520349864,0.029499564180403226
355,III-V,M_A,Cr,BSb,0.7901199999999999,0.7089107180965687,0.061702089721763116
356,II-VI,M_i_A,Be,CdTe,1.655111,1.5652468522705243,0.04159664394529427
357,II-VI,M_i_B,Pb,CdTe,1.9620959999999998,1.7841019741409732,0.027083251154218047
358,IV-IV,M_i_A,Tc,SiSn,0.343856,0.6673048367101891,0.024471800002474845
359,II-VI,M_i_A,Co,CdTe,1.623744,1.5141670609533318,0.017936018930171417
360,IV-IV,M_i_B,Ge,SiGe,0.952039,0.9227940555393556,0.017359959294969397
361,III-V,M_i_A,W,AlSb,1.211884,1.1315272187979386,0.06572942672835204
362,II-VI,M_A,N,CdTe,0.930174,0.7135017368370483,0.05171227279995682
363,II-VI,M_i_B,Pd,ZnS,2.973016,2.699914924838417,0.03792009882235412
364,II-VI,M_i_neut,S,CdS,1.450972,1.5640001152482481,0.035934193044832245
365,II-VI,M_i_neut,Rb,CdTe,1.892882,1.7543264821682094,0.0394535248945721
366,II-VI,M_A,O,CdTe,0.028641000000000003,0.38588911761610045,0.054907375813480375
367,II-VI,M_i_B,Sn,CdTe,1.942437,1.710300561360496,0.018771544992269875
368,II-VI,M_i_B,Co,CdTe,1.6972939999999999,1.5287228379739348,0.019107437970326407
369,II-VI,M_i_neut,Sn,CdTe,1.7853729999999999,1.6639384443153027,0.015861293930653057
370,II-VI,M_B,Pb,CdTe,0.760235,0.7762382508657663,0.05400545987274628
371,IV-IV,M_i_neut,Na,Ge,0.7640140000000001,0.568442518493838,0.04481667606534594
372,II-VI,M_i_A,Cl,ZnSe,0.311681,0.9905225988061552,0.05473219140167819
373,II-VI,M_A,La,ZnO,2.4410830000000003,2.37264910430599,0.04371712120721486
374,II-VI,M_i_B,P,CdTe,1.363149,1.406002728362701,0.027320232634780332
375,III-V,M_i_neut,Y,InSb,0.8650110000000001,0.9134605510862979,0.02883840382371111
376,II-VI,M_i_neut,Cs,CdTe,1.88956,1.7519608904805295,0.05922612129796088
377,II-VI,M_i_neut,Ir,CdTe,1.112934,1.3739712562390145,0.02670331784165623
378,III-V,M_i_neut,Ba,InAs,1.269485,1.1323756298731071,0.03727999121489942
379,II-VI,M_i_A,Cs,CdTe,1.86537,1.771506787193378,0.05782692050797001
380,IV-IV,M_A,Be,SnC,-0.064592,0.8512697341570619,0.07299543423730033
381,III-V,M_A,Rb,InP,0.603766,1.0299760526842934,0.06803590022698608
382,IV-IV,M_i_neut,Rb,GeSn,0.759096,0.5185171200212361,0.04238225071603582
383,IV-IV,M_i_B,Zr,GeSn,0.647012,0.7399330381172904,0.0299751225685308
384,III-V,M_B,Pd,AlP,1.8916009999999999,1.7299814362796422,0.07006036701919807
385,II-VI,M_i_B,Si,CdTe,1.866626,1.5069349071157832,0.021909843916876618
386,II-VI,M_i_A,P,ZnTe,1.153145,1.53802774054999,0.04108229883436826
387,II-VI,M_A,W,CdTe,1.406326,1.1939990978109039,0.03886438632289131
388,II-VI,M_i_A,Si,CdTe,1.447969,1.4947155177405755,0.02215318930476549
389,II-VI,M_B,Tl,CdTe,1.094026,1.1217026932704055,0.0508096115056816
390,IV-IV,M_i_A,Mo,SiSn,0.508555,0.6126533286238639,0.027067985235600216
391,II-VI,M_i_neut,Hf,CdTe,1.7572310000000002,1.9031769067214157,0.02795003711692513
392,II-VI,M_i_B,Ca,CdTe,1.940007,1.918990833315375,0.023940755110273264
393,II-VI,M_A,Hf,ZnTe,1.959446,1.8242623419576245,0.050342829902052195
394,II-VI,M_i_neut,Mg,CdTe,1.8769939999999998,1.794554279403919,0.03390601372204358
395,II-VI,M_i_B,I,CdTe,0.676196,1.0279926930129328,0.04086390408861604
396,II-VI,M_A,Re,CdTe,1.203086,1.3235031771763193,0.034616419076029206
397,IV-IV,M_i_neut,Ru,SiSn,0.27528400000000003,0.6113726803342312,0.031198501861756753
398,IV-IV,M_i_A,Sn,Ge,0.812285,0.7762954073084551,0.026641927724303998
399,II-VI,M_i_A,Sr,CdTe,1.9582970000000002,1.8682999616976985,0.027292573694437654
400,II-VI,M_i_B,O,CdTe,0.825624,0.5519398078553504,0.044957892994496346
401,IV-IV,M_B,Cl,GeSn,0.332014,-0.5556719777286843,0.04666556319903806
402,II-VI,M_i_neut,In,CdTe,1.82657,1.829987941028487,0.014881527343981328
403,II-VI,M_i_neut,P,CdSe,1.780491,1.4774294400712946,0.03779225885557686
404,II-VI,M_i_B,Be,CdTe,1.6964569999999999,1.5724985956718514,0.04492986676496432
405,II-VI,M_i_neut,Fe,CdTe,1.677745,1.5747957622252344,0.015302400812462227
406,IV-IV,M_A,Sr,GeSn,0.497884,0.2966428798969055,0.07067956774967313
407,II-VI,M_i_neut,F,ZnO,0.46433100000000005,1.1956883646133751,0.07304209099749884
408,II-VI,M_A,F,CdTe,0.41592399999999996,0.26720227638073785,0.10058604924215903
409,IV-IV,M_i_A,Mo,Sn,0.345972,0.33955988179717905,0.031823475251825814
410,IV-IV,M_A,Co,SiGe,0.186449,0.29609770412418435,0.039322214166834714
411,II-VI,M_i_neut,Li,CdS,2.181914,2.249574740341585,0.05049350245792847
412,IV-IV,M_i_neut,Si,SiGe,0.841934,0.85223936202623,0.025185064180560667
413,II-VI,M_i_A,Mn,CdTe,1.745055,1.6635634918246374,0.02232404331487422
414,IV-IV,M_A,Hf,SiGe,0.768648,0.6581522225456322,0.04935503371890985
415,II-VI,M_i_A,Hf,CdTe,1.780995,1.9495792316566223,0.03085232416923524
416,III-V,M_B,Li,InAs,0.688187,0.26242989019438673,0.0659145055275427
417,II-VI,M_i_neut,Si,CdTe,1.69459,1.491121941298772,0.02105868080189521
418,IV-IV,M_i_A,Cl,Si,0.16321,0.21388994250391374,0.06517526218594771
419,II-VI,M_i_A,Ni,CdTe,1.49952,1.4054376823318422,0.01556160081070997
420,II-VI,M_i_B,Al,CdTe,1.783757,1.7793667038847363,0.021003896567002415
421,II-VI,M_i_A,Pb,CdTe,1.853018,1.7252434957665304,0.021246672832119246
422,IV-IV,M_A,Ca,SiGe,0.49163100000000004,0.5247140132910394,0.043079035589177965
423,III-V,M_i_A,Zr,InSb,0.8943399999999999,0.889665888300434,0.036591631110656685
424,IV-IV,M_i_A,Tc,SiGe,0.63958,0.7714806840741215,0.024304238059576957
425,II-VI,M_i_B,Te,CdTe,1.060625,1.483606764074588,0.03171099031944644
426,II-VI,M_i_A,Sn,CdTe,1.794978,1.6771379184558242,0.012617239853240331
427,IV-IV,M_i_neut,I,Sn,0.373222,0.13629642318603924,0.040253101498110476
428,II-VI,M_i_B,As,CdTe,1.41034,1.5017360906184423,0.0205329833542346
429,IV-IV,M_i_neut,Hg,SiGe,0.90775,1.03154340683554,0.040245544567983786
430,III-V,M_i_B,Pt,GaAs,0.8430469999999999,0.8039124679382743,0.04661073072211082
431,II-VI,M_i_B,S,CdTe,0.7742640000000001,1.0187015936203874,0.026031593131190047
432,II-VI,M_i_B,Cl,CdSe,0.348989,0.5808277817970372,0.04345509006742275
433,III-V,M_i_neut,Na,AlSb,1.5227549999999999,1.2991440111776005,0.06987018440809403
434,II-VI,M_i_A,Al,CdTe,1.7683349999999998,1.772835596666642,0.019440598609133476
435,II-VI,M_i_neut,Co,CdTe,1.59849,1.5049751704919634,0.01647145401663466
436,II-VI,M_i_neut,Hg,ZnSe,2.516495,2.279969438644514,0.03135921825256117
437,II-VI,M_i_A,Ca,CdTe,1.925844,1.913712452799323,0.023851085515500012
438,II-VI,M_B,Pt,CdTe,1.356133,0.8463250273611717,0.04367376652781963
439,II-VI,M_i_B,Mg,CdO,1.7957419999999997,1.879704398163593,0.04048210776334913
440,II-VI,M_i_A,Mg,CdTe,1.845868,1.8007116991905001,0.030595159866755258
441,II-VI,M_i_A,Cr,CdTe,1.740795,1.6325322941093154,0.02023211179027844
442,II-VI,M_B,Sn,CdTe,0.603038,1.1746375514330556,0.025689739121534307
443,II-VI,M_A,Os,ZnTe,1.059268,1.1628454606171028,0.060056223798414354
444,II-VI,M_i_A,P,CdTe,1.111709,1.3920800654138534,0.027306929931439208
445,II-VI,M_i_B,Se,CdTe,0.859032,1.1661692222622793,0.020414524454462603
446,II-VI,M_i_B,Rb,CdTe,1.9038380000000001,1.7828485123835338,0.04214063493472315
447,II-VI,M_A,Mo,ZnTe,1.64431,1.2617377106851684,0.05501493103702959
448,II-VI,M_i_A,Pt,CdTe,1.338084,1.2713967566373912,0.022228659785016782
449,II-VI,M_i_B,Ge,CdTe,1.877673,1.5408023912299664,0.016475847851102555
450,II-VI,M_A,Ru,CdSe,1.103703,0.9861050967143467,0.043128152021994014
451,III-V,M_B,Ru,GaSb,-0.149473,0.09748330892076022,0.04790264442472094
452,II-VI,M_i_neut,Cd,CdSe,1.9933450000000001,1.8569268929397744,0.024751831011905822
453,II-VI,M_i_neut,I,CdTe,0.9500860000000001,0.990295381873793,0.040631819547647684
454,II-VI,M_i_A,Ge,CdTe,1.550802,1.5180940182566267,0.014936381468096487
455,II-VI,M_B,Si,CdTe,0.28277399999999997,1.2105009997195193,0.041386783282147094
456,II-VI,M_i_neut,Cr,CdTe,1.748098,1.6218666094034369,0.018990240973223813
457,II-VI,M_i_B,Se,CdSe,1.045999,1.2483509613872696,0.03543099160692789
458,IV-IV,M_i_neut,Ru,GeSn,0.26764499999999997,0.495448521069931,0.03287038568344675
459,IV-IV,M_A,Y,Ge,0.07689,0.38897792097553985,0.05902950922447741
460,II-VI,M_i_A,I,CdTe,0.49721000000000004,0.9915891817558178,0.03777761131888779
461,II-VI,M_A,Ru,ZnSe,1.3537700000000001,1.4453472124487843,0.059405558124419396
462,II-VI,M_i_neut,Ge,CdTe,1.727524,1.5116230792787517,0.015751405408415964
463,II-VI,M_B,Pd,CdTe,1.3576409999999999,0.9432151469644052,0.03218825746853005
464,II-VI,M_A,Os,CdTe,1.000199,1.0065834821432453,0.034780372417469785
465,II-VI,M_A,Mo,CdTe,1.210581,1.0591205456130255,0.02630268173793855
466,II-VI,M_i_neut,Ga,CdTe,1.7872580000000002,1.687186632143942,0.019214435374481358
467,II-VI,M_i_neut,P,CdTe,1.473722,1.3920434925590193,0.02593326506286157
468,III-V,M_A,Ta,AlAs,1.7288830000000002,1.4658228492314667,0.070867423796326
469,II-VI,M_i_B,Mg,CdTe,1.8455439999999999,1.8028279896641954,0.030636078149957162
470,II-VI,M_B,Hg,CdTe,1.3493709999999999,0.9021021977102734,0.04671762758328466
471,II-VI,M_i_neut,Mn,CdTe,1.724664,1.6431089593982904,0.023809675118981147
472,II-VI,M_i_B,Mn,CdTe,1.825103,1.6691481909256887,0.02213904155146732
473,III-V,M_i_neut,Se,GaSb,0.63558,0.5612820258547853,0.032386050091895976
474,II-VI,M_A,Cl,CdTe,0.8134060000000001,0.24206222234040298,0.05365514109570862
475,II-VI,M_i_neut,K,CdTe,1.864067,1.7917591851626746,0.028349784565824276
476,II-VI,M_i_neut,Tl,ZnTe,2.202178,1.9112131349039032,0.04430992092769402
477,II-VI,M_B,Ge,CdTe,0.393108,1.1581166883633163,0.03324704146583452
478,II-VI,M_A,Nb,CdTe,1.626989,1.2214427754563038,0.03121170938555586
479,IV-IV,M_i_B,Pt,SiSn,0.485043,0.5073672207502185,0.036311356379828054
480,II-VI,M_i_B,Cr,CdTe,1.760562,1.6483061118028153,0.020147319582678732
481,II-VI,M_i_neut,Tl,CdTe,1.8506189999999998,1.7754480622387994,0.02533708008648853
482,II-VI,M_i_A,Te,CdTe,0.9773059999999999,1.4461503042789852,0.02453929224822735
483,II-VI,M_A,Ru,CdTe,0.802909,0.8829029026836125,0.02827720391237393
484,II-VI,M_i_A,O,ZnO,0.839873,1.4277140220979432,0.040543026038102704
485,IV-IV,M_A,Hf,Ge,0.286283,0.4047229107450054,0.05126170439660171
486,II-VI,M_i_A,As,CdTe,1.240135,1.4807060537819314,0.021131272575226075
487,II-VI,M_B,Ag,CdTe,1.351348,1.1144172532927132,0.029136593204687092
488,II-VI,M_i_B,Ni,CdTe,1.591451,1.4201311752575578,0.015192720758492453
489,II-VI,M_i_B,Au,ZnSe,1.964794,1.8266350496753052,0.03138119530963024
490,II-VI,M_i_neut,O,CdO,0.7316779999999999,0.5901919078176767,0.04508068246555012
491,II-VI,M_i_B,Pt,CdTe,1.48764,1.3141956788480407,0.02376163932555007
492,II-VI,M_A,Zr,CdTe,1.6487150000000002,1.4260932103071258,0.0398142388299094
493,II-VI,M_i_neut,Co,CdSe,1.8085759999999997,1.6021035412049869,0.028692643810325696
494,IV-IV,M_B,Ca,SiSn,0.144873,0.25754211914847536,0.04864527220913251
495,II-VI,M_i_neut,Zn,CdTe,1.70409,1.627732165567115,0.0190284592404759
496,IV-IV,M_i_A,W,Si,0.7283390000000001,0.9634327350131746,0.0548241967755179
497,II-VI,M_A,S,CdTe,0.459255,0.752554389825814,0.03796901930782342
498,IV-IV,M_i_A,Sr,SiSn,1.015958,0.7501163701147349,0.03184618277615306
499,III-V,M_i_neut,Sc,GaAs,1.323703,1.2674526697594002,0.029659854878153515
500,II-VI,M_i_B,In,CdTe,1.84027,1.8711295677187945,0.023035360804070537
501,IV-IV,M_i_neut,Tl,GeSn,0.6,0.681626576483826,0.03074233622774241
502,II-VI,M_i_neut,Cd,CdTe,1.775882,1.7238465690880715,0.017171537585130337
503,II-VI,M_i_B,Ti,ZnTe,1.8933779999999998,2.00708162824471,0.0411801670385953
504,II-VI,M_A,Br,CdTe,0.958765,0.44404413544701987,0.07013617278171796
505,II-VI,M_i_B,Cd,CdSe,1.939482,1.887441382912879,0.024820241789735364
506,IV-IV,M_A,Li,Si,0.3752,0.5773178962948995,0.07510453373765236
507,II-VI,M_A,Sn,ZnS,3.161837,2.461505984486975,0.046154522022074804
508,III-V,M_B,Au,BAs,0.9651040000000001,1.0592106160640402,0.062173033274163715
509,III-V,M_i_A,O,InSb,-0.108605,-0.11647234718717807,0.06636854659141034
510,IV-IV,M_i_neut,Fe,SiC,1.64874,2.4318631360419087,0.03555397066117954
511,II-VI,M_B,Ge,ZnTe,0.34276799999999996,1.2932086307495636,0.04409236888586108
512,II-VI,M_i_neut,O,CdTe,0.244062,0.5320833712372639,0.04697161379066601
513,II-VI,M_i_A,Cd,CdSe,1.963014,1.8733253020916756,0.022496060823266904
514,II-VI,M_i_A,Au,ZnSe,1.9377419999999999,1.793939358272182,0.03590469951163563
515,II-VI,M_i_neut,Te,CdTe,1.262213,1.4387703017861602,0.02536515695187545
516,II-VI,M_i_B,Br,CdTe,0.391815,0.7203629378786112,0.051392279947778466
517,II-VI,M_i_A,S,CdTe,0.456686,1.0081300493996292,0.026662115346807774
518,II-VI,M_i_neut,As,CdTe,1.564689,1.4750620383648312,0.020310268138507833
519,IV-IV,M_A,Os,GeSn,0.141448,0.03161478983162615,0.060178529217942096
520,IV-IV,M_i_neut,K,GeSn,0.724179,0.5579653328246732,0.0368104812745741
521,II-VI,M_A,I,CdTe,1.199398,0.6806428189489382,0.05690157101968773
522,II-VI,M_i_A,Se,CdTe,0.673499,1.1399522787203449,0.021008635788873912
523,II-VI,M_i_A,Se,CdSe,0.955257,1.224950179770222,0.03460810950132964
524,III-V,M_i_A,Rb,GaSb,0.9950120000000001,0.7153203903487936,0.04445833706903783
525,II-VI,M_i_A,O,CdTe,0.062677,0.5288721694738976,0.03998428268296032
526,IV-IV,M_B,Y,SiSn,0.035059,0.28258958230297504,0.04458056206489527
527,II-VI,M_i_A,Rb,CdTe,1.854744,1.7655383021706528,0.0396176787640083
528,II-VI,M_A,Ir,CdTe,0.983417,1.0383680315168027,0.03495203923870992
529,IV-IV,M_A,Rb,Sn,0.44811000000000006,0.15330222155509937,0.056094712048594716
530,II-VI,M_A,B,CdO,0.980928,0.8771606487689958,0.0719005302274656
531,II-VI,M_i_neut,S,CdTe,0.900697,1.0062133068789854,0.028357513160644825
532,IV-IV,M_i_A,K,Ge,0.788121,0.5574223196473784,0.03717548743643748
533,IV-IV,M_i_B,Co,GeSn,0.458679,0.6123368732601794,0.019496761662142256
534,III-V,M_B,V,BP,0.945852,1.2433694121840155,0.08168187435657054
535,II-VI,M_B,N,CdTe,-0.051176,0.49066843509626495,0.06891750041119106
536,III-V,M_A,Hf,AlP,2.056479,1.7414551555273257,0.10723748964301417
537,II-VI,M_i_neut,Se,CdSe,1.348761,1.2287617004752462,0.03610269513798459
538,II-VI,M_i_neut,Se,CdTe,1.073784,1.137606365445718,0.02167509983775109
539,II-VI,M_A,Se,CdS,1.498109,1.388022378737681,0.04789127383155797
540,II-VI,M_i_A,In,CdTe,1.809203,1.8521342645916774,0.014409912885458436
541,IV-IV,M_i_neut,Ag,Si,1.0155049999999999,0.9754199655741973,0.03540496457855315
542,II-VI,M_B,Ni,ZnSe,1.9358369999999998,1.850026835557222,0.06303093157680498
543,II-VI,M_i_B,Zn,CdTe,1.638775,1.6571565123877263,0.020732296706412315
544,III-V,M_i_A,Cu,BAs,1.725327,1.3526614778607249,0.04155991732904326
545,II-VI,M_i_B,Cd,CdTe,1.735544,1.7707676309659761,0.02241619596651962
546,IV-IV,M_i_A,P,GeSn,0.424597,0.6127264498776306,0.02978962604459491
547,IV-IV,M_A,Ga,GeC,0.234078,1.4022855819197784,0.07289947420203202
548,III-V,M_i_neut,Ti,GaP,1.733684,1.7075885635955295,0.05437490666075137
549,IV-IV,M_i_B,In,SiSn,0.9377620000000001,0.8876257636055817,0.027991474218737978
550,III-V,M_i_B,Pt,InSb,0.478066,0.45224538595657665,0.031692882032385676
551,II-VI,M_i_neut,Ni,CdTe,1.5649629999999999,1.3962553729353668,0.014880867860073362
552,II-VI,M_A,Se,CdTe,1.197233,0.8356113208058431,0.03209637698173671
553,III-V,M_A,Cd,BSb,0.507414,0.897198060835785,0.053124507354408115
554,II-VI,M_i_B,Ga,CdTe,1.778644,1.7125590346484472,0.021511860271934878
555,II-VI,M_i_B,K,CdTe,1.83666,1.7997697689641854,0.034317622691347666
556,IV-IV,M_B,Li,SiSn,-0.060160000000000005,-0.1750925952343533,0.08298243625217613
557,II-VI,M_i_B,Cl,CdTe,0.2471,0.502514136750674,0.03722088376706341
558,III-V,M_i_A,Pb,InAs,1.26652,1.1264498548961743,0.03281911264728441
559,II-VI,M_B,Au,CdTe,1.348008,0.9655925037494744,0.04880596160776932
560,II-VI,M_i_B,Tl,CdTe,1.8781700000000001,1.8502622983646773,0.035620271865136895
561,II-VI,M_i_A,Cu,CdTe,1.446223,1.412699228415378,0.017025323645413756
562,III-V,M_A,Hf,GaAs,1.124727,1.2375372548518588,0.03392788251796125
563,II-VI,M_i_A,Zn,CdTe,1.675766,1.6470319425533362,0.01892041259389642
564,IV-IV,M_i_neut,Sc,SiSn,0.820428,0.8988172688431227,0.02596456886790965
565,II-VI,M_i_neut,Pt,CdTe,1.557488,1.24565696029794,0.02317360209932603
566,III-V,M_B,Cu,GaP,1.025074,1.2261007328563296,0.07120649873236926
567,II-VI,M_A,La,CdTe,1.8881,1.6629732268461361,0.04070539848545325
568,IV-IV,M_i_A,Be,SiGe,0.818399,0.8693102437936995,0.05041975644136198
569,IV-IV,M_i_A,Mg,SiGe,0.996655,0.9856160547358271,0.03556993207376078
570,II-VI,M_i_A,Cd,CdTe,1.740722,1.7564883304389063,0.016260666476988227
571,II-VI,M_B,Bi,CdTe,0.309424,0.9545078949090152,0.035725115681077405
572,II-VI,M_A,Pt,ZnSe,1.163707,1.4538556176403525,0.061061427497737096
573,II-VI,M_i_A,Ga,CdTe,1.759161,1.7040087222831268,0.019974167715278164
574,II-VI,M_i_neut,Pt,ZnTe,1.877117,1.3901838005130494,0.04677891909432351
575,II-VI,M_A,B,CdTe,1.4244379999999999,0.8353054110328323,0.058760114508393024
576,II-VI,M_i_A,Br,CdTe,0.20832699999999998,0.6893849796269527,0.04820024833820748
577,II-VI,M_i_neut,Br,CdTe,0.255833,0.6835103027511801,0.0467661499428161
578,IV-IV,M_i_B,Cr,SiC,2.107253,2.352133904344586,0.044841631038303464
579,II-VI,M_i_A,Ni,CdO,1.512889,1.503892314222118,0.03230292067814582
580,III-V,M_i_neut,Se,InSb,0.47137299999999993,0.5020149671501473,0.039013204336670396
581,IV-IV,M_i_A,Be,Si,0.8463649999999999,0.9589712359969129,0.05081533104519587
582,II-VI,M_i_neut,Cl,CdTe,0.453539,0.4903644741130064,0.04130666624378343
583,II-VI,M_A,Rh,CdTe,0.867022,0.8633304922539855,0.027886312439136307
584,IV-IV,M_i_B,Al,SiSn,0.895446,0.9663253829155586,0.02218630068429558
585,III-V,M_B,Se,BP,1.756,1.3770741031264975,0.09862104491311031
586,III-V,M_i_neut,F,AlSb,1.90208,0.3575753117761368,0.07682928197501085
587,IV-IV,M_i_neut,Rh,Sn,0.076475,0.2684064054114451,0.03686545443682434
588,IV-IV,M_B,Y,GeSn,0.06878,0.1634735113013382,0.04823597280397748
589,III-V,M_i_neut,Zn,GaAs,1.020097,1.2461107074974067,0.02889318322290446
590,II-VI,M_i_A,K,CdSe,1.90071,1.8876360291842935,0.027923068457452335
591,IV-IV,M_i_A,Si,Sn,0.34528000000000003,0.47167237546101626,0.03189213285259453
592,II-VI,M_A,B,ZnSe,2.168184,1.43330449099349,0.07926611340213417
593,IV-IV,M_i_neut,Bi,Sn,0.5030279999999999,0.7787365762633381,0.035560666996275934
594,III-V,M_B,Zn,InAs,0.503292,0.8127744026952873,0.05275077248166967
595,II-VI,M_i_neut,Hg,CdTe,1.7071880000000001,1.6933912237366493,0.03269394850231585
596,IV-IV,M_i_neut,Sn,Sn,0.366163,0.5697216411211558,0.0335040413696542
597,IV-IV,M_i_A,Co,Sn,0.21300500000000003,0.41913823216935386,0.03252233375819089
598,III-V,M_B,F,InP,1.332025,0.2743225567369192,0.10878943749707207
599,II-VI,M_A,Se,CdSe,1.345604,0.9161352127107996,0.04653307246733154
600,II-VI,M_A,Cs,CdTe,0.495329,1.403744452728566,0.04741881613627891
601,II-VI,M_A,Tc,CdTe,1.3275290000000002,1.1171999929831078,0.023933472765609115
602,III-V,M_i_A,Li,InN,1.484849,1.6515854892040873,0.05343535604634685
603,IV-IV,M_i_neut,Pt,Ge,0.328988,0.3774517319252282,0.03934244558587084
604,II-VI,M_i_B,Pd,ZnSe,2.253762,2.021409777646554,0.03274755456706919
605,II-VI,M_A,Rb,CdO,0.29149200000000003,1.164295743748606,0.06727480805342173
606,III-V,M_A,Se,GaSb,0.735129,0.3289631530163911,0.03823002394018144
607,IV-IV,M_A,Tl,Si,0.368315,0.718870074407687,0.053085274780857256
608,II-VI,M_i_B,Fe,ZnSe,2.354993,2.126888238729925,0.03742327972455072
609,II-VI,M_i_B,Cu,CdTe,1.700553,1.4266091604867512,0.0191428032463558
610,II-VI,M_A,Ta,CdTe,1.6673529999999999,1.4160156360200802,0.0363963446995527
611,II-VI,M_i_B,Ag,ZnTe,2.045464,1.690606329110785,0.04872052829276355
612,II-VI,M_A,As,ZnSe,2.3534900000000003,1.5673213480426336,0.04597210019814523
613,III-V,M_B,S,AlSb,1.276114,0.6005731149031417,0.07239506497121621
614,II-VI,M_A,Te,CdTe,1.386001,1.060155998954419,0.04415406647052347
615,II-VI,M_i_A,K,CdTe,1.838296,1.7883716221057966,0.03178021645091809
616,II-VI,M_i_A,Tl,CdTe,1.82827,1.8123161377035744,0.01820359549568271
617,II-VI,M_A,P,CdTe,1.581749,1.0409788103105524,0.026769357930714017
618,II-VI,M_A,Pt,CdTe,0.613059,0.9394282075091546,0.04167148176080284
619,III-V,M_i_neut,Be,InN,1.953991,1.8900999359762554,0.060466440036026345
620,II-VI,M_B,F,CdTe,1.082319,0.21565249387264074,0.10219334453923037
621,II-VI,M_i_neut,Cu,CdTe,1.743516,1.4016668414761448,0.01779625746733985
622,II-VI,M_i_A,Au,CdSe,1.458927,1.3817190838646496,0.03274245354436708
623,III-V,M_i_B,Ag,GaAs,1.350133,1.0543061924163841,0.03590112462991183
624,IV-IV,M_A,S,Ge,0.453683,-0.008028439144191513,0.05141319125535733
625,III-V,M_i_A,Tl,InAs,1.186801,1.1085376004315617,0.029368696831338477
626,IV-IV,M_A,Ir,GeSn,0.127411,0.050289864543711205,0.056791939824634735
627,II-VI,M_i_B,F,CdTe,0.11909700000000001,0.29644829522929395,0.0707118454553917
628,IV-IV,M_B,Rh,SiSn,0.05775,0.09706036518656365,0.05743041896372385
629,II-VI,M_i_neut,F,CdTe,0.099952,0.2920774459637765,0.07809092631790737
630,II-VI,M_i_neut,Na,CdTe,1.8112150000000002,1.8066769916457524,0.04401712231273338
631,II-VI,M_A,Y,CdTe,1.801722,1.6767549839986355,0.039160250506657474
632,II-VI,M_i_A,Pd,CdTe,1.510996,1.4732904379078673,0.01697042908976783
633,II-VI,M_i_B,Pd,CdSe,1.5236459999999998,1.6008838771553653,0.027150906142864757
634,II-VI,M_i_B,Hg,CdTe,1.704484,1.7692454342944166,0.037299423327752095
635,IV-IV,M_i_neut,Ge,Sn,0.232438,0.5151107135432943,0.0313367917546087
636,II-VI,M_i_B,Au,CdTe,1.3559290000000002,1.300755472700028,0.026774426588390406
637,IV-IV,M_i_neut,Zn,Ge,0.617734,0.7774858451237663,0.02776093689106254
638,II-VI,M_i_A,Au,CdTe,1.150216,1.2523945783835444,0.02988950498266113
639,II-VI,M_A,Rb,CdTe,0.38021,1.3435074936856881,0.04752043553799359
640,IV-IV,M_B,Ag,SiGe,0.314297,0.6200703605965613,0.046686365715959986
641,II-VI,M_i_A,Fe,CdSe,1.7463349999999997,1.6987604441369921,0.02638434991589795
642,II-VI,M_i_A,Cl,CdTe,0.145508,0.48945624518837894,0.04107565594772124
643,IV-IV,M_i_A,Mg,Ge,0.74842,0.7900992302347748,0.03481564075009848
644,II-VI,M_A,Ti,CdTe,1.549305,1.3296974161361388,0.03173590475237476
645,II-VI,M_i_neut,Au,CdTe,1.562323,1.2341193079957555,0.024942841461106053
646,II-VI,M_i_B,Pd,CdTe,1.553018,1.501700534457709,0.01936976803791438
647,III-V,M_A,Al,BAs,1.554859,1.298845574594769,0.062751477041205
648,III-V,M_i_A,F,GaAs,-0.099874,0.13797888131835606,0.0991210369430914
649,IV-IV,M_i_neut,Pd,SiGe,0.755111,0.76277472148818,0.01968169445973866
650,II-VI,M_i_neut,F,ZnSe,0.17815699999999998,0.7931415938342076,0.08215532342603973
651,II-VI,M_A,Sc,CdTe,1.7248900000000003,1.5206526425963427,0.036802798332313494
652,II-VI,M_B,Br,ZnSe,2.4899009999999997,1.6876272071209517,0.09685037789793172
653,II-VI,M_i_A,Ag,CdTe,1.629559,1.508081579019373,0.015211988367279435
654,II-VI,M_A,Ni,CdTe,0.583584,0.8997046377529255,0.034435083617058874
655,II-VI,M_i_neut,Ag,CdTe,1.732507,1.4934772634122517,0.01821885798117294
656,IV-IV,M_i_A,F,GeSn,0.067591,-0.2827998900157686,0.0975026473919682
657,II-VI,M_i_A,Hg,CdTe,1.686205,1.742230962743411,0.03169467674859353
658,II-VI,M_A,V,CdTe,1.346817,1.1601775816163067,0.031543310584437205
659,III-V,M_i_neut,Li,GaP,1.902543,1.471103125932766,0.06760142976612316
660,II-VI,M_A,Pd,CdTe,0.489799,1.050048560418359,0.030872155987454762
661,IV-IV,M_i_neut,Sc,GeSn,1.2,0.7834922992252047,0.025522846986282138
662,II-VI,M_A,In,CdS,2.088316,2.0533909663130316,0.04021341289177775
663,II-VI,M_A,Bi,CdTe,1.7866,1.5106164059274156,0.04655329406445116
664,II-VI,M_i_B,Ag,CdTe,1.74869,1.5371302566334009,0.02413961845272112
665,II-VI,M_i_neut,Pd,CdTe,1.569359,1.4619771001309385,0.014679011112654116
666,II-VI,M_A,As,CdTe,1.6327479999999999,1.07141170952894,0.029357443692603936
667,II-VI,M_A,K,CdTe,0.279484,1.3025772879955217,0.05063397526382082
668,II-VI,M_i_B,Na,CdTe,1.787896,1.813272639136845,0.04436804817200429
669,II-VI,M_i_neut,Li,CdTe,1.7934860000000001,1.7049961964051945,0.04861749030584695
670,III-V,M_B,S,GaSb,0.657301,0.00035818665894885027,0.05450154593448953
671,II-VI,M_A,V,CdS,1.9545080000000001,1.74040690997674,0.031729261421530375
672,IV-IV,M_i_A,Au,GeSn,0.38645100000000004,0.40534493755040557,0.03720427280765651
673,II-VI,M_i_neut,Ag,CdSe,1.7940029999999998,1.6055722771155363,0.028374375689711295
674,II-VI,M_B,P,CdTe,0.06876499999999999,0.9618689804020011,0.03889106518601304
675,III-V,M_A,Pd,InSb,0.121841,0.19121852844390017,0.04199585288591944
676,II-VI,M_i_A,F,CdSe,0.082884,0.383154821799902,0.08033845035025954
677,II-VI,M_i_A,Li,CdTe,1.753596,1.705348277218506,0.05074571786437558
678,II-VI,M_i_A,Na,CdTe,1.787891,1.7986193755832063,0.0428814518295102
679,II-VI,M_A,Fe,CdTe,0.9685819999999999,1.0623150063406663,0.028648302918663236
680,IV-IV,M_A,Sc,SiGe,0.126986,0.5515770737816829,0.037526898358524914
681,II-VI,M_B,Cl,CdTe,1.640673,0.5280164651486233,0.04874924735841144
682,II-VI,M_B,As,CdTe,0.093086,1.0199351775448566,0.02845934684803949
683,II-VI,M_A,Al,ZnSe,2.432193,1.811339785495813,0.07440102373682835
684,III-V,M_A,Ca,InAs,0.066192,0.7181977888688748,0.04717104116470193
685,III-V,M_A,Be,BP,0.26903499999999997,1.4314463652770129,0.06620261100316172
686,II-VI,M_A,Cr,CdTe,0.85885,1.0105645790365336,0.03612677592279626
687,II-VI,M_A,Co,CdTe,0.9651559999999999,0.9924639198981946,0.030354737843833222
688,II-VI,M_B,O,CdTe,0.974972,0.4048359282657171,0.08512125373205842
689,II-VI,M_B,Br,CdTe,1.6930189999999998,1.0675465651314662,0.08231248670060982
690,II-VI,M_i_B,Li,CdTe,1.757693,1.7014226158517842,0.048078181473516536
691,II-VI,M_B,I,CdS,2.280855,1.9574628681529596,0.06705862379721378
692,IV-IV,M_B,Pt,SiGe,0.28281,0.2919992519836301,0.05846153392760485
693,IV-IV,M_A,Ag,SiSn,0.287649,0.28878477448711387,0.04029303399640936
694,II-VI,M_A,Hg,ZnO,1.825611,2.4756213013087973,0.06370855908274857
695,IV-IV,M_A,Se,Ge,0.509911,0.1453132888868245,0.04173832534377976
696,II-VI,M_B,Br,CdS,2.234815,1.5350368737922817,0.06243033699730009
697,II-VI,M_A,Ba,CdTe,1.739227,1.7518481631089196,0.04920420621264879
698,II-VI,M_B,I,CdTe,1.755441,1.2963370211943577,0.0582150439724647
699,IV-IV,M_A,B,SiSn,-0.065087,-0.15144089027067,0.04560050364746135
700,II-VI,M_A,Si,CdTe,1.619768,1.0596510952916713,0.03272760407544808
701,IV-IV,M_i_B,Ga,GeSn,0.675589,0.715041812875398,0.02519136368564631
702,IV-IV,M_i_A,Ca,Sn,0.5145770000000001,0.5034461460155791,0.044203714424349165
703,III-V,M_A,Cd,AlP,0.377373,1.515093836576054,0.06963145983909931
704,II-VI,M_i_A,F,CdTe,0.05481799999999999,0.2987442648144681,0.09001484792306123
705,IV-IV,M_B,Hg,SiSn,-0.028769,0.13731130281854143,0.05962467154641719
706,IV-IV,M_B,Ti,SiGe,0.513935,0.5404612173004935,0.04891733928137741
707,IV-IV,M_A,Be,Sn,-0.263784,-0.28578149031079014,0.08472406552506247
708,IV-IV,M_A,Mn,SiSn,0.49140900000000004,0.24813004091337598,0.03963358367059516
709,III-V,M_A,Bi,InP,1.4927540000000001,1.4015299916590416,0.06862748298567929
710,III-V,M_A,Sn,GaP,1.885768,1.4735878788030132,0.05867739365135135
711,IV-IV,M_A,Ti,Si,0.694088,0.6941186671068749,0.047103522583139774
712,II-VI,M_i_neut,Mn,ZnTe,1.9609419999999997,1.7925438143664016,0.038389200552716184
713,II-VI,M_A,Sr,CdTe,1.6863700000000001,1.6605549383255938,0.045208576718584775
714,II-VI,M_A,Al,CdTe,1.638151,1.2356668710180712,0.03307686243804002
715,II-VI,M_A,Ga,ZnTe,1.671195,1.436371941974219,0.05475803563419358
716,IV-IV,M_i_neut,Mn,Si,0.7844260000000001,1.0343316792839399,0.03282164065440252
717,II-VI,M_A,Na,CdTe,0.168238,1.2516142378489437,0.04197424359179331
718,II-VI,M_A,Sn,CdTe,1.688809,1.2867501263698204,0.032683343249691736
719,II-VI,M_A,Ga,CdTe,1.396946,1.253040100392477,0.032259852980515286
720,IV-IV,M_A,Cr,SnC,1.206876,1.0023518886862708,0.06345702865532912
721,III-V,M_A,Ag,InSb,-0.000995,0.18793675054697098,0.03906262535572917
722,IV-IV,M_i_A,Zn,SiSn,0.639439,0.8733572784184851,0.030988326592345152
723,II-VI,M_A,In,CdTe,1.615171,1.4725338702472577,0.029115250170598336
724,III-V,M_i_A,Cr,AlP,1.948462,1.7735280024061038,0.04359677848203486
725,II-VI,M_A,Cu,CdTe,0.16797,0.8966211502159116,0.03429430268196916
726,IV-IV,M_A,Ge,SiC,2.0317369999999997,2.0805223862469227,0.05187092153033937
727,III-V,M_i_B,Cu,InP,1.530883,1.2841770695257044,0.062335017412163955
728,II-VI,M_A,Au,CdTe,0.262151,0.937608632660476,0.04651931230928086
729,II-VI,M_A,Pb,CdTe,1.6797220000000002,1.5075888872488652,0.04690508267861438
730,IV-IV,M_A,Bi,SiSn,0.792574,0.6589463006366592,0.0498809416100815
731,IV-IV,M_A,In,SiGe,0.202395,0.39540898014121717,0.04585956379541895
732,II-VI,M_A,Tl,CdTe,1.190799,1.644447741733758,0.036763631313656495
733,III-V,M_i_B,Cu,AlSb,1.33171,1.286854908239137,0.06548675837480658
734,II-VI,M_A,Ca,CdTe,1.6366559999999999,1.6633669637422401,0.04523573315854894
735,III-V,M_A,Si,GaAs,1.221868,0.862610191575979,0.04080887975882162
736,IV-IV,M_B,B,GeC,0.29596,1.4550798824629563,0.07234921567264914
737,II-VI,M_A,Ge,CdTe,1.618741,1.102281997725186,0.029528659398780077
738,IV-IV,M_A,Au,Ge,0.129369,0.24566970528781457,0.06304849492391416
739,II-VI,M_A,Hf,CdTe,1.6817229999999999,1.631976581949812,0.03660710178143323
740,II-VI,M_i_neut,Ni,CdSe,1.61043,1.4947071041013786,0.02838038642172931
741,II-VI,M_A,Pb,CdSe,1.6405439999999998,1.613564030437442,0.04749772587950762
742,IV-IV,M_i_B,Ti,GeSn,0.616147,0.7215925490230773,0.02294269278371509
743,II-VI,M_A,Li,CdTe,0.077557,1.0591118119216645,0.05738825689564794
744,IV-IV,M_i_neut,Cu,Si,0.9395020000000001,0.8982784549712599,0.0393030328228179
745,II-VI,M_A,Ag,CdTe,0.174728,1.0089582584811299,0.03331255201499206
746,II-VI,M_A,Fe,ZnO,2.0725990000000003,2.055696119092368,0.05643703547431524
747,II-VI,M_A,Tl,CdSe,1.2986030000000002,1.761990586863277,0.045066930855906615
748,IV-IV,M_A,Sb,SiSn,0.8050069999999999,0.49968172772226127,0.0325560443286494
749,IV-IV,M_i_A,Ni,SiSn,0.502034,0.6409419502257948,0.02547846473061396
750,II-VI,M_B,S,CdTe,1.413447,0.8574182400338032,0.03792371590827676
751,II-VI,M_A,Be,CdTe,1.424126,1.151352855429624,0.052098603923718616
752,II-VI,M_A,Mn,CdTe,1.486931,1.140086178324767,0.03986770804653055
753,III-V,M_A,Ni,GaP,0.400332,1.20484920294671,0.04621664040596013
754,II-VI,M_B,Se,CdTe,1.482451,1.1232730639185848,0.04225885992015117
755,II-VI,M_A,Zn,CdTe,1.4786270000000001,1.2440041089845384,0.03034323865086499
756,III-V,M_i_neut,Ni,InAs,0.936898,0.8672307065970168,0.029766411961275916
757,IV-IV,M_i_A,Cu,GeSn,0.45084399999999997,0.548661957792317,0.021024238933779762
758,IV-IV,M_A,Sb,Sn,0.349439,0.05834146017729005,0.037836364878256895
759,II-VI,M_A,Hg,CdTe,1.524059,1.600464003600494,0.0441620778176201
760,III-V,M_A,Al,InAs,0.845901,0.5850340286865947,0.06383323838774786
761,II-VI,M_A,Mg,CdTe,1.535854,1.3590986496510045,0.04334696201283104
762,IV-IV,M_B,Ge,GeSn,0.154357,0.2620004236419856,0.04648310294678137
763,III-V,M_B,As,InSb,0.5162640000000001,0.3631700669851405,0.05219298136509703
764,II-VI,M_B,Se,CdS,1.91698,1.7138961503174144,0.05352638910001841
765,III-V,M_B,Ge,BSb,0.044601999999999996,0.5188678340352773,0.05441625271589062
766,IV-IV,M_i_neut,Ni,SiGe,0.713055,0.7231919556457054,0.019284841772905598
767,IV-IV,M_A,Cu,GeSn,0.055899000000000004,0.020457126960917744,0.047936340592846106
768,II-VI,M_i_A,Cr,ZnTe,2.036915,1.7822253661224203,0.039684904712788106
769,III-V,M_A,Al,GaSb,0.50279,0.7187992902055906,0.040619398485629184
770,II-VI,M_A,Cd,CdTe,1.551445,1.4086475539554164,0.03219263424824654
771,II-VI,M_B,Te,CdTe,1.55409,1.2936811896238776,0.03972776533617698
772,III-V,M_A,Al,AlSb,1.346501,1.1554526476162459,0.09736879022375867
773,IV-IV,M_A,Ge,Si,0.793689,0.62024774150887,0.05093865256242887
774,II-VI,M_B,Se,ZnTe,1.812395,1.2765207537319,0.05948542993049345
775,II-VI,M_A,Cu,CdSe,0.327425,0.98245662041981,0.04176284159326265
776,III-V,M_A,Fe,AlSb,0.41241700000000003,0.9910172872511271,0.090225344859428
777,IV-IV,M_A,Mn,Sn,-0.09643099999999999,-0.2830902405778056,0.039062852426266025
778,IV-IV,M_A,V,SiC,1.832427,1.9892569091907781,0.05128944079793896
779,III-V,M_A,Ti,AlAs,1.4695639999999999,1.3702166224044237,0.07472986576779964
780,II-VI,M_A,Cu,ZnTe,0.24495,1.1031337806924784,0.053502969883143146
781,IV-IV,M_i_A,N,Ge,-0.042059,0.2090311368794771,0.05821390161890447
782,IV-IV,M_B,V,GeSn,0.369705,-0.04375733298430466,0.03743003965906088
783,III-V,M_B,N,BAs,1.272289,0.8250047734170194,0.06597005386912988
784,IV-IV,M_A,Cr,GeC,1.7774310000000002,1.4930936407569888,0.08022745550922879
785,IV-IV,M_A,Cr,Sn,-0.122201,-0.25172315049125576,0.03474785072564127
786,IV-IV,M_B,N,GeSn,-0.045221,-0.18395045819033506,0.07482687187604008
787,IV-IV,M_i_A,N,Sn,-0.114803,0.020587957333852613,0.05126187634465937
788,II-VI,M_i_neut,Hf,ZnO,3.05,2.7728082402856615,0.04528021893291242
789,II-VI,M_i_neut,Nb,ZnO,2.78,2.5032270113953934,0.03548258457891553
790,II-VI,M_B,Sr,ZnS,3.2,2.9891478376603082,0.06748093284420682
791,II-VI,M_B,Sc,CdO,1.95,1.9389004817023636,0.05092800823833844
792,II-VI,M_i_A,Zn,ZnO,2.9,2.6174822779614892,0.03407242452151698
793,II-VI,M_i_B,Zn,ZnO,2.89,2.618387881735759,0.037459795238513255
794,II-VI,M_i_neut,Zn,ZnO,2.73,2.609376682068249,0.03711568102167342
795,II-VI,M_i_B,O,ZnO,1.44,1.41949709228182,0.050433793646856566
796,II-VI,M_i_neut,O,ZnO,0.8,1.4124378089769927,0.05228625392352447
797,II-VI,M_A,S,ZnS,1.35,1.8215512754803604,0.0676765557007616
798,II-VI,M_B,Zn,ZnS,2.18,2.370835621010663,0.07942920832117302
799,II-VI,M_i_B,Zn,ZnS,3.2,2.876587082026373,0.04348434268917393
800,II-VI,M_i_neut,Zn,ZnS,3.21,2.8647013461418895,0.04175563097317349
801,II-VI,M_i_A,S,ZnS,1.27,2.1566493235648077,0.04746298810805003
802,II-VI,M_i_B,S,ZnS,3.19,2.177821438718061,0.0500702660510641
803,II-VI,M_i_neut,S,ZnS,1.72,2.1601098854904563,0.052729195698148185
804,II-VI,M_A,Se,ZnSe,1.67,1.271674649390917,0.044679761938922015
805,II-VI,M_B,Zn,ZnSe,1.65,1.8711474018159737,0.058730142672650296
806,II-VI,M_i_A,Zn,ZnSe,2.44,2.17242126566142,0.03558177808062547
807,II-VI,M_i_B,Zn,ZnSe,2.45,2.180825436342726,0.03577899520196228
808,II-VI,M_i_neut,Zn,ZnSe,2.46,2.1617082145425024,0.03374570300422799
809,II-VI,M_i_A,Se,ZnSe,1.17,1.6394400476049253,0.036496564099162694
810,II-VI,M_i_B,Se,ZnSe,1.26,1.6636407979375623,0.03980357909439955
811,II-VI,M_i_neut,Se,ZnSe,1.54,1.6440930421712896,0.03944621064392786
812,II-VI,M_A,Te,ZnTe,1.6,1.184756150206558,0.05936925159054543
813,II-VI,M_i_A,Zn,ZnTe,1.89,1.7923595707283124,0.04064949496314684
814,II-VI,M_i_B,Zn,ZnTe,1.99,1.8012593284784537,0.04207904174666534
815,II-VI,M_i_neut,Zn,ZnTe,1.95,1.7709479909731207,0.04547826464507159
816,II-VI,M_i_A,Te,ZnTe,1.07,1.5862274052689285,0.04434462203143271
817,II-VI,M_i_B,Te,ZnTe,1.15,1.6181584919469856,0.039746793339525834
818,II-VI,M_i_neut,Te,ZnTe,1.35,1.5794080999103552,0.044739165971002595
819,II-VI,M_B,Cd,CdO,1.94,1.893316946134155,0.046687587136946644
820,II-VI,M_i_A,Cd,CdO,1.85,1.9192068290747681,0.029843755230417785
821,II-VI,M_i_B,Cd,CdO,1.8,1.9175479020357244,0.02743626170534072
822,II-VI,M_i_A,O,CdO,0.55,0.5873325929125027,0.04881504633779622
823,II-VI,M_i_B,O,CdO,0.7,0.590708118054178,0.04636663893965205
824,III-V,M_B,Sr,InN,2.35,2.059400497634486,0.09362174506296314
825,III-V,M_B,B,BP,0.0,1.1545242666566211,0.057188708827549575
826,III-V,M_A,P,BP,1.65,1.4424132909767522,0.1208641794638464
827,III-V,M_i_A,B,BP,1.75,1.566021380346712,0.07492709009612954
828,III-V,M_i_B,B,BP,1.78,1.5690159242773374,0.06912866005436263
829,III-V,M_i_neut,B,BP,1.51,1.5627741782044406,0.07478878954372778
830,III-V,M_i_A,P,BP,1.81,1.677010655145116,0.05747825074088086
831,III-V,M_i_B,P,BP,1.65,1.6790756817303858,0.05904312692808819
832,III-V,M_i_neut,P,BP,1.68,1.675148956620901,0.06097943493953184
833,III-V,M_B,B,BAs,-0.2,0.9306335714746325,0.06888319983052811
834,III-V,M_A,As,BAs,1.54,1.2623704920571464,0.06000122273117912
835,III-V,M_i_A,B,BAs,1.5,1.4158270355043352,0.05251444796795858
836,III-V,M_i_B,B,BAs,1.69,1.4129187420481308,0.057719144688270746
837,III-V,M_i_neut,B,BAs,1.33,1.4133978103544673,0.058025004633619176
838,III-V,M_i_A,As,BAs,1.62,1.5546046892925212,0.04323328972599433
839,III-V,M_i_B,As,BAs,1.49,1.5733479433269661,0.04248029492845159
840,III-V,M_i_neut,As,BAs,1.53,1.5481859085770053,0.0417407911504034
841,III-V,M_B,B,BSb,-0.28,0.22791712137917558,0.07795778399172264
842,III-V,M_A,Sb,BSb,1.23,0.9514590964502438,0.05151208179931411
843,III-V,M_i_A,B,BSb,1.03,0.8910798687376799,0.0548748651253417
844,III-V,M_i_B,B,BSb,1.18,0.9036666403453116,0.048885117716956056
845,III-V,M_i_neut,B,BSb,1.02,0.9026120382925937,0.04474705060789364
846,III-V,M_i_A,Sb,BSb,1.36,1.1872565597416709,0.03319442101382102
847,III-V,M_i_B,Sb,BSb,1.22,1.225144571898618,0.03562343344821471
848,III-V,M_i_neut,Sb,BSb,1.24,1.1746051892534688,0.03490598592031579
849,III-V,M_B,Al,AlP,1.25,1.5506462392983256,0.05297837426593756
850,III-V,M_A,P,AlP,1.91,1.4253135717289283,0.09462269927731909
851,III-V,M_i_A,Al,AlP,2.3,2.017623041588508,0.04284221162774699
852,III-V,M_i_B,Al,AlP,2.21,2.0173325466412075,0.04289271046676477
853,III-V,M_i_neut,Al,AlP,2.1,2.0127848951017575,0.043062452663688966
854,III-V,M_i_A,P,AlP,1.67,1.8825792640477517,0.04487767015668866
855,III-V,M_i_B,P,AlP,1.55,1.8771030324636917,0.04481706437905123
856,III-V,M_i_neut,P,AlP,1.86,1.8793378452181972,0.04129240081093927
857,III-V,M_B,Al,AlAs,0.82,1.2426166434045234,0.06522108896969055
858,III-V,M_A,As,AlAs,1.77,1.3547410087919984,0.08978165580887834
859,III-V,M_i_A,Al,AlAs,2.06,1.7829970155733172,0.038733076568502056
860,III-V,M_i_B,Al,AlAs,1.98,1.7883550448998022,0.03702941050722915
861,III-V,M_i_neut,Al,AlAs,1.88,1.7778987810366822,0.03921464309027288
862,III-V,M_i_A,As,AlAs,1.44,1.7417994239115693,0.048457857605878125
863,III-V,M_i_B,As,AlAs,1.32,1.7521836464449418,0.04401691895394292
864,III-V,M_i_neut,As,AlAs,1.6,1.7373646616515586,0.044214651314740665
865,III-V,M_B,Al,AlSb,0.22,0.8535385776525404,0.10611654319069905
866,III-V,M_A,Sb,AlSb,1.37,1.1578415320746767,0.10061477371946911
867,III-V,M_i_A,Al,AlSb,1.44,1.5410781328357173,0.06959957368720487
868,III-V,M_i_B,Al,AlSb,1.55,1.549618091412885,0.07209073455365066
869,III-V,M_i_neut,Al,AlSb,1.31,1.5343984496399883,0.06530496072316133
870,III-V,M_i_A,Sb,AlSb,1.16,1.560914000961791,0.05895901721038908
871,III-V,M_i_B,Sb,AlSb,1.08,1.597283662580137,0.057936027335027146
872,III-V,M_i_A,Ga,GaN,3.42,3.448323480230413,0.04556987644414125
873,III-V,M_i_B,Ga,GaN,3.55,3.4480794470115397,0.04719433047981969
874,III-V,M_i_neut,Ga,GaN,3.31,3.4263001268438105,0.047081274646370165
875,III-V,M_B,Ga,GaP,0.57,1.4153193333989542,0.05607886801060359
876,III-V,M_A,P,GaP,1.65,1.310493034522701,0.060089920907845026
877,III-V,M_i_A,Ga,GaP,1.93,1.6872617423529177,0.05039535154637509
878,III-V,M_i_B,Ga,GaP,1.99,1.6853109466814555,0.049846224669559215
879,III-V,M_i_neut,Ga,GaP,1.76,1.6785128914991343,0.05448416717442419
880,III-V,M_i_A,P,GaP,1.37,1.5858419923875566,0.053801033645733
881,III-V,M_i_B,P,GaP,1.59,1.5945611045712274,0.053200169379487204
882,III-V,M_i_neut,P,GaP,1.71,1.589383912400409,0.05631830824846482
883,III-V,M_B,Ga,GaAs,0.11,0.7975708403483293,0.04494970487241606
884,III-V,M_A,As,GaAs,1.01,0.9495089119227955,0.03702736770705238
885,III-V,M_i_A,Ga,GaAs,1.37,1.194758247541385,0.035384828508874706
886,III-V,M_i_B,Ga,GaAs,1.41,1.205128908981723,0.03658322955693409
887,III-V,M_i_neut,Ga,GaAs,1.2,1.179493891192412,0.03482638178403811
888,III-V,M_i_A,As,GaAs,0.95,1.1898379660757588,0.02786675959536364
889,III-V,M_i_B,As,GaAs,1.14,1.2159043428349365,0.035983756062987
890,III-V,M_i_neut,As,GaAs,1.19,1.1973258211498403,0.02897661369386398
891,III-V,M_B,Ga,GaSb,-0.11,0.3190048362449103,0.05095319364755433
892,III-V,M_A,Sb,GaSb,0.75,0.794321044764097,0.0360365909349394
893,III-V,M_i_A,Ga,GaSb,0.93,0.8954575071654055,0.02939626017079415
894,III-V,M_i_B,Ga,GaSb,1.02,0.9070104090570187,0.02616007660771479
895,III-V,M_i_neut,Ga,GaSb,0.83,0.8743664396218811,0.028845429938213023
896,III-V,M_i_A,Sb,GaSb,0.81,1.0004077010364774,0.0199551530260447
897,III-V,M_i_B,Sb,GaSb,0.99,1.0364518338527724,0.023875366757307767
898,III-V,M_i_neut,Sb,GaSb,0.95,0.9901169213794437,0.019976774079982624
899,III-V,M_i_A,In,InN,2.16,2.013851017284209,0.032184785049389604
900,III-V,M_i_B,In,InN,2.0,2.0079257409974582,0.04091749559560508
901,III-V,M_i_A,N,InN,1.02,1.4489262278779305,0.06965805020616625
902,III-V,M_i_B,N,InN,1.09,1.4497046620267,0.061244847235715945
903,III-V,M_i_neut,N,InN,1.24,1.4595982484382266,0.06145497165427058
904,III-V,M_B,In,InP,0.72,1.3843710815742867,0.07273018453263928
905,III-V,M_A,P,InP,1.39,0.9087744448701948,0.06723294526133092
906,III-V,M_i_A,In,InP,1.7,1.5635267217159363,0.053745182574521586
907,III-V,M_i_B,In,InP,1.71,1.5610759855356897,0.04448241125393697
908,III-V,M_i_neut,In,InP,1.65,1.5521421023054773,0.0509347745369607
909,III-V,M_i_A,P,InP,1.14,1.3695383785491813,0.06142644168440986
910,III-V,M_i_B,P,InP,1.39,1.3697870069237728,0.06823689981811669
911,III-V,M_i_neut,P,InP,1.53,1.3709502959661355,0.06133373695287331
912,III-V,M_B,In,InAs,0.45,0.8000107401351568,0.058880122996870315
913,III-V,M_A,As,InAs,0.93,0.6504150588960923,0.052616459120412434
914,III-V,M_i_A,In,InAs,1.15,1.1576940074272062,0.031820957948396685
915,III-V,M_i_B,In,InAs,1.16,1.1685001857346877,0.03652352458113895
916,III-V,M_i_neut,In,InAs,1.15,1.1412491606371868,0.03172613701162331
917,III-V,M_i_A,As,InAs,0.9,1.0942716908507624,0.033620596894163024
918,III-V,M_i_B,As,InAs,1.1,1.1099021924025942,0.03332049367697896
919,III-V,M_i_neut,As,InAs,1.08,1.0930258731765061,0.028675091203372156
920,III-V,M_B,In,InSb,0.12,0.295826739334751,0.04838470489782615
921,III-V,M_A,Sb,InSb,0.66,0.5478081021694021,0.051120185020772625
922,III-V,M_i_A,In,InSb,0.93,0.9145324512042061,0.020402913089875945
923,III-V,M_i_B,In,InSb,0.95,0.9385187139517649,0.026469405536808224
924,III-V,M_i_neut,In,InSb,0.93,0.8946742441369853,0.022414617934880084
925,III-V,M_i_A,Sb,InSb,0.8,0.9730687523827235,0.023816537114266213
926,III-V,M_i_B,Sb,InSb,0.94,1.0057244167756978,0.02309488951569692
927,III-V,M_i_neut,Sb,InSb,0.91,0.961356378644491,0.021935443309962548
928,IV-IV,M_i_A,In,SiC,2.91,2.5872981798615027,0.04992559740806486
929,IV-IV,M_i_neut,Br,SiC,2.47,1.7329824292696359,0.08306281267421378
930,IV-IV,M_A,Ba,GeC,1.12,1.9360390655518696,0.0740917706907272
931,IV-IV,M_i_A,Sn,GeC,2.57,2.158610673658015,0.044670631774549024
932,IV-IV,M_i_A,S,GeC,1.63,1.5864448570880374,0.06234894636354371
933,IV-IV,M_i_A,Se,GeC,2.03,1.7283459264631549,0.05243030166879904
934,IV-IV,M_i_neut,Pb,GeC,2.45,2.2271299636984176,0.04806146864297967
935,IV-IV,M_i_A,Se,SnC,1.47,1.377054439466836,0.042962978693075214
936,IV-IV,M_i_A,Si,Si,1.01,0.9638638239058928,0.0319531280691145
937,IV-IV,M_i_neut,Si,Si,0.91,0.9625584016318104,0.03570858064528963
938,IV-IV,M_i_A,Ge,Ge,0.73,0.7144940698447141,0.0281976151296589
939,IV-IV,M_i_neut,Ge,Ge,0.4,0.7089002856936277,0.027607911328129557
940,IV-IV,M_i_A,Sn,Sn,0.52,0.5841578208849882,0.0349263055743459
941,IV-IV,M_A,C,SiC,1.94,1.5147704005979459,0.06564920133870711
942,IV-IV,M_B,Si,SiC,2.23,2.1423798245620715,0.06950410189091885
943,IV-IV,M_i_A,C,SiC,1.91,1.9557937406770936,0.055235576098184455
944,IV-IV,M_i_B,C,SiC,2.32,1.9560236721660424,0.053736662490754546
945,IV-IV,M_i_neut,C,SiC,2.26,1.9561272937374983,0.052902548061730684
946,IV-IV,M_i_A,Si,SiC,2.68,2.3835103194446177,0.03834618136204013
947,IV-IV,M_i_B,Si,SiC,2.44,2.3782347304591887,0.040354747079844114
948,IV-IV,M_i_neut,Si,SiC,2.54,2.376294790246012,0.04184176760496886
949,IV-IV,M_A,C,GeC,1.97,1.0716297705294293,0.0764355148919387
950,IV-IV,M_B,Ge,GeC,2.27,2.0176376839213233,0.054004391925048495
951,IV-IV,M_i_A,C,GeC,1.42,1.5623017325354098,0.0663906414836068
952,IV-IV,M_i_neut,C,GeC,2.21,1.5817054827702846,0.06688934440888683
953,IV-IV,M_i_A,Ge,GeC,2.62,2.062794649091218,0.04930794200971947
954,IV-IV,M_i_B,Ge,GeC,2.55,2.0655030245504884,0.05259629925721333
955,IV-IV,M_i_neut,Ge,GeC,2.29,2.0528117901881453,0.054660089858954077
956,IV-IV,M_A,C,SnC,1.17,0.70891064410975,0.08296620123753631
957,IV-IV,M_B,Sn,SnC,1.73,1.9127436239821969,0.043614873420618795
958,IV-IV,M_i_A,C,SnC,0.84,1.2033609495956203,0.05876444525027622
959,IV-IV,M_i_neut,C,SnC,1.76,1.2185474187064342,0.055714307725281194
960,IV-IV,M_i_B,Sn,SnC,2.0,1.8017380531112324,0.03651125585296801
961,IV-IV,M_i_neut,Sn,SnC,1.88,1.794341498560393,0.034711139229266885
962,IV-IV,M_A,Ge,SiGe,0.76,0.4970429591957416,0.04434783960077168
963,IV-IV,M_B,Si,SiGe,0.74,0.5291589106242797,0.03896536386343995
964,IV-IV,M_i_A,Ge,SiGe,1.01,0.9094510649574229,0.020941726831561508
965,IV-IV,M_i_neut,Ge,SiGe,0.86,0.9051194779341547,0.01972955729598062
966,IV-IV,M_i_A,Si,SiGe,0.93,0.8589577808939083,0.026244704519246147
967,IV-IV,M_i_B,Si,SiGe,0.91,0.8628082248165573,0.02664239585014938
968,IV-IV,M_A,Sn,SiSn,0.66,0.489870091422265,0.035281808677064534
969,IV-IV,M_B,Si,SiSn,0.52,0.2126555969898293,0.04634378388274057
970,IV-IV,M_i_A,Sn,SiSn,0.97,0.8738431932777324,0.02496687402283332
971,IV-IV,M_i_B,Sn,SiSn,0.98,0.9120613328720198,0.028490355394756296
972,IV-IV,M_i_neut,Sn,SiSn,0.72,0.8583864527714897,0.0223141530414247
973,IV-IV,M_i_A,Si,SiSn,0.75,0.7813772017407867,0.03163986199208898
974,IV-IV,M_i_B,Si,SiSn,0.86,0.795262868175137,0.0284195400756721
975,IV-IV,M_i_neut,Si,SiSn,0.65,0.7771069669552342,0.030870282237332715
976,IV-IV,M_A,Sn,GeSn,0.24,0.3105688823269358,0.04861362734518965
977,IV-IV,M_i_A,Sn,GeSn,0.73,0.7550161331288676,0.027011018181726177
978,IV-IV,M_i_B,Sn,GeSn,0.79,0.789564919927973,0.029272257553582776
979,IV-IV,M_i_neut,Sn,GeSn,0.5,0.7450254817702019,0.025732952027716846
980,IV-IV,M_i_A,Ge,GeSn,0.65,0.6983235782951155,0.02305714565511041
981,IV-IV,M_i_B,Ge,GeSn,0.68,0.7230765727354466,0.028591183324216108
982,IV-IV,M_i_neut,Ge,GeSn,0.39,0.6919143523929605,0.022275203584702245
